city,modality,product_type,n_files,size_mb
Avdiivka,CARD,flat,130,470.5328416824341
Avdiivka,CARD,temporal_stats,32,70.7948989868164
Avdiivka,COH,flat,126,845.5303936004639
Avdiivka,COH,temporal_stats,6,26.59689235687256
Avdiivka,MASK,building_labels,1,0.20014476776123047
Avdiivka,MASK,damage_mask,1,0.04282379150390625
Avdiivka,MS,cloud_mask,28,0.10339546203613281
Avdiivka,MS,composite,48,151.52637100219727
Avdiivka,MS,fire_visibility,28,0.4279756546020508
Avdiivka,MS,flat,364,284.41380882263184
Avdiivka,MS,nbr,28,23.96470069885254
Avdiivka,MS,qa_layer,6,0.1791372299194336
Avdiivka,MS,rgb,28,75.99567985534668
Avdiivka,UNKNOWN,UNKNOWN,30,55.20826053619385
Borodyanka,CARD,block_stats,32,655.2345266342163
Borodyanka,CARD,flat,20,581.8605670928955
Borodyanka,CARD,rolling,24,689.8241472244263
Borodyanka,CARD,rolling_stats,16,1.548898696899414
Borodyanka,CARD,temporal_stats,32,559.7634725570679
Borodyanka,COH,flat,18,1049.0673789978027
Borodyanka,COH,rolling,10,568.0769529342651
Borodyanka,COH,temporal_stats,12,517.5914516448975
Borodyanka,COH,zscore,9,570.3883724212646
Borodyanka,MASK,building_labels,1,0.9361286163330078
Borodyanka,MASK,damage_mask,1,0.26340389251708984
Borodyanka,UNKNOWN,UNKNOWN,13,270.62665462493896
Bucha,CARD,block_stats,32,39.48579692840576
Bucha,CARD,flat,18,37.001797676086426
Bucha,CARD,rolling,20,40.779770851135254
Bucha,CARD,rolling_stats,16,0.17901229858398438
Bucha,CARD,temporal_stats,32,39.428412437438965
Bucha,COH,flat,16,63.89784622192383
Bucha,COH,rolling,8,31.219182014465332
Bucha,COH,temporal_stats,12,35.816534996032715
Bucha,COH,zscore,8,34.614749908447266
Bucha,MASK,building_labels,1,0.23749542236328125
Bucha,MASK,damage_mask,1,0.04096221923828125
Bucha,MS,cloud_mask,13,0.0419921875
Bucha,MS,composite,48,84.47898578643799
Bucha,MS,fire_visibility,13,0.2619791030883789
Bucha,MS,flat,169,82.26287269592285
Bucha,MS,nbr,13,6.289268493652344
Bucha,MS,qa_layer,6,0.060708045959472656
Bucha,MS,rgb,13,20.23597526550293
Bucha,UNKNOWN,UNKNOWN,30,28.532885551452637
Chernihiv,CARD,block_stats,32,119.37691307067871
Chernihiv,CARD,flat,20,104.20703125
Chernihiv,CARD,rolling,24,128.85153198242188
Chernihiv,CARD,rolling_stats,16,0.5062274932861328
Chernihiv,CARD,temporal_stats,32,102.52560329437256
Chernihiv,COH,flat,2,21.9390926361084
Chernihiv,MASK,building_labels,1,0.8381032943725586
Chernihiv,MASK,damage_mask,1,0.1165456771850586
Chernihiv,MS,cloud_mask,11,0.09150409698486328
Chernihiv,MS,composite,48,217.16783332824707
Chernihiv,MS,fire_visibility,11,0.5045909881591797
Chernihiv,MS,flat,143,194.15110206604004
Chernihiv,MS,nbr,11,15.116579055786133
Chernihiv,MS,qa_layer,6,0.18851470947265625
Chernihiv,MS,rgb,11,47.135247230529785
Chernihiv,UNKNOWN,UNKNOWN,23,76.58787822723389
Chornobaivka,CARD,block_stats,80,211.21556758880615
Chornobaivka,CARD,flat,56,315.38495922088623
Chornobaivka,CARD,rolling,128,620.9587831497192
Chornobaivka,CARD,rolling_stats,16,0.48862266540527344
Chornobaivka,CARD,temporal_stats,32,91.31770992279053
Chornobaivka,COH,flat,20,178.0076198577881
Chornobaivka,COH,rolling,12,105.79501342773438
Chornobaivka,COH,temporal_stats,6,44.828481674194336
Chornobaivka,MASK,building_labels,1,0.44684791564941406
Chornobaivka,MASK,damage_mask,1,0.07790851593017578
Chornobaivka,MS,cloud_mask,19,0.07457351684570312
Chornobaivka,MS,composite,48,230.43613147735596
Chornobaivka,MS,fire_visibility,19,0.28253936767578125
Chornobaivka,MS,flat,247,302.06519317626953
Chornobaivka,MS,nbr,19,27.27960968017578
Chornobaivka,MS,qa_layer,6,0.0765228271484375
Chornobaivka,MS,rgb,19,81.39765453338623
Chornobaivka,UNKNOWN,UNKNOWN,23,69.63209629058838
Dmytrivka,CARD,block_stats,32,39.48579692840576
Dmytrivka,CARD,flat,18,37.001797676086426
Dmytrivka,CARD,rolling,20,40.779770851135254
Dmytrivka,CARD,rolling_stats,16,0.17901229858398438
Dmytrivka,CARD,temporal_stats,32,39.428412437438965
Dmytrivka,COH,flat,14,277.2911148071289
Dmytrivka,COH,rolling,6,116.1392593383789
Dmytrivka,COH,temporal_stats,12,176.97975635528564
Dmytrivka,COH,zscore,7,150.3434820175171
Dmytrivka,MASK,building_labels,1,0.3693981170654297
Dmytrivka,MASK,damage_mask,1,0.08622550964355469
Dmytrivka,MS,cloud_mask,11,0.1533031463623047
Dmytrivka,MS,composite,32,288.4458866119385
Dmytrivka,MS,fire_visibility,11,1.2789936065673828
Dmytrivka,MS,flat,143,335.4702272415161
Dmytrivka,MS,nbr,11,23.751066207885742
Dmytrivka,MS,qa_layer,5,0.34561729431152344
Dmytrivka,MS,rgb,11,80.42301177978516
Dmytrivka,UNKNOWN,UNKNOWN,30,55.39381217956543
Hostomel,CARD,block_stats,32,80.82577610015869
Hostomel,CARD,flat,20,71.95282459259033
Hostomel,CARD,rolling,24,85.61791896820068
Hostomel,CARD,rolling_stats,16,0.41875267028808594
Hostomel,CARD,temporal_stats,32,69.21250534057617
Hostomel,COH,flat,18,56.22122383117676
Hostomel,COH,rolling,10,30.67078971862793
Hostomel,COH,temporal_stats,12,27.725217819213867
Hostomel,COH,zscore,9,30.4024076461792
Hostomel,MASK,building_labels,1,0.2858428955078125
Hostomel,MASK,damage_mask,1,0.055877685546875
Hostomel,MS,cloud_mask,10,0.028717994689941406
Hostomel,MS,composite,48,135.9686336517334
Hostomel,MS,fire_visibility,10,0.1988544464111328
Hostomel,MS,flat,130,104.86831665039062
Hostomel,MS,nbr,10,8.279884338378906
Hostomel,MS,qa_layer,6,0.053531646728515625
Hostomel,MS,rgb,10,27.54257583618164
Hostomel,UNKNOWN,UNKNOWN,30,50.73622989654541
Irpin,CARD,block_stats,32,60.28011417388916
Irpin,CARD,flat,20,53.711058616638184
Irpin,CARD,rolling,24,63.78207778930664
Irpin,CARD,rolling_stats,16,0.23903656005859375
Irpin,CARD,temporal_stats,32,51.6371488571167
Irpin,COH,flat,18,58.46685600280762
Irpin,COH,rolling,10,31.908997535705566
Irpin,COH,temporal_stats,12,28.9932279586792
Irpin,COH,zscore,9,31.713529586791992
Irpin,MASK,building_labels,1,0.25590991973876953
Irpin,MASK,damage_mask,1,0.045291900634765625
Irpin,MS,cloud_mask,9,0.027541160583496094
Irpin,MS,composite,32,80.13989639282227
Irpin,MS,fire_visibility,9,0.23467731475830078
Irpin,MS,flat,117,73.31149959564209
Irpin,MS,nbr,9,4.89008903503418
Irpin,MS,qa_layer,5,0.053554534912109375
Irpin,MS,rgb,9,18.283592224121094
Irpin,UNKNOWN,UNKNOWN,30,39.158103942871094
Kharkiv,CARD,block_stats,64,836.322434425354
Kharkiv,CARD,flat,48,963.6747074127197
Kharkiv,CARD,rolling,104,2066.2909049987793
Kharkiv,CARD,rolling_stats,16,1.1948738098144531
Kharkiv,CARD,temporal_stats,32,384.8324966430664
Kharkiv,MASK,building_labels,1,3.3946266174316406
Kharkiv,MASK,damage_mask,1,0.4589090347290039
Kharkiv,MS,cloud_mask,15,0.25591278076171875
Kharkiv,MS,composite,48,817.275297164917
Kharkiv,MS,fire_visibility,15,1.7856473922729492
Kharkiv,MS,flat,195,912.1201314926147
Kharkiv,MS,nbr,15,77.73509407043457
Kharkiv,MS,qa_layer,6,0.4443674087524414
Kharkiv,MS,rgb,15,230.92509365081787
Kharkiv,UNKNOWN,UNKNOWN,23,257.74079418182373
Kherson,CARD,block_stats,64,264.8526258468628
Kherson,CARD,flat,56,326.62774658203125
Kherson,CARD,rolling,128,739.6773672103882
Kherson,CARD,rolling_stats,16,0.5492496490478516
Kherson,CARD,temporal_stats,32,113.11310291290283
Kherson,COH,flat,20,178.0076198577881
Kherson,COH,rolling,12,105.79501342773438
Kherson,COH,temporal_stats,6,44.828481674194336
Kherson,MASK,building_labels,1,0.44684791564941406
Kherson,MASK,damage_mask,1,0.07790851593017578
Kherson,MS,cloud_mask,19,0.07457351684570312
Kherson,MS,composite,48,224.86774921417236
Kherson,MS,fire_visibility,19,0.28253936767578125
Kherson,MS,flat,247,302.06519317626953
Kherson,MS,nbr,19,27.27960968017578
Kherson,MS,qa_layer,6,0.08269500732421875
Kherson,MS,rgb,19,81.39765453338623
Kherson,UNKNOWN,UNKNOWN,23,69.74527645111084
Kramatorsk,CARD,block_stats,272,1298.4303846359253
Kramatorsk,CARD,flat,250,1704.8313465118408
Kramatorsk,CARD,rolling,710,4720.292482376099
Kramatorsk,CARD,rolling_stats,32,54.65599346160889
Kramatorsk,CARD,temporal_stats,32,152.41057586669922
Kramatorsk,COH,flat,104,1324.7368927001953
Kramatorsk,COH,rolling,136,1683.0748090744019
Kramatorsk,COH,temporal_stats,6,61.7003059387207
Kramatorsk,MASK,building_labels,1,0.7535839080810547
Kramatorsk,MASK,damage_mask,1,0.1223897933959961
Kramatorsk,MS,cloud_mask,81,0.35758018493652344
Kramatorsk,MS,composite,48,286.7617835998535
Kramatorsk,MS,fire_visibility,81,1.717982292175293
Kramatorsk,MS,flat,1053,1520.9361057281494
Kramatorsk,MS,nbr,81,136.0199327468872
Kramatorsk,MS,qa_layer,5,0.13970565795898438
Kramatorsk,MS,rgb,81,421.53596782684326
Kramatorsk,UNKNOWN,UNKNOWN,23,83.29157447814941
Lysychansk,CARD,block_stats,32,127.13823699951172
Lysychansk,CARD,flat,16,104.84214401245117
Lysychansk,CARD,rolling,16,104.10289287567139
Lysychansk,CARD,rolling_stats,16,0.6287479400634766
Lysychansk,CARD,temporal_stats,32,127.221022605896
Lysychansk,COH,flat,10,61.26837348937988
Lysychansk,COH,rolling,3,18.01094341278076
Lysychansk,COH,temporal_stats,12,54.390146255493164
Lysychansk,COH,zscore,5,32.74245738983154
Lysychansk,MASK,building_labels,1,0.6710290908813477
Lysychansk,MASK,damage_mask,1,0.11481285095214844
Lysychansk,MS,cloud_mask,14,0.0902252197265625
Lysychansk,MS,composite,48,275.956805229187
Lysychansk,MS,fire_visibility,14,0.40585899353027344
Lysychansk,MS,flat,182,271.2962656021118
Lysychansk,MS,nbr,14,22.611942291259766
Lysychansk,MS,qa_layer,6,0.2139453887939453
Lysychansk,MS,rgb,14,69.30373668670654
Lysychansk,UNKNOWN,UNKNOWN,30,86.61482238769531
Makariv,CARD,block_stats,32,52.50162887573242
Makariv,CARD,flat,18,48.74694538116455
Makariv,CARD,rolling,20,53.5784330368042
Makariv,CARD,rolling_stats,16,0.3247814178466797
Makariv,CARD,temporal_stats,32,52.61921787261963
Makariv,MASK,building_labels,1,0.12446117401123047
Makariv,MASK,damage_mask,1,0.027805328369140625
Makariv,MS,cloud_mask,11,0.03162956237792969
Makariv,MS,composite,32,65.96261978149414
Makariv,MS,fire_visibility,11,0.19083213806152344
Makariv,MS,flat,143,87.18786430358887
Makariv,MS,nbr,11,6.592792510986328
Makariv,MS,qa_layer,5,0.04456329345703125
Makariv,MS,rgb,11,21.38877296447754
Makariv,UNKNOWN,UNKNOWN,23,31.633830070495605
Mariupol,CARD,block_stats,48,468.8997211456299
Mariupol,CARD,flat,28,578.1708822250366
Mariupol,CARD,rolling,44,895.1369972229004
Mariupol,CARD,rolling_stats,16,1.2330169677734375
Mariupol,CARD,temporal_stats,32,398.775239944458
Mariupol,COH,flat,14,399.53882026672363
Mariupol,COH,rolling,6,167.45794200897217
Mariupol,COH,temporal_stats,12,254.6368932723999
Mariupol,COH,zscore,7,216.1264533996582
Mariupol,MASK,building_labels,1,1.7864608764648438
Mariupol,MASK,damage_mask,1,0.29726505279541016
Mariupol,MS,cloud_mask,12,0.18573379516601562
Mariupol,MS,composite,48,770.0347509384155
Mariupol,MS,fire_visibility,12,0.658421516418457
Mariupol,MS,flat,156,649.600269317627
Mariupol,MS,nbr,12,59.04825496673584
Mariupol,MS,qa_layer,6,0.4977455139160156
Mariupol,MS,rgb,12,180.2664976119995
Mariupol,UNKNOWN,UNKNOWN,30,263.0024404525757
Moschun,CARD,block_stats,32,210.03214168548584
Moschun,CARD,flat,20,184.70680713653564
Moschun,CARD,rolling,24,218.69383144378662
Moschun,CARD,rolling_stats,16,0.7931461334228516
Moschun,CARD,temporal_stats,32,179.6015386581421
Moschun,COH,flat,18,335.0934143066406
Moschun,COH,rolling,10,181.5793800354004
Moschun,COH,temporal_stats,12,165.62137126922607
Moschun,COH,zscore,9,182.05425357818604
Moschun,MASK,building_labels,1,0.4500417709350586
Moschun,MASK,damage_mask,1,0.09192466735839844
Moschun,MS,cloud_mask,10,0.06829357147216797
Moschun,MS,composite,48,366.1352014541626
Moschun,MS,fire_visibility,10,0.761383056640625
Moschun,MS,flat,130,267.7173442840576
Moschun,MS,nbr,10,22.041025161743164
Moschun,MS,qa_layer,6,0.13994216918945312
Moschun,MS,rgb,10,69.94516944885254
Moschun,UNKNOWN,UNKNOWN,30,123.91851043701172
Mykolaiv,CARD,block_stats,32,105.8528699874878
Mykolaiv,CARD,flat,24,107.69721221923828
Mykolaiv,CARD,rolling,32,216.06935024261475
Mykolaiv,CARD,rolling_stats,16,1.1275634765625
Mykolaiv,CARD,temporal_stats,32,130.67448234558105
Mykolaiv,COH,flat,2,47.76005935668945
Mykolaiv,MASK,building_labels,1,1.7332754135131836
Mykolaiv,MASK,damage_mask,1,0.25696849822998047
Mykolaiv,UNKNOWN,UNKNOWN,6,45.49753952026367
Okhtyrka,CARD,block_stats,32,62.98622512817383
Okhtyrka,CARD,flat,20,55.66765213012695
Okhtyrka,CARD,rolling,24,66.06308937072754
Okhtyrka,CARD,rolling_stats,16,0.24316024780273438
Okhtyrka,CARD,temporal_stats,32,53.955498695373535
Okhtyrka,COH,flat,18,95.29663848876953
Okhtyrka,COH,rolling,10,51.592753410339355
Okhtyrka,COH,temporal_stats,12,47.31543254852295
Okhtyrka,COH,zscore,9,51.7330904006958
Okhtyrka,MASK,building_labels,1,0.2955799102783203
Okhtyrka,MASK,damage_mask,1,0.046680450439453125
Okhtyrka,MS,cloud_mask,14,0.030160903930664062
Okhtyrka,MS,composite,48,108.39306926727295
Okhtyrka,MS,fire_visibility,14,0.1686697006225586
Okhtyrka,MS,flat,182,107.9471206665039
Okhtyrka,MS,nbr,14,9.603612899780273
Okhtyrka,MS,qa_layer,6,0.03237342834472656
Okhtyrka,MS,rgb,14,29.48469638824463
Okhtyrka,UNKNOWN,UNKNOWN,30,40.09741020202637
Rubizhne,CARD,block_stats,32,83.24768352508545
Rubizhne,CARD,flat,26,94.96651554107666
Rubizhne,CARD,rolling,38,137.37441444396973
Rubizhne,CARD,rolling_stats,16,0.3992176055908203
Rubizhne,CARD,temporal_stats,32,71.10335063934326
Rubizhne,COH,flat,10,68.17933654785156
Rubizhne,COH,rolling,3,19.947548866271973
Rubizhne,COH,temporal_stats,6,33.71569633483887
Rubizhne,MASK,building_labels,1,0.24070262908935547
Rubizhne,MASK,damage_mask,1,0.048999786376953125
Rubizhne,MS,cloud_mask,13,0.04134559631347656
Rubizhne,MS,composite,48,152.49365329742432
Rubizhne,MS,fire_visibility,13,0.1869659423828125
Rubizhne,MS,flat,169,133.01516246795654
Rubizhne,MS,nbr,13,11.503551483154297
Rubizhne,MS,qa_layer,6,0.06635856628417969
Rubizhne,MS,rgb,13,36.115010261535645
Rubizhne,UNKNOWN,UNKNOWN,23,49.64116191864014
Sievierodonetsk,CARD,block_stats,32,62.40128135681152
Sievierodonetsk,CARD,flat,24,65.80108261108398
Sievierodonetsk,CARD,rolling,32,86.92268085479736
Sievierodonetsk,CARD,rolling_stats,16,0.3010425567626953
Sievierodonetsk,CARD,temporal_stats,32,53.31174373626709
Sievierodonetsk,COH,flat,12,61.177358627319336
Sievierodonetsk,COH,rolling,4,19.913826942443848
Sievierodonetsk,COH,temporal_stats,6,20.277496337890625
Sievierodonetsk,COH,zscore,6,33.00461769104004
Sievierodonetsk,MASK,building_labels,1,0.2544565200805664
Sievierodonetsk,MASK,damage_mask,1,0.04947853088378906
Sievierodonetsk,MS,cloud_mask,15,0.03965187072753906
Sievierodonetsk,MS,composite,48,112.45173072814941
Sievierodonetsk,MS,fire_visibility,15,0.17929840087890625
Sievierodonetsk,MS,flat,195,116.70711898803711
Sievierodonetsk,MS,nbr,15,10.081016540527344
Sievierodonetsk,MS,qa_layer,6,0.07787704467773438
Sievierodonetsk,MS,rgb,15,31.03710651397705
Sievierodonetsk,UNKNOWN,UNKNOWN,30,37.572486877441406
Trostianets,CARD,block_stats,32,40.90721321105957
Trostianets,CARD,flat,18,39.030160903930664
Trostianets,CARD,rolling,20,42.954837799072266
Trostianets,CARD,rolling_stats,16,0.4159088134765625
Trostianets,CARD,temporal_stats,32,41.020301818847656
Trostianets,MASK,building_labels,1,0.2030954360961914
Trostianets,MASK,damage_mask,1,0.04081439971923828
Trostianets,MS,cloud_mask,11,0.02970409393310547
Trostianets,MS,composite,48,153.28228092193604
Trostianets,MS,fire_visibility,11,0.2433910369873047
Trostianets,MS,flat,143,109.5364637374878
Trostianets,MS,nbr,11,8.05551815032959
Trostianets,MS,qa_layer,6,0.059619903564453125
Trostianets,MS,rgb,11,27.293804168701172
Trostianets,UNKNOWN,UNKNOWN,23,38.63891410827637
Volnovakha,CARD,block_stats,32,39.447998046875
Volnovakha,CARD,flat,16,32.49563217163086
Volnovakha,CARD,rolling,16,32.0819730758667
Volnovakha,CARD,rolling_stats,16,0.18211936950683594
Volnovakha,CARD,temporal_stats,32,39.46994495391846
Volnovakha,COH,flat,14,52.56259727478027
Volnovakha,COH,rolling,6,21.944507598876953
Volnovakha,COH,temporal_stats,12,33.742207527160645
Volnovakha,COH,zscore,7,28.478225708007812
Volnovakha,MASK,building_labels,1,0.16754627227783203
Volnovakha,MASK,damage_mask,1,0.02964305877685547
Volnovakha,MS,cloud_mask,12,0.033066749572753906
Volnovakha,MS,composite,48,82.03929138183594
Volnovakha,MS,fire_visibility,12,0.12761306762695312
Volnovakha,MS,flat,156,69.24419021606445
Volnovakha,MS,nbr,12,5.876226425170898
Volnovakha,MS,qa_layer,5,0.07358264923095703
Volnovakha,MS,rgb,12,18.102312088012695
Volnovakha,UNKNOWN,UNKNOWN,26,29.594815254211426
