feature,city,auc,source
s1__coh__date_first_drop_max,Avdiivka,0.6388151914016118,coh_drop
s1__coh__date_first_drop_mean,Avdiivka,0.5837907296593429,coh_drop
s1__coh__date_first_drop_std,Avdiivka,0.6383547829167217,coh_drop
s1__coh__date_worst_drop_max,Avdiivka,0.5754726529107395,coh_drop
s1__coh__date_worst_drop_mean,Avdiivka,0.5158698602779982,coh_drop
s1__coh__date_worst_drop_std,Avdiivka,0.6206225048028873,coh_drop
s1__coh__drop_count_max,Avdiivka,0.5512137795425014,coh_drop
s1__coh__drop_count_mean,Avdiivka,0.533415083325351,coh_drop
s1__coh__drop_count_std,Avdiivka,0.5218727917110206,coh_drop
s1__coh__lu_transition_mode,Avdiivka,0.5000379532018948,coh_drop
s1__coh__max_drop_max,Avdiivka,0.5587497492377732,coh_drop
s1__coh__max_drop_mean,Avdiivka,0.5558517511788084,coh_drop
s1__coh__max_drop_std,Avdiivka,0.5711848447442949,coh_drop
s1__coh__running_min_max,Avdiivka,0.5582400919551863,coh_drop
s1__coh__running_min_mean,Avdiivka,0.5225161888479034,coh_drop
s1__coh__running_min_std,Avdiivka,0.5970644101982061,coh_drop
s1__coh__scenes_observed_max,Avdiivka,0.5071175808267654,coh_drop
s1__coh__scenes_observed_mean,Avdiivka,0.582114463242324,coh_drop
s1__coh__scenes_observed_std,Avdiivka,0.5835874089349066,coh_drop
was_observed_cohdrop,Avdiivka,0.657685161924625,coh_drop
s1__coh__date_first_drop_max,Bucha,0.5003810752183855,coh_drop
s1__coh__date_first_drop_mean,Bucha,0.5003224482617108,coh_drop
s1__coh__date_first_drop_std,Bucha,0.5001465673916867,coh_drop
s1__coh__date_worst_drop_max,Bucha,0.5044059271111085,coh_drop
s1__coh__date_worst_drop_mean,Bucha,0.501593688474163,coh_drop
s1__coh__date_worst_drop_std,Bucha,0.5013669728379083,coh_drop
s1__coh__drop_count_max,Bucha,0.5002345078266988,coh_drop
s1__coh__drop_count_mean,Bucha,0.5001465673916867,coh_drop
s1__coh__drop_count_std,Bucha,0.5002931347833734,coh_drop
s1__coh__lu_transition_mode,Bucha,0.5000293134783373,coh_drop
s1__coh__max_drop_max,Bucha,0.5030107539649263,coh_drop
s1__coh__max_drop_mean,Bucha,0.5032942412744164,coh_drop
s1__coh__max_drop_std,Bucha,0.5024371003255652,coh_drop
s1__coh__running_min_max,Bucha,0.507454157801504,coh_drop
s1__coh__running_min_mean,Bucha,0.507795901010981,coh_drop
s1__coh__running_min_std,Bucha,0.5089087000177365,coh_drop
s1__coh__scenes_observed_max,Bucha,0.50553468155544,coh_drop
s1__coh__scenes_observed_mean,Bucha,0.5055291157051227,coh_drop
s1__coh__scenes_observed_std,Bucha,0.5003810752183855,coh_drop
was_observed_cohdrop,Bucha,0.5007328369584335,coh_drop
s1__coh__date_first_drop_max,Chernihiv,0.5,coh_drop
s1__coh__date_first_drop_mean,Chernihiv,0.5,coh_drop
s1__coh__date_first_drop_std,Chernihiv,0.5,coh_drop
s1__coh__date_worst_drop_max,Chernihiv,0.5,coh_drop
s1__coh__date_worst_drop_mean,Chernihiv,0.5,coh_drop
s1__coh__date_worst_drop_std,Chernihiv,0.5,coh_drop
s1__coh__drop_count_max,Chernihiv,0.5,coh_drop
s1__coh__drop_count_mean,Chernihiv,0.5,coh_drop
s1__coh__drop_count_std,Chernihiv,0.5,coh_drop
s1__coh__lu_transition_mode,Chernihiv,0.5,coh_drop
s1__coh__max_drop_max,Chernihiv,0.5,coh_drop
s1__coh__max_drop_mean,Chernihiv,0.5,coh_drop
s1__coh__max_drop_std,Chernihiv,0.5,coh_drop
s1__coh__running_min_max,Chernihiv,0.5,coh_drop
s1__coh__running_min_mean,Chernihiv,0.5,coh_drop
s1__coh__running_min_std,Chernihiv,0.5,coh_drop
s1__coh__scenes_observed_max,Chernihiv,0.5,coh_drop
s1__coh__scenes_observed_mean,Chernihiv,0.5,coh_drop
s1__coh__scenes_observed_std,Chernihiv,0.5,coh_drop
was_observed_cohdrop,Chernihiv,0.5,coh_drop
s1__coh__date_first_drop_max,Chornobaivka,0.5,coh_drop
s1__coh__date_first_drop_mean,Chornobaivka,0.5,coh_drop
s1__coh__date_first_drop_std,Chornobaivka,0.5,coh_drop
s1__coh__date_worst_drop_max,Chornobaivka,0.5,coh_drop
s1__coh__date_worst_drop_mean,Chornobaivka,0.5,coh_drop
s1__coh__date_worst_drop_std,Chornobaivka,0.5,coh_drop
s1__coh__drop_count_max,Chornobaivka,0.5,coh_drop
s1__coh__drop_count_mean,Chornobaivka,0.5,coh_drop
s1__coh__drop_count_std,Chornobaivka,0.5,coh_drop
s1__coh__lu_transition_mode,Chornobaivka,0.5,coh_drop
s1__coh__max_drop_max,Chornobaivka,0.5,coh_drop
s1__coh__max_drop_mean,Chornobaivka,0.5,coh_drop
s1__coh__max_drop_std,Chornobaivka,0.5,coh_drop
s1__coh__running_min_max,Chornobaivka,0.5,coh_drop
s1__coh__running_min_mean,Chornobaivka,0.5,coh_drop
s1__coh__running_min_std,Chornobaivka,0.5,coh_drop
s1__coh__scenes_observed_max,Chornobaivka,0.5,coh_drop
s1__coh__scenes_observed_mean,Chornobaivka,0.5,coh_drop
s1__coh__scenes_observed_std,Chornobaivka,0.5,coh_drop
was_observed_cohdrop,Chornobaivka,0.5,coh_drop
s1__coh__date_first_drop_max,Dmytrivka,0.5002221399481673,coh_drop
s1__coh__date_first_drop_mean,Dmytrivka,0.5002961865975565,coh_drop
s1__coh__date_first_drop_std,Dmytrivka,0.5,coh_drop
s1__coh__date_worst_drop_max,Dmytrivka,0.5021473528322843,coh_drop
s1__coh__date_worst_drop_mean,Dmytrivka,0.5014068863383933,coh_drop
s1__coh__date_worst_drop_std,Dmytrivka,0.5003702332469455,coh_drop
s1__coh__drop_count_max,Dmytrivka,0.5,coh_drop
s1__coh__drop_count_mean,Dmytrivka,0.5002221399481673,coh_drop
s1__coh__drop_count_std,Dmytrivka,0.5,coh_drop
s1__coh__lu_transition_mode,Dmytrivka,0.5000740466493891,coh_drop
s1__coh__max_drop_max,Dmytrivka,0.500592373195113,coh_drop
s1__coh__max_drop_mean,Dmytrivka,0.5009626064420585,coh_drop
s1__coh__max_drop_std,Dmytrivka,0.5005183265457238,coh_drop
s1__coh__running_min_max,Dmytrivka,0.5014068863383931,coh_drop
s1__coh__running_min_mean,Dmytrivka,0.5014809329877823,coh_drop
s1__coh__running_min_std,Dmytrivka,0.5011106997408368,coh_drop
s1__coh__scenes_observed_max,Dmytrivka,0.5021473528322844,coh_drop
s1__coh__scenes_observed_mean,Dmytrivka,0.5021473528322843,coh_drop
s1__coh__scenes_observed_std,Dmytrivka,0.5001480932987783,coh_drop
was_observed_cohdrop,Dmytrivka,0.5003702332469455,coh_drop
s1__coh__date_first_drop_max,Hostomel,0.5002198598735934,coh_drop
s1__coh__date_first_drop_mean,Hostomel,0.5001296999970805,coh_drop
s1__coh__date_first_drop_std,Hostomel,0.5019311646933714,coh_drop
s1__coh__date_worst_drop_max,Hostomel,0.5026736052839464,coh_drop
s1__coh__date_worst_drop_mean,Hostomel,0.5025297800645118,coh_drop
s1__coh__date_worst_drop_std,Hostomel,0.5071146487062451,coh_drop
s1__coh__drop_count_max,Hostomel,0.5090070084207329,coh_drop
s1__coh__drop_count_mean,Hostomel,0.5022846103129456,coh_drop
s1__coh__drop_count_std,Hostomel,0.5082623098949861,coh_drop
s1__coh__lu_transition_mode,Hostomel,0.5028861137407011,coh_drop
s1__coh__max_drop_max,Hostomel,0.5109851696717507,coh_drop
s1__coh__max_drop_mean,Hostomel,0.51003956742583,coh_drop
s1__coh__max_drop_std,Hostomel,0.5035881740487844,coh_drop
s1__coh__running_min_max,Hostomel,0.5016596873715471,coh_drop
s1__coh__running_min_mean,Hostomel,0.5125537519846199,coh_drop
s1__coh__running_min_std,Hostomel,0.5074271889421248,coh_drop
s1__coh__scenes_observed_max,Hostomel,0.5008586454867446,coh_drop
s1__coh__scenes_observed_mean,Hostomel,0.5033160140953966,coh_drop
s1__coh__scenes_observed_std,Hostomel,0.5029632511073859,coh_drop
was_observed_cohdrop,Hostomel,0.5103945358388922,coh_drop
s1__coh__date_first_drop_max,Irpin,0.5073425273892954,coh_drop
s1__coh__date_first_drop_mean,Irpin,0.5056916143189256,coh_drop
s1__coh__date_first_drop_std,Irpin,0.5195625925060373,coh_drop
s1__coh__date_worst_drop_max,Irpin,0.5208780905346087,coh_drop
s1__coh__date_worst_drop_mean,Irpin,0.5190246848576825,coh_drop
s1__coh__date_worst_drop_std,Irpin,0.5263613462966144,coh_drop
s1__coh__drop_count_max,Irpin,0.5107134544253198,coh_drop
s1__coh__drop_count_mean,Irpin,0.5013867106659871,coh_drop
s1__coh__drop_count_std,Irpin,0.5100156409700499,coh_drop
s1__coh__lu_transition_mode,Irpin,0.5083786888615457,coh_drop
s1__coh__max_drop_max,Irpin,0.5180496465882225,coh_drop
s1__coh__max_drop_mean,Irpin,0.5066626637421384,coh_drop
s1__coh__max_drop_std,Irpin,0.5181076021778163,coh_drop
s1__coh__running_min_max,Irpin,0.5292794219645585,coh_drop
s1__coh__running_min_mean,Irpin,0.5178300254066043,coh_drop
s1__coh__running_min_std,Irpin,0.531178347416307,coh_drop
s1__coh__scenes_observed_max,Irpin,0.5031687863864902,coh_drop
s1__coh__scenes_observed_mean,Irpin,0.5091160388222673,coh_drop
s1__coh__scenes_observed_std,Irpin,0.5072376441967918,coh_drop
was_observed_cohdrop,Irpin,0.5280666953863598,coh_drop
s1__coh__date_first_drop_max,Kharkiv,0.5,coh_drop
s1__coh__date_first_drop_mean,Kharkiv,0.5,coh_drop
s1__coh__date_first_drop_std,Kharkiv,0.5,coh_drop
s1__coh__date_worst_drop_max,Kharkiv,0.5,coh_drop
s1__coh__date_worst_drop_mean,Kharkiv,0.5,coh_drop
s1__coh__date_worst_drop_std,Kharkiv,0.5,coh_drop
s1__coh__drop_count_max,Kharkiv,0.5,coh_drop
s1__coh__drop_count_mean,Kharkiv,0.5,coh_drop
s1__coh__drop_count_std,Kharkiv,0.5,coh_drop
s1__coh__lu_transition_mode,Kharkiv,0.5,coh_drop
s1__coh__max_drop_max,Kharkiv,0.5,coh_drop
s1__coh__max_drop_mean,Kharkiv,0.5,coh_drop
s1__coh__max_drop_std,Kharkiv,0.5,coh_drop
s1__coh__running_min_max,Kharkiv,0.5,coh_drop
s1__coh__running_min_mean,Kharkiv,0.5,coh_drop
s1__coh__running_min_std,Kharkiv,0.5,coh_drop
s1__coh__scenes_observed_max,Kharkiv,0.5,coh_drop
s1__coh__scenes_observed_mean,Kharkiv,0.5,coh_drop
s1__coh__scenes_observed_std,Kharkiv,0.5,coh_drop
was_observed_cohdrop,Kharkiv,0.5,coh_drop
s1__coh__date_first_drop_max,Kherson,0.5,coh_drop
s1__coh__date_first_drop_mean,Kherson,0.5,coh_drop
s1__coh__date_first_drop_std,Kherson,0.5,coh_drop
s1__coh__date_worst_drop_max,Kherson,0.5,coh_drop
s1__coh__date_worst_drop_mean,Kherson,0.5,coh_drop
s1__coh__date_worst_drop_std,Kherson,0.5,coh_drop
s1__coh__drop_count_max,Kherson,0.5,coh_drop
s1__coh__drop_count_mean,Kherson,0.5,coh_drop
s1__coh__drop_count_std,Kherson,0.5,coh_drop
s1__coh__lu_transition_mode,Kherson,0.5,coh_drop
s1__coh__max_drop_max,Kherson,0.5,coh_drop
s1__coh__max_drop_mean,Kherson,0.5,coh_drop
s1__coh__max_drop_std,Kherson,0.5,coh_drop
s1__coh__running_min_max,Kherson,0.5,coh_drop
s1__coh__running_min_mean,Kherson,0.5,coh_drop
s1__coh__running_min_std,Kherson,0.5,coh_drop
s1__coh__scenes_observed_max,Kherson,0.5,coh_drop
s1__coh__scenes_observed_mean,Kherson,0.5,coh_drop
s1__coh__scenes_observed_std,Kherson,0.5,coh_drop
was_observed_cohdrop,Kherson,0.5,coh_drop
s1__coh__date_first_drop_max,Kramatorsk,0.5,coh_drop
s1__coh__date_first_drop_mean,Kramatorsk,0.5,coh_drop
s1__coh__date_first_drop_std,Kramatorsk,0.5,coh_drop
s1__coh__date_worst_drop_max,Kramatorsk,0.5,coh_drop
s1__coh__date_worst_drop_mean,Kramatorsk,0.5,coh_drop
s1__coh__date_worst_drop_std,Kramatorsk,0.5,coh_drop
s1__coh__drop_count_max,Kramatorsk,0.5,coh_drop
s1__coh__drop_count_mean,Kramatorsk,0.5,coh_drop
s1__coh__drop_count_std,Kramatorsk,0.5,coh_drop
s1__coh__lu_transition_mode,Kramatorsk,0.5,coh_drop
s1__coh__max_drop_max,Kramatorsk,0.5,coh_drop
s1__coh__max_drop_mean,Kramatorsk,0.5,coh_drop
s1__coh__max_drop_std,Kramatorsk,0.5,coh_drop
s1__coh__running_min_max,Kramatorsk,0.5,coh_drop
s1__coh__running_min_mean,Kramatorsk,0.5,coh_drop
s1__coh__running_min_std,Kramatorsk,0.5,coh_drop
s1__coh__scenes_observed_max,Kramatorsk,0.5,coh_drop
s1__coh__scenes_observed_mean,Kramatorsk,0.5,coh_drop
s1__coh__scenes_observed_std,Kramatorsk,0.5,coh_drop
was_observed_cohdrop,Kramatorsk,0.5,coh_drop
s1__coh__date_first_drop_max,Lysychansk,0.5007479169219564,coh_drop
s1__coh__date_first_drop_mean,Lysychansk,0.5007476980610234,coh_drop
s1__coh__date_first_drop_std,Lysychansk,0.5007456016036655,coh_drop
s1__coh__date_worst_drop_max,Lysychansk,0.5003754501710215,coh_drop
s1__coh__date_worst_drop_mean,Lysychansk,0.5003656820620128,coh_drop
s1__coh__date_worst_drop_std,Lysychansk,0.5003514445823728,coh_drop
s1__coh__drop_count_max,Lysychansk,0.5001727158331072,coh_drop
s1__coh__drop_count_mean,Lysychansk,0.5002074340884749,coh_drop
s1__coh__drop_count_std,Lysychansk,0.5003927862607123,coh_drop
s1__coh__lu_transition_mode,Lysychansk,0.5001891534410733,coh_drop
s1__coh__max_drop_max,Lysychansk,0.5036248323669241,coh_drop
s1__coh__max_drop_mean,Lysychansk,0.5037679443790972,coh_drop
s1__coh__max_drop_std,Lysychansk,0.5040237582527562,coh_drop
s1__coh__running_min_max,Lysychansk,0.5000393143349603,coh_drop
s1__coh__running_min_mean,Lysychansk,0.501134148873676,coh_drop
s1__coh__running_min_std,Lysychansk,0.5008590752379151,coh_drop
s1__coh__scenes_observed_max,Lysychansk,0.5003648181372773,coh_drop
s1__coh__scenes_observed_mean,Lysychansk,0.5003636777566265,coh_drop
s1__coh__scenes_observed_std,Lysychansk,0.5001480421426633,coh_drop
was_observed_cohdrop,Lysychansk,0.5007467074273267,coh_drop
s1__coh__date_first_drop_max,Makariv,0.5,coh_drop
s1__coh__date_first_drop_mean,Makariv,0.5,coh_drop
s1__coh__date_first_drop_std,Makariv,0.5,coh_drop
s1__coh__date_worst_drop_max,Makariv,0.5,coh_drop
s1__coh__date_worst_drop_mean,Makariv,0.5,coh_drop
s1__coh__date_worst_drop_std,Makariv,0.5,coh_drop
s1__coh__drop_count_max,Makariv,0.5,coh_drop
s1__coh__drop_count_mean,Makariv,0.5,coh_drop
s1__coh__drop_count_std,Makariv,0.5,coh_drop
s1__coh__lu_transition_mode,Makariv,0.5,coh_drop
s1__coh__max_drop_max,Makariv,0.5,coh_drop
s1__coh__max_drop_mean,Makariv,0.5,coh_drop
s1__coh__max_drop_std,Makariv,0.5,coh_drop
s1__coh__running_min_max,Makariv,0.5,coh_drop
s1__coh__running_min_mean,Makariv,0.5,coh_drop
s1__coh__running_min_std,Makariv,0.5,coh_drop
s1__coh__scenes_observed_max,Makariv,0.5,coh_drop
s1__coh__scenes_observed_mean,Makariv,0.5,coh_drop
s1__coh__scenes_observed_std,Makariv,0.5,coh_drop
was_observed_cohdrop,Makariv,0.5,coh_drop
s1__coh__date_first_drop_max,Mariupol,0.5011068775512446,coh_drop
s1__coh__date_first_drop_mean,Mariupol,0.5179998570336839,coh_drop
s1__coh__date_first_drop_std,Mariupol,0.5144032880231991,coh_drop
s1__coh__date_worst_drop_max,Mariupol,0.5262986096525755,coh_drop
s1__coh__date_worst_drop_mean,Mariupol,0.5280390414234797,coh_drop
s1__coh__date_worst_drop_std,Mariupol,0.5462377188840191,coh_drop
s1__coh__drop_count_max,Mariupol,0.503034245358236,coh_drop
s1__coh__drop_count_mean,Mariupol,0.5051415776989722,coh_drop
s1__coh__drop_count_std,Mariupol,0.5036502255824078,coh_drop
s1__coh__lu_transition_mode,Mariupol,0.5676727458082895,coh_drop
s1__coh__max_drop_max,Mariupol,0.5465909795579639,coh_drop
s1__coh__max_drop_mean,Mariupol,0.5268958792232685,coh_drop
s1__coh__max_drop_std,Mariupol,0.5480131028881342,coh_drop
s1__coh__running_min_max,Mariupol,0.5075330871668915,coh_drop
s1__coh__running_min_mean,Mariupol,0.5148640891725875,coh_drop
s1__coh__running_min_std,Mariupol,0.5281948646044573,coh_drop
s1__coh__scenes_observed_max,Mariupol,0.5000379201735197,coh_drop
s1__coh__scenes_observed_mean,Mariupol,0.5101128777161863,coh_drop
s1__coh__scenes_observed_std,Mariupol,0.5101281720809264,coh_drop
was_observed_cohdrop,Mariupol,0.5346355476651845,coh_drop
s1__coh__date_first_drop_max,Moschun,0.5047099970853979,coh_drop
s1__coh__date_first_drop_mean,Moschun,0.5038356164383562,coh_drop
s1__coh__date_first_drop_std,Moschun,0.5042844651705043,coh_drop
s1__coh__date_worst_drop_max,Moschun,0.5003089478286213,coh_drop
s1__coh__date_worst_drop_mean,Moschun,0.5079568638880793,coh_drop
s1__coh__date_worst_drop_std,Moschun,0.5123171087146604,coh_drop
s1__coh__drop_count_max,Moschun,0.5025531914893617,coh_drop
s1__coh__drop_count_mean,Moschun,0.5089303410084525,coh_drop
s1__coh__drop_count_std,Moschun,0.5012765957446808,coh_drop
s1__coh__lu_transition_mode,Moschun,0.5061439813465461,coh_drop
s1__coh__max_drop_max,Moschun,0.5197784902360827,coh_drop
s1__coh__max_drop_mean,Moschun,0.507886913436316,coh_drop
s1__coh__max_drop_std,Moschun,0.517330224424366,coh_drop
s1__coh__running_min_max,Moschun,0.5147537161177499,coh_drop
s1__coh__running_min_mean,Moschun,0.5164558437773243,coh_drop
s1__coh__running_min_std,Moschun,0.516385893325561,coh_drop
s1__coh__scenes_observed_max,Moschun,0.5,coh_drop
s1__coh__scenes_observed_mean,Moschun,0.5017021276595744,coh_drop
s1__coh__scenes_observed_std,Moschun,0.5017021276595744,coh_drop
was_observed_cohdrop,Moschun,0.5030195278344507,coh_drop
s1__coh__date_first_drop_max,Okhtyrka,0.5022709208584081,coh_drop
s1__coh__date_first_drop_mean,Okhtyrka,0.5061125619772151,coh_drop
s1__coh__date_first_drop_std,Okhtyrka,0.5039173384807539,coh_drop
s1__coh__date_worst_drop_max,Okhtyrka,0.5097049424970397,coh_drop
s1__coh__date_worst_drop_mean,Okhtyrka,0.5142338075232363,coh_drop
s1__coh__date_worst_drop_std,Okhtyrka,0.5159294284308478,coh_drop
s1__coh__drop_count_max,Okhtyrka,0.5009651413648234,coh_drop
s1__coh__drop_count_mean,Okhtyrka,0.5016842663033194,coh_drop
s1__coh__drop_count_std,Okhtyrka,0.5001135460429205,coh_drop
s1__coh__lu_transition_mode,Okhtyrka,0.521914386283638,coh_drop
s1__coh__max_drop_max,Okhtyrka,0.5033031084580988,coh_drop
s1__coh__max_drop_mean,Okhtyrka,0.523609466495807,coh_drop
s1__coh__max_drop_std,Okhtyrka,0.5363612278112108,coh_drop
s1__coh__running_min_max,Okhtyrka,0.5248746938312057,coh_drop
s1__coh__running_min_mean,Okhtyrka,0.5276008802521803,coh_drop
s1__coh__running_min_std,Okhtyrka,0.5431653392593555,coh_drop
s1__coh__scenes_observed_max,Okhtyrka,0.5005109571931419,coh_drop
s1__coh__scenes_observed_mean,Okhtyrka,0.503557776011506,coh_drop
s1__coh__scenes_observed_std,Okhtyrka,0.503557776011506,coh_drop
was_observed_cohdrop,Okhtyrka,0.5066802921918171,coh_drop
s1__coh__date_first_drop_max,Rubizhne,0.5,coh_drop
s1__coh__date_first_drop_mean,Rubizhne,0.5,coh_drop
s1__coh__date_first_drop_std,Rubizhne,0.5,coh_drop
s1__coh__date_worst_drop_max,Rubizhne,0.5,coh_drop
s1__coh__date_worst_drop_mean,Rubizhne,0.5,coh_drop
s1__coh__date_worst_drop_std,Rubizhne,0.5,coh_drop
s1__coh__drop_count_max,Rubizhne,0.5,coh_drop
s1__coh__drop_count_mean,Rubizhne,0.5,coh_drop
s1__coh__drop_count_std,Rubizhne,0.5,coh_drop
s1__coh__lu_transition_mode,Rubizhne,0.5,coh_drop
s1__coh__max_drop_max,Rubizhne,0.5,coh_drop
s1__coh__max_drop_mean,Rubizhne,0.5,coh_drop
s1__coh__max_drop_std,Rubizhne,0.5,coh_drop
s1__coh__running_min_max,Rubizhne,0.5,coh_drop
s1__coh__running_min_mean,Rubizhne,0.5,coh_drop
s1__coh__running_min_std,Rubizhne,0.5,coh_drop
s1__coh__scenes_observed_max,Rubizhne,0.5,coh_drop
s1__coh__scenes_observed_mean,Rubizhne,0.5,coh_drop
s1__coh__scenes_observed_std,Rubizhne,0.5,coh_drop
was_observed_cohdrop,Rubizhne,0.5,coh_drop
s1__coh__date_first_drop_max,Sievierodonetsk,0.5107123085359102,coh_drop
s1__coh__date_first_drop_mean,Sievierodonetsk,0.5783564413900042,coh_drop
s1__coh__date_first_drop_std,Sievierodonetsk,0.5395718061952508,coh_drop
s1__coh__date_worst_drop_max,Sievierodonetsk,0.5359687317942011,coh_drop
s1__coh__date_worst_drop_mean,Sievierodonetsk,0.6399918648752709,coh_drop
s1__coh__date_worst_drop_std,Sievierodonetsk,0.630659300712932,coh_drop
s1__coh__drop_count_max,Sievierodonetsk,0.5302899493672998,coh_drop
s1__coh__drop_count_mean,Sievierodonetsk,0.5180855061755386,coh_drop
s1__coh__drop_count_std,Sievierodonetsk,0.5182368598857571,coh_drop
s1__coh__lu_transition_mode,Sievierodonetsk,0.5981843262092821,coh_drop
s1__coh__max_drop_max,Sievierodonetsk,0.6221263099943498,coh_drop
s1__coh__max_drop_mean,Sievierodonetsk,0.5732143664634421,coh_drop
s1__coh__max_drop_std,Sievierodonetsk,0.6203548459748255,coh_drop
s1__coh__running_min_max,Sievierodonetsk,0.549324407086383,coh_drop
s1__coh__running_min_mean,Sievierodonetsk,0.5052803676567109,coh_drop
s1__coh__running_min_std,Sievierodonetsk,0.599732985274678,coh_drop
s1__coh__scenes_observed_max,Sievierodonetsk,0.6373156810346228,coh_drop
s1__coh__scenes_observed_mean,Sievierodonetsk,0.6374690103552718,coh_drop
s1__coh__scenes_observed_std,Sievierodonetsk,0.5072537829647065,coh_drop
was_observed_cohdrop,Sievierodonetsk,0.5833877723763126,coh_drop
s1__coh__date_first_drop_max,Trostianets,0.5,coh_drop
s1__coh__date_first_drop_mean,Trostianets,0.5,coh_drop
s1__coh__date_first_drop_std,Trostianets,0.5,coh_drop
s1__coh__date_worst_drop_max,Trostianets,0.5,coh_drop
s1__coh__date_worst_drop_mean,Trostianets,0.5,coh_drop
s1__coh__date_worst_drop_std,Trostianets,0.5,coh_drop
s1__coh__drop_count_max,Trostianets,0.5,coh_drop
s1__coh__drop_count_mean,Trostianets,0.5,coh_drop
s1__coh__drop_count_std,Trostianets,0.5,coh_drop
s1__coh__lu_transition_mode,Trostianets,0.5,coh_drop
s1__coh__max_drop_max,Trostianets,0.5,coh_drop
s1__coh__max_drop_mean,Trostianets,0.5,coh_drop
s1__coh__max_drop_std,Trostianets,0.5,coh_drop
s1__coh__running_min_max,Trostianets,0.5,coh_drop
s1__coh__running_min_mean,Trostianets,0.5,coh_drop
s1__coh__running_min_std,Trostianets,0.5,coh_drop
s1__coh__scenes_observed_max,Trostianets,0.5,coh_drop
s1__coh__scenes_observed_mean,Trostianets,0.5,coh_drop
s1__coh__scenes_observed_std,Trostianets,0.5,coh_drop
was_observed_cohdrop,Trostianets,0.5,coh_drop
s1__coh__date_first_drop_max,Volnovakha,0.5089524424558327,coh_drop
s1__coh__date_first_drop_mean,Volnovakha,0.5218008210710826,coh_drop
s1__coh__date_first_drop_std,Volnovakha,0.5151496840260161,coh_drop
s1__coh__date_worst_drop_max,Volnovakha,0.5653295816227686,coh_drop
s1__coh__date_worst_drop_mean,Volnovakha,0.5622512569767979,coh_drop
s1__coh__date_worst_drop_std,Volnovakha,0.50596060703907,coh_drop
s1__coh__drop_count_max,Volnovakha,0.5060750034595691,coh_drop
s1__coh__drop_count_mean,Volnovakha,0.5162839614373357,coh_drop
s1__coh__drop_count_std,Volnovakha,0.5004961022187371,coh_drop
s1__coh__lu_transition_mode,Volnovakha,0.5071624613681442,coh_drop
s1__coh__max_drop_max,Volnovakha,0.5346699571013424,coh_drop
s1__coh__max_drop_mean,Volnovakha,0.5230402693851193,coh_drop
s1__coh__max_drop_std,Volnovakha,0.5419309008718114,coh_drop
s1__coh__running_min_max,Volnovakha,0.5041625536233221,coh_drop
s1__coh__running_min_mean,Volnovakha,0.5238553438811753,coh_drop
s1__coh__running_min_std,Volnovakha,0.52465565754878,coh_drop
s1__coh__scenes_observed_max,Volnovakha,0.5647979611605701,coh_drop
s1__coh__scenes_observed_mean,Volnovakha,0.5649647123944832,coh_drop
s1__coh__scenes_observed_std,Volnovakha,0.5039586696803358,coh_drop
was_observed_cohdrop,Volnovakha,0.517870519857927,coh_drop
