experiment_name,record_type,notebook,cell_id,parquet_name,tier_selection,n_cities,cities,n_buildings,n_damaged,n_undamaged,damage_rate,classifier_name,feature_set_name,n_features,cv_method,n_folds,imputation,scaling,class_weight,auc,f1,precision,recall,accuracy,balanced_accuracy,mcc,average_precision,log_loss,brier_score,specificity,tp,fp,tn,fn,precision_at_recall_80,precision_at_recall_90,threshold_at_recall_90,n_samples,prevalence,mean_best_auc,mean_jm,mean_auc,auc_mean,auc_std,note,is_reference,reference_paper,timestamp,run_id
C_A1_scene_ms,experiment,NB08c_v2,cell_c1,bda_scene_ms_v2,[],19,"Avdiivka,Bucha,Chernihiv,Chornobaivka,Dmytrivka,Hostomel,Irpin,Kharkiv,Kherson,Kramatorsk,Lysychansk,Makariv,Mariupol,Moschun,Okhtyrka,Rubizhne,Sievierodonetsk,Trostianets,Volnovakha",480313,7186,473127,0.014961077464070304,LightGBM-300-MIA,manifest_default_minus_leakage,0,GroupKFold,5,native_nan,none,balanced,0.6218790523197013,0.046429692404268676,0.02388834610446761,0.8234066239910938,0.49398413118112566,0.6561936919569527,0.07588319765282756,0.024176538798914824,0.5472947093725378,0.20120782068210757,0.4889807599228114,5917,241777,231350,1269,0.02397984803707698,0.022443059584449473,0.24310377182421597,480313,0.014961077464070304,,,,,,A1 scene_ms audit sweep,False,,2026-04-26T18:22:55.805093,20260426_182134
C_A2_scene_card,experiment,NB08c_v2,cell_c1,bda_scene_card_v2,[],21,"Avdiivka,Borodyanka,Bucha,Chernihiv,Chornobaivka,Dmytrivka,Hostomel,Irpin,Kharkiv,Kherson,Kramatorsk,Lysychansk,Makariv,Mariupol,Moschun,Mykolaiv,Okhtyrka,Rubizhne,Sievierodonetsk,Trostianets,Volnovakha",598595,7332,591263,0.012248682331125386,LightGBM-300-MIA,manifest_default_minus_leakage,0,GroupKFold,5,native_nan,none,balanced,0.6002073561256327,0.03560078211546494,0.018204386882688342,0.8021003818876159,0.4677135625924039,0.632833678156774,0.05862854239436395,0.01816849463915287,0.6222044362298524,0.22547291055207175,0.4635669744259323,5881,317173,274090,1451,0.01824912891986063,0.015250937160041297,0.25286003591109346,598595,0.012248682331125386,,,,,,A2 scene_card audit sweep,False,,2026-04-26T18:23:32.252817,20260426_182134
C_A3_scene_coh,experiment,NB08c_v2,cell_c1,bda_scene_coh_v2,[],18,"Avdiivka,Borodyanka,Bucha,Chernihiv,Chornobaivka,Dmytrivka,Hostomel,Irpin,Kherson,Kramatorsk,Lysychansk,Mariupol,Moschun,Mykolaiv,Okhtyrka,Rubizhne,Sievierodonetsk,Volnovakha",414200,7023,407177,0.01695557701593433,LightGBM-300-MIA,manifest_default_minus_leakage,0,GroupKFold,5,native_nan,none,balanced,0.5880430112872084,0.04882107073575585,0.025116053203397642,0.8690018510608002,0.4258594881699662,0.6436090038354124,0.07530201608487612,0.02711036161892817,0.5969577025939894,0.2188015428120713,0.41821615661002465,6103,236889,170288,920,0.02517704233204903,0.023737457189208677,0.30531212026999976,414200,0.01695557701593433,,,,,,A3 scene_coh audit sweep,False,,2026-04-26T18:23:56.372392,20260426_182134
C_A4_scene_landuse,experiment,NB08c_v2,cell_c1,bda_scene_landuse_v2,[],19,"Avdiivka,Bucha,Chernihiv,Chornobaivka,Dmytrivka,Hostomel,Irpin,Kharkiv,Kherson,Kramatorsk,Lysychansk,Makariv,Mariupol,Moschun,Okhtyrka,Rubizhne,Sievierodonetsk,Trostianets,Volnovakha",480313,7186,473127,0.014961077464070304,LightGBM-300-MIA,manifest_default_minus_leakage,0,GroupKFold,5,native_nan,none,balanced,0.6056464132039363,0.04499173298080358,0.023107328605200945,0.8501252435290844,0.4600541730080177,0.6521274479105875,0.07424980516218584,0.021901780615187362,0.6096654473044467,0.22308830105019145,0.4541296522920907,6109,258266,214861,1077,0.023344049696974407,0.021155506711672815,0.3047641705514459,480313,0.014961077464070304,,,,,,A4 scene_landuse audit sweep,False,,2026-04-26T18:24:11.502584,20260426_182134
C_A5_scene_indices,experiment,NB08c_v2,cell_c1,bda_scene_indices_v2,[],19,"Avdiivka,Bucha,Chernihiv,Chornobaivka,Dmytrivka,Hostomel,Irpin,Kharkiv,Kherson,Kramatorsk,Lysychansk,Makariv,Mariupol,Moschun,Okhtyrka,Rubizhne,Sievierodonetsk,Trostianets,Volnovakha",480313,7186,473127,0.014961077464070304,LightGBM-300-MIA,manifest_default_minus_leakage,0,GroupKFold,5,native_nan,none,balanced,0.6197904763066816,0.04621048138776257,0.02375578907774408,0.8437239075981074,0.4789189549314718,0.6585510457342001,0.07714245576244107,0.02489037707916467,0.5711800032023582,0.21035149631849182,0.47337818387029273,6063,249159,223968,1123,0.023885184621911294,0.02225808782790933,0.2896452419723593,480313,0.014961077464070304,,,,,,A5 scene_indices audit sweep,False,,2026-04-26T18:25:18.216567,20260426_182134
C_A6_scene_nbr,experiment,NB08c_v2,cell_c1,bda_scene_nbr_v2,[],19,"Avdiivka,Bucha,Chernihiv,Chornobaivka,Dmytrivka,Hostomel,Irpin,Kharkiv,Kherson,Kramatorsk,Lysychansk,Makariv,Mariupol,Moschun,Okhtyrka,Rubizhne,Sievierodonetsk,Trostianets,Volnovakha",480313,7186,473127,0.014961077464070304,LightGBM-300-MIA,manifest_default_minus_leakage,0,GroupKFold,5,native_nan,none,balanced,0.6012938571527964,0.04495732934591956,0.023110533912791765,0.8221541887002505,0.47740119463766334,0.6471595838296942,0.07160795807888344,0.022753908204740624,0.603784055617084,0.21888369811290598,0.47216497895913784,5908,249733,223394,1278,0.02345094490542866,0.019736540978954404,0.26563671682654016,480313,0.014961077464070304,,,,,,A6 scene_nbr audit sweep,False,,2026-04-26T18:25:34.589983,20260426_182134
C_A7_rolling_coh,experiment,NB08c_v2,cell_c2,bda_rolling_coh_v2,[],16,"Avdiivka,Borodyanka,Bucha,Chornobaivka,Dmytrivka,Hostomel,Irpin,Kherson,Kramatorsk,Lysychansk,Mariupol,Moschun,Okhtyrka,Rubizhne,Sievierodonetsk,Volnovakha",249783,6606,243177,0.026446955957771346,LightGBM-300-MIA,manifest_default_minus_leakage,0,GroupKFold,5,native_nan,none,balanced,0.5311479490442064,0.06918025224875271,0.03603495371541302,0.8627005752346352,0.3860270714980603,0.6178893106334745,0.078501218760775,0.03128687455222495,0.6123493052933621,0.22428498080736398,0.3730780460323139,5699,152453,90724,907,0.03618984544649851,0.033112066469160005,0.2457093933102268,249783,0.026446955957771346,,,,,,A7 rolling_coh audit sweep,False,,2026-04-26T18:25:51.783567,20260426_182134
C_A8_rolling_card,experiment,NB08c_v2,cell_c2,bda_rolling_card_v2,[],21,"Avdiivka,Borodyanka,Bucha,Chernihiv,Chornobaivka,Dmytrivka,Hostomel,Irpin,Kharkiv,Kherson,Kramatorsk,Lysychansk,Makariv,Mariupol,Moschun,Mykolaiv,Okhtyrka,Rubizhne,Sievierodonetsk,Trostianets,Volnovakha",598595,7332,591263,0.012248682331125386,LightGBM-300-MIA,manifest_default_minus_leakage,0,GroupKFold,5,native_nan,none,balanced,0.6191781443828126,0.03579891384451424,0.01827933957021119,0.8612929623567921,0.431712593656813,0.643839256643798,0.06405260151674913,0.018915105973550575,0.6020250771153774,0.22652644222992374,0.42638555093080405,6315,339157,252106,1017,0.018509182571119914,0.017815778532513322,0.3645632483767695,598595,0.012248682331125386,,,,,,A8 rolling_card audit sweep,False,,2026-04-26T18:27:41.236132,20260426_182134
C_A9_composite_prepost_bands,experiment,NB08c_v2,cell_c3,bda_composite_prepost_bands_v2,[],19,"Avdiivka,Bucha,Chernihiv,Chornobaivka,Dmytrivka,Hostomel,Irpin,Kharkiv,Kherson,Kramatorsk,Lysychansk,Makariv,Mariupol,Moschun,Okhtyrka,Rubizhne,Sievierodonetsk,Trostianets,Volnovakha",480313,7186,473127,0.014961077464070304,LightGBM-300-MIA,manifest_default_minus_leakage,0,GroupKFold,5,native_nan,none,balanced,0.7861845855287047,0.08925724709521354,0.047325881630627675,0.7830503757305872,0.7609246470530675,0.7718194851681319,0.1529154852325137,0.04323042433792321,0.5039833127854404,0.1736456296147256,0.7605885946056767,5627,113272,359855,1559,0.0447191151075779,0.024635101727504997,0.18354745888789314,480313,0.014961077464070304,,,,,,A9 composite_prepost_bands audit sweep,False,,2026-04-26T18:28:35.623020,20260426_182134
C_A10_composite_prepost_landuse,experiment,NB08c_v2,cell_c3,bda_composite_prepost_landuse_v2,[],19,"Avdiivka,Bucha,Chernihiv,Chornobaivka,Dmytrivka,Hostomel,Irpin,Kharkiv,Kherson,Kramatorsk,Lysychansk,Makariv,Mariupol,Moschun,Okhtyrka,Rubizhne,Sievierodonetsk,Trostianets,Volnovakha",480313,7186,473127,0.014961077464070304,LightGBM-300-MIA,manifest_default_minus_leakage,0,GroupKFold,5,native_nan,none,balanced,0.7726624828756035,0.08253203306736984,0.04364236659267392,0.7578625104369607,0.7479122988551216,0.7528118411922253,0.13997147033461235,0.04137025361501328,0.5825775690744988,0.1970391322500729,0.7477611719474898,5446,119341,353786,1740,0.033331596709677044,0.020471145908897617,0.20546862324566328,480313,0.014961077464070304,,,,,,A10 composite_prepost_landuse audit sweep,False,,2026-04-26T18:28:51.081020,20260426_182134
C_A11_composite_vs_scenes_bands,experiment,NB08c_v2,cell_c4,bda_composite_vs_scenes_bands_v2,[],16,"Avdiivka,Bucha,Chernihiv,Chornobaivka,Hostomel,Kharkiv,Kherson,Lysychansk,Makariv,Mariupol,Moschun,Okhtyrka,Rubizhne,Sievierodonetsk,Trostianets,Volnovakha",438885,6774,432111,0.015434567141734168,LightGBM-300-MIA,manifest_default_minus_leakage,0,GroupKFold,5,native_nan,none,balanced,0.7631774430611865,0.07967961814532896,0.04243865798698047,0.6505757307351638,0.7680394636408171,0.7102283089110233,0.12195560564379948,0.053837162476134015,0.5100524769992093,0.16725652085283305,0.7698808870868827,4407,99437,332674,2367,0.03134326683571573,0.018970429976030916,0.2415444046930086,438885,0.015434567141734168,,,,,,A11 composite_vs_scenes_bands audit sweep,False,,2026-04-26T18:29:20.749457,20260426_182134
C_A12_composite_vs_scenes_landuse,experiment,NB08c_v2,cell_c4,bda_composite_vs_scenes_landuse_v2,[],16,"Avdiivka,Bucha,Chernihiv,Chornobaivka,Hostomel,Kharkiv,Kherson,Lysychansk,Makariv,Mariupol,Moschun,Okhtyrka,Rubizhne,Sievierodonetsk,Trostianets,Volnovakha",438885,6774,432111,0.015434567141734168,LightGBM-300-MIA,manifest_default_minus_leakage,0,GroupKFold,5,native_nan,none,balanced,0.7852456660578068,0.0863545071476391,0.045610736244810345,0.8092707410687925,0.7356915820773096,0.771904428716206,0.1503292934615179,0.04757900175296081,0.5394390428044138,0.184063462159419,0.7345381163636195,5482,114709,317402,1292,0.04596124885370306,0.023076108817614058,0.1613892070309318,438885,0.015434567141734168,,,,,,A12 composite_vs_scenes_landuse audit sweep,False,,2026-04-26T18:29:35.329961,20260426_182134
C_A13_prepost_single_card,experiment,NB08c_v2,cell_c5,bda_prepost_single_card_v2,[],21,"Avdiivka,Borodyanka,Bucha,Chernihiv,Chornobaivka,Dmytrivka,Hostomel,Irpin,Kharkiv,Kherson,Kramatorsk,Lysychansk,Makariv,Mariupol,Moschun,Mykolaiv,Okhtyrka,Rubizhne,Sievierodonetsk,Trostianets,Volnovakha",598595,7332,591263,0.012248682331125386,LightGBM-300-MIA,manifest_default_minus_leakage,0,GroupKFold,5,native_nan,none,balanced,0.8023623669485858,0.08367938806092551,0.04425902412479594,0.7654118930714675,0.7946741954075794,0.7802244788978129,0.15086990047171261,0.0402708811101624,0.513057748223499,0.17060443909656536,0.7950370647241582,5612,121187,470076,1720,0.037463516818985944,0.02021566645222559,0.20119570955240418,598595,0.012248682331125386,,,,,,A13 prepost_single_card audit sweep,False,,2026-04-26T18:29:46.935371,20260426_182134
C_A14_coh_drop,experiment,NB08c_v2,cell_c5,bda_coh_drop_v2,[],20,"Avdiivka,Borodyanka,Bucha,Chernihiv,Chornobaivka,Dmytrivka,Hostomel,Irpin,Kharkiv,Kherson,Kramatorsk,Lysychansk,Makariv,Mariupol,Moschun,Mykolaiv,Okhtyrka,Sievierodonetsk,Trostianets,Volnovakha",584986,6901,578085,0.011796863514682402,LightGBM-300-MIA,manifest_default_minus_leakage,0,GroupKFold,5,native_nan,none,balanced,0.807481397942976,0.07344169072708887,0.038676762297296254,0.7261266483118388,0.7838580752359886,0.7553369517366385,0.13278528493287914,0.04247603372896786,0.5298902358035098,0.1797128808097521,0.7845472551614382,5011,124550,453535,1890,0.026231387083953377,0.025220680958385876,0.4067703359544085,584986,0.011796863514682402,,,,,,A14 coh_drop audit sweep,False,,2026-04-26T18:29:57.474171,20260426_182134
C_A19_card_drop,experiment,NB08c_v2,cell_c5,bda_card_drop_v2,[],21,"Avdiivka,Borodyanka,Bucha,Chernihiv,Chornobaivka,Dmytrivka,Hostomel,Irpin,Kharkiv,Kherson,Kramatorsk,Lysychansk,Makariv,Mariupol,Moschun,Mykolaiv,Okhtyrka,Rubizhne,Sievierodonetsk,Trostianets,Volnovakha",598595,7332,591263,0.012248682331125386,LightGBM-300-MIA,manifest_default_minus_leakage,0,GroupKFold,5,native_nan,none,balanced,0.8023527900959412,0.0654135249902956,0.03418073192619273,0.758456082924168,0.7345383773670011,0.74634893351858,0.1218155023459459,0.038695811457997296,0.5202911885589201,0.18254185761080627,0.734241784112992,5561,157133,434130,1771,0.026571676133628576,0.025266480951720363,0.36572608811043533,598595,0.012248682331125386,,,,,,A19 card_drop audit sweep,False,,2026-04-26T18:30:05.710334,20260426_182134
C_A20_ms_change,experiment,NB08c_v2,cell_c5,bda_ms_change_v2,[],20,"Avdiivka,Borodyanka,Bucha,Chernihiv,Chornobaivka,Dmytrivka,Hostomel,Irpin,Kharkiv,Kherson,Kramatorsk,Lysychansk,Makariv,Moschun,Mykolaiv,Okhtyrka,Rubizhne,Sievierodonetsk,Trostianets,Volnovakha",569622,4277,565345,0.007508488085080984,LightGBM-300-MIA,manifest_default_minus_leakage,0,GroupKFold,5,native_nan,none,balanced,0.7806631905248586,0.030927294648005452,0.01573501173458502,0.8966565349544073,0.5780868716447047,0.7361666670385334,0.08241096563069433,0.021635800792294664,0.5072907889339102,0.17891862001322623,0.5756767991226596,3835,239889,325456,442,0.01573501173458502,0.01516528746758587,0.24788727301484562,569622,0.007508488085080984,,,,,,A20 ms_change audit sweep,False,,2026-04-26T18:30:17.279519,20260426_182134
C_A21_ms_maha,experiment,NB08c_v2,cell_c5,bda_ms_maha_v2,[],20,"Avdiivka,Borodyanka,Bucha,Chernihiv,Chornobaivka,Dmytrivka,Hostomel,Irpin,Kharkiv,Kherson,Kramatorsk,Lysychansk,Makariv,Moschun,Mykolaiv,Okhtyrka,Rubizhne,Sievierodonetsk,Trostianets,Volnovakha",569622,4277,565345,0.007508488085080984,LightGBM-300-MIA,manifest_default_minus_leakage,0,GroupKFold,5,native_nan,none,balanced,0.44469436730150064,0.018366134083064756,0.009413129177185902,0.375730652326397,0.698428080376109,0.5383000164850373,0.014433803186401355,0.010002191524937656,0.31967796616132005,0.10348304623238797,0.7008693806436778,1607,169112,396233,2670,0.0077687675875215585,0.0077687675875215585,0.05543390676978075,569622,0.007508488085080984,,,,,,A21 ms_maha audit sweep,False,,2026-04-26T18:30:27.598668,20260426_182134
C_A22_lu_change,experiment,NB08c_v2,cell_c5,bda_lu_change_v2,[],21,"Avdiivka,Borodyanka,Bucha,Chernihiv,Chornobaivka,Dmytrivka,Hostomel,Irpin,Kharkiv,Kherson,Kramatorsk,Lysychansk,Makariv,Mariupol,Moschun,Mykolaiv,Okhtyrka,Rubizhne,Sievierodonetsk,Trostianets,Volnovakha",598595,7332,591263,0.012248682331125386,LightGBM-300-MIA,manifest_default_minus_leakage,0,GroupKFold,5,native_nan,none,balanced,0.812744827888519,0.06481916392672617,0.0337951301427372,0.79050736497545,0.7206057518021367,0.7551231483599341,0.12413210044325686,0.03958539851107821,0.5214355654458033,0.18418594341382766,0.7197389317444183,5796,165708,425555,1536,0.02680131897271655,0.02528505862855841,0.33281682469972373,598595,0.012248682331125386,,,,,,A22 lu_change audit sweep,False,,2026-04-26T18:30:37.391303,20260426_182134
C_A23_rolling_accum_coh,experiment,NB08c_v2,cell_c5b,bda_rolling_accum_coh_v2,[],4,"Lysychansk,Mariupol,Rubizhne,Sievierodonetsk",93247,5091,88156,0.054596930732356004,LightGBM-300-MIA,manifest_default_minus_leakage,0,GroupKFold,5,native_nan,none,balanced,0.7044312835759833,0.2597654894886561,0.2008152756919116,0.36770771950500886,0.8855834504059111,0.6415992202498046,0.2144954676499953,0.1887481677531749,0.3389420993810418,0.09684499463177773,0.9154907209946005,1872,7450,80706,3219,0.05772422252687784,0.05772422252687784,0.12436588823903141,93247,0.054596930732356004,,,,,,A23 rolling_accum_coh audit sweep,False,,2026-04-26T18:30:45.810118,20260426_182134
C_A24_rolling_accum_card,experiment,NB08c_v2,cell_c5b,bda_rolling_accum_card_v2,[],4,"Lysychansk,Mariupol,Rubizhne,Sievierodonetsk",93247,5091,88156,0.054596930732356004,LightGBM-300-MIA,manifest_default_minus_leakage,0,GroupKFold,5,native_nan,none,balanced,0.6640192319825458,0.17916284754048273,0.13003370587191768,0.28795914358672164,0.8559417461151565,0.5883509135057797,0.12313856737667982,0.10364843487368196,0.39713040305603864,0.11850661169620205,0.8887426834248378,1466,9808,78348,3625,0.06816622315944502,0.058735306559331374,0.13196834309659558,93247,0.054596930732356004,,,,,,A24 rolling_accum_card audit sweep,False,,2026-04-26T18:31:09.732475,20260426_182134
C_A25_rolling_accum_ms,experiment,NB08c_v2,cell_c5b,bda_rolling_accum_ms_v2,[],4,"Lysychansk,Mariupol,Rubizhne,Sievierodonetsk",93247,5091,88156,0.054596930732356004,LightGBM-300-MIA,manifest_default_minus_leakage,0,GroupKFold,5,native_nan,none,balanced,0.6044084430014687,0.07545612152233137,0.06508117345485617,0.08976625417403261,0.8798996214355421,0.5076479984514157,0.013169165620132992,0.08408819566975127,0.4154578807085867,0.12795617792007272,0.925529742728799,457,6565,81591,4634,0.06292874358815895,0.06218615129882468,0.10089631853778872,93247,0.054596930732356004,,,,,,A25 rolling_accum_ms audit sweep,False,,2026-04-26T18:31:52.953372,20260426_182134
C_A15_block_stats,experiment,NB08c_v2,cell_c6,bda_block_stats_v2,[],21,"Avdiivka,Borodyanka,Bucha,Chernihiv,Chornobaivka,Dmytrivka,Hostomel,Irpin,Kharkiv,Kherson,Kramatorsk,Lysychansk,Makariv,Mariupol,Moschun,Mykolaiv,Okhtyrka,Rubizhne,Sievierodonetsk,Trostianets,Volnovakha",598595,7332,591263,0.012248682331125386,LightGBM-300-MIA,manifest_default_minus_leakage,0,GroupKFold,5,native_nan,none,balanced,0.8226507979078755,0.08043466537237771,0.04230845601792755,0.8136933987997818,0.7721130313484075,0.7926454048828993,0.15170863734836332,0.0407224717248925,0.48055061869437593,0.16863964954311675,0.7715974109660169,5966,135046,456217,1366,0.04400105014439486,0.02837998821621947,0.22107250994478356,598595,0.012248682331125386,,,,,,A15 block_stats audit sweep,False,,2026-04-26T18:36:33.121027,20260426_182134
C_A16_rolling_stats_roll3,experiment,NB08c_v2,cell_c6,bda_rolling_stats_roll3_v2,[],21,"Avdiivka,Borodyanka,Bucha,Chernihiv,Chornobaivka,Dmytrivka,Hostomel,Irpin,Kharkiv,Kherson,Kramatorsk,Lysychansk,Makariv,Mariupol,Moschun,Mykolaiv,Okhtyrka,Rubizhne,Sievierodonetsk,Trostianets,Volnovakha",598595,7332,591263,0.012248682331125386,LightGBM-300-MIA,manifest_default_minus_leakage,0,GroupKFold,5,native_nan,none,balanced,0.8241265028525089,0.08178243412277732,0.04307376482321339,0.8070103655210038,0.7780352325027773,0.7923431448856475,0.15294075534425855,0.04089044255684979,0.4748418191759083,0.16575647823847472,0.7776759242502913,5917,131452,459811,1415,0.04350857414110247,0.02778889033937061,0.1987765054333078,598595,0.012248682331125386,,,,,,A16 rolling_stats_roll3 audit sweep,False,,2026-04-26T18:37:02.138783,20260426_182134
C_A17_rolling_stats_roll7,experiment,NB08c_v2,cell_c6,bda_rolling_stats_roll7_v2,[],21,"Avdiivka,Borodyanka,Bucha,Chernihiv,Chornobaivka,Dmytrivka,Hostomel,Irpin,Kharkiv,Kherson,Kramatorsk,Lysychansk,Makariv,Mariupol,Moschun,Mykolaiv,Okhtyrka,Rubizhne,Sievierodonetsk,Trostianets,Volnovakha",598595,7332,591263,0.012248682331125386,LightGBM-300-MIA,manifest_default_minus_leakage,0,GroupKFold,5,native_nan,none,balanced,0.8232707899505969,0.07930867922530785,0.0416762286246775,0.8173758865248227,0.7675473400212164,0.792152662008553,0.15043717584207345,0.04049208209440824,0.48609271178449687,0.1701549599722464,0.7669294374922835,5993,137806,453457,1339,0.043419367732289174,0.02780375997505709,0.20200352254401163,598595,0.012248682331125386,,,,,,A17 rolling_stats_roll7 audit sweep,False,,2026-04-26T18:37:24.839491,20260426_182134
C_A18_rolling_stats_roll13,experiment,NB08c_v2,cell_c6,bda_rolling_stats_roll13_v2,[],21,"Avdiivka,Borodyanka,Bucha,Chernihiv,Chornobaivka,Dmytrivka,Hostomel,Irpin,Kharkiv,Kherson,Kramatorsk,Lysychansk,Makariv,Mariupol,Moschun,Mykolaiv,Okhtyrka,Rubizhne,Sievierodonetsk,Trostianets,Volnovakha",598595,7332,591263,0.012248682331125386,LightGBM-300-MIA,manifest_default_minus_leakage,0,GroupKFold,5,native_nan,none,balanced,0.8232707899505969,0.07930867922530785,0.0416762286246775,0.8173758865248227,0.7675473400212164,0.792152662008553,0.15043717584207345,0.04049208209440824,0.48609271178449687,0.1701549599722464,0.7669294374922835,5993,137806,453457,1339,0.043419367732289174,0.02780375997505709,0.20200352254401163,598595,0.012248682331125386,,,,,,A18 rolling_stats_roll13 audit sweep,False,,2026-04-26T18:37:42.651131,20260426_182134
C_A26_block_accum_coh,experiment,NB08c_v2,cell_c6b,bda_block_accum_coh_v2,[],4,"Lysychansk,Mariupol,Rubizhne,Sievierodonetsk",93247,5091,88156,0.054596930732356004,LightGBM-300-MIA,manifest_default_minus_leakage,0,GroupKFold,5,native_nan,none,balanced,0.6528448069358378,0.22298163178129005,0.15311285473344577,0.41013553329404834,0.8439413600437548,0.6395645677723021,0.17946899259214774,0.12593325898457514,0.4667029571420251,0.1442582624145633,0.8689936022505559,2088,11549,76607,3003,0.05549148549835599,0.055395700848707596,0.19848941649767315,93247,0.054596930732356004,,,,,,A26 block_accum_coh audit sweep,False,,2026-04-26T18:37:50.240989,20260426_182134
C_A27_block_accum_card,experiment,NB08c_v2,cell_c6b,bda_block_accum_card_v2,[],4,"Lysychansk,Mariupol,Rubizhne,Sievierodonetsk",93247,5091,88156,0.054596930732356004,LightGBM-300-MIA,manifest_default_minus_leakage,0,GroupKFold,5,native_nan,none,balanced,0.6833066286957294,0.20813928182807398,0.13369492283605458,0.4696523276370065,0.80489452743788,0.6469535289439626,0.16960009151761699,0.13349346865944844,0.4852232562372601,0.15474642316221326,0.8242547302509188,2391,15493,72663,2700,0.07056968604892924,0.05914929322920028,0.16121161823836827,93247,0.054596930732356004,,,,,,A27 block_accum_card audit sweep,False,,2026-04-26T18:37:54.007380,20260426_182134
C_A28_block_accum_ms,experiment,NB08c_v2,cell_c6b,bda_block_accum_ms_v2,[],4,"Lysychansk,Mariupol,Rubizhne,Sievierodonetsk",93247,5091,88156,0.054596930732356004,LightGBM-300-MIA,manifest_default_minus_leakage,0,GroupKFold,5,native_nan,none,balanced,0.609683427217455,0.0901968401968402,0.05399852696049928,0.273620113926537,0.6986283741031883,0.4983963358325457,-0.0016289033963206453,0.08154399529543176,0.6169314861690779,0.2182976398786807,0.7231725577385544,1393,24404,63752,3698,0.07896495396495397,0.06595916745881986,0.4840618037994152,93247,0.054596930732356004,,,,,,A28 block_accum_ms audit sweep,False,,2026-04-26T18:38:10.559243,20260426_182134
C_F1_fusion_ms_card,experiment,NB08c_v2,cell_c7,bda_fusion_ms_card_v2,[],19,"Avdiivka,Bucha,Chernihiv,Chornobaivka,Dmytrivka,Hostomel,Irpin,Kharkiv,Kherson,Kramatorsk,Lysychansk,Makariv,Mariupol,Moschun,Okhtyrka,Rubizhne,Sievierodonetsk,Trostianets,Volnovakha",480313,7186,473127,0.014961077464070304,LightGBM-300-MIA,manifest_default_minus_leakage,0,GroupKFold,5,native_nan,none,balanced,0.6228024961445362,0.046640491419162815,0.024002933148653604,0.8199276370720846,0.49851034637829916,0.6567780988455575,0.07614823491834932,0.024054030479924833,0.5375538998531388,0.19803706352916453,0.49362856061903043,5892,239578,233549,1294,0.02399632544628448,0.022355946204708297,0.20555742172546057,480313,0.014961077464070304,,,,,,F1 fusion_ms_card audit sweep,False,,2026-04-26T18:52:37.416017,20260426_182134
C_F2_fusion_ms_card_cohdrop,experiment,NB08c_v2,cell_c7,bda_fusion_ms_card_cohdrop_v2,[],18,"Avdiivka,Bucha,Chernihiv,Chornobaivka,Dmytrivka,Hostomel,Irpin,Kharkiv,Kherson,Kramatorsk,Lysychansk,Makariv,Mariupol,Moschun,Okhtyrka,Sievierodonetsk,Trostianets,Volnovakha",466704,6755,459949,0.01447384209263259,LightGBM-300-MIA,manifest_default_minus_leakage,0,GroupKFold,5,native_nan,none,balanced,0.8137223687525013,0.0983618660883208,0.0524507874015748,0.7888971132494449,0.7906660324316912,0.7897945623775342,0.16773843803239666,0.04579729713341981,0.46718347934679283,0.15788817191616325,0.7906920115056234,5329,96271,363678,1426,0.05051222612727137,0.028692741383564643,0.2073325369175918,466704,0.01447384209263259,,,,,,F2 fusion_ms_card_cohdrop audit sweep,False,,2026-04-26T19:10:27.081642,20260426_182134
C_F3_fusion_card_cohdrop,experiment,NB08c_v2,cell_c7,bda_fusion_card_cohdrop_v2,[],20,"Avdiivka,Borodyanka,Bucha,Chernihiv,Chornobaivka,Dmytrivka,Hostomel,Irpin,Kharkiv,Kherson,Kramatorsk,Lysychansk,Makariv,Mariupol,Moschun,Mykolaiv,Okhtyrka,Sievierodonetsk,Trostianets,Volnovakha",584986,6901,578085,0.011796863514682402,LightGBM-300-MIA,manifest_default_minus_leakage,0,GroupKFold,5,native_nan,none,balanced,0.8416942331180794,0.08322708123625247,0.0438709575990064,0.8087233734241415,0.7898189016489283,0.7991582996669131,0.15659967233439473,0.04617108802571353,0.4681650535338149,0.15848249742880197,0.7895932259096846,5581,121633,456452,1320,0.04448867436482164,0.027847624682327314,0.2740361577583463,584986,0.011796863514682402,,,,,,F3 fusion_card_cohdrop audit sweep,False,,2026-04-26T19:15:03.900592,20260426_182134
C_F4_fusion_ms_cohdrop,experiment,NB08c_v2,cell_c7,bda_fusion_ms_cohdrop_v2,[],18,"Avdiivka,Bucha,Chernihiv,Chornobaivka,Dmytrivka,Hostomel,Irpin,Kharkiv,Kherson,Kramatorsk,Lysychansk,Makariv,Mariupol,Moschun,Okhtyrka,Sievierodonetsk,Trostianets,Volnovakha",466704,6755,459949,0.01447384209263259,LightGBM-300-MIA,manifest_default_minus_leakage,0,GroupKFold,5,native_nan,none,balanced,0.8126126225699284,0.09798339264531436,0.052209850731754756,0.794818652849741,0.7881912304158525,0.7914562751083114,0.16796852836378645,0.045713577085885755,0.4687145862135603,0.15849205526620327,0.788093897366882,5369,97466,362483,1386,0.05172628334593627,0.028283293424203354,0.20488126203704402,466704,0.01447384209263259,,,,,,F4 fusion_ms_cohdrop audit sweep,False,,2026-04-26T19:26:37.778008,20260426_182134
C_F5_fusion_indices_card,experiment,NB08c_v2,cell_c7,bda_fusion_indices_card_v2,[],19,"Avdiivka,Bucha,Chernihiv,Chornobaivka,Dmytrivka,Hostomel,Irpin,Kharkiv,Kherson,Kramatorsk,Lysychansk,Makariv,Mariupol,Moschun,Okhtyrka,Rubizhne,Sievierodonetsk,Trostianets,Volnovakha",480313,7186,473127,0.014961077464070304,LightGBM-300-MIA,manifest_default_minus_leakage,0,GroupKFold,5,native_nan,none,balanced,0.6267305395685168,0.04675406607272,0.024041618862997983,0.8456721402727526,0.4840822546964167,0.662131227673359,0.0788378252344403,0.02529133429235173,0.5562950252950952,0.20556656467767503,0.4785903150739653,6077,246693,226434,1109,0.024167876745851014,0.022747495067507447,0.2844238884276118,480313,0.014961077464070304,,,,,,F5 fusion_indices_card audit sweep,False,,2026-04-26T19:36:20.987252,20260426_182134
C_F6_fusion_indices_card_cohdrop,experiment,NB08c_v2,cell_c7,bda_fusion_indices_card_cohdrop_v2,[],18,"Avdiivka,Bucha,Chernihiv,Chornobaivka,Dmytrivka,Hostomel,Irpin,Kharkiv,Kherson,Kramatorsk,Lysychansk,Makariv,Mariupol,Moschun,Okhtyrka,Sievierodonetsk,Trostianets,Volnovakha",466704,6755,459949,0.01447384209263259,LightGBM-300-MIA,manifest_default_minus_leakage,0,GroupKFold,5,native_nan,none,balanced,0.8154260619687441,0.09437635810517167,0.05013158502239254,0.8037009622501851,0.7767492886283383,0.7900272137628415,0.16411285700904127,0.04556635592031048,0.4950610205446745,0.16720313897263978,0.776353465275498,5429,102866,357083,1326,0.05059214529794504,0.032169399427018915,0.23581800378828444,466704,0.01447384209263259,,,,,,F6 fusion_indices_card_cohdrop audit sweep,False,,2026-04-26T19:57:50.073598,20260426_182134
C_F7_fusion_composite_cohdrop,experiment,NB08c_v2,cell_c7,bda_fusion_composite_cohdrop_v2,[],18,"Avdiivka,Bucha,Chernihiv,Chornobaivka,Dmytrivka,Hostomel,Irpin,Kharkiv,Kherson,Kramatorsk,Lysychansk,Makariv,Mariupol,Moschun,Okhtyrka,Sievierodonetsk,Trostianets,Volnovakha",466704,6755,459949,0.01447384209263259,LightGBM-300-MIA,manifest_default_minus_leakage,0,GroupKFold,5,native_nan,none,balanced,0.8129649691039427,0.09958921573256528,0.053187411740972364,0.7806069578090303,0.7956970585210326,0.7882628178747053,0.16834305246385986,0.046128220247423794,0.45868488131670637,0.15550442391909566,0.7959186779403803,5273,93867,366082,1482,0.05070702710817937,0.02856810623502872,0.19958423629312744,466704,0.01447384209263259,,,,,,F7 fusion_composite_cohdrop audit sweep,False,,2026-04-26T20:05:22.131686,20260426_182134
C_F8_fusion_composite_blockstats,experiment,NB08c_v2,cell_c7,bda_fusion_composite_blockstats_v2,[],19,"Avdiivka,Bucha,Chernihiv,Chornobaivka,Dmytrivka,Hostomel,Irpin,Kharkiv,Kherson,Kramatorsk,Lysychansk,Makariv,Mariupol,Moschun,Okhtyrka,Rubizhne,Sievierodonetsk,Trostianets,Volnovakha",480313,7186,473127,0.014961077464070304,LightGBM-300-MIA,manifest_default_minus_leakage,0,GroupKFold,5,native_nan,none,balanced,0.8049865640648248,0.09382708114057993,0.04978810849527188,0.8125521848037851,0.765184369359147,0.7885085585262102,0.16305716930739667,0.045588554614031246,0.47065882541087123,0.1664744628150971,0.7644649322486351,5839,111438,361689,1347,0.05152310877299899,0.03159390981960991,0.19398352814107375,480313,0.014961077464070304,,,,,,F8 fusion_composite_blockstats audit sweep,False,,2026-04-26T20:18:08.811594,20260426_182134
