model_id,variant_id,n,n_damaged,auc,n_cities,n_folds,TP,FN,FP,TN,is_leaky,is_degenerate
B0_single_s1_coh_drop_countM,unsupervised_single_score;source=bda_coh_drop_v2;direction=-raw,598595,7332,0.829,21,1,6913,419,266630,324633,False,False
B0_single_s1_coh_running_minX,unsupervised_single_score;source=bda_coh_drop_v2;direction=+raw,598595,7332,0.8237,21,1,6918,414,267022,324241,False,False
CLF_F7_LightGBM,classifier=LightGBM;parquet=F7,480313,7186,0.8221,19,5,3759,3427,58156,414971,False,False
B0_single_s1_coh_running_minM,unsupervised_single_score;source=bda_coh_drop_v2;direction=+raw,598595,7332,0.8177,21,1,6915,417,267024,324239,False,False
B0_single_s1_coh_max_dropM,unsupervised_single_score;source=bda_coh_drop_v2;direction=-raw,598595,7332,0.8092,21,1,6907,425,266855,324408,False,False
CLF_A17_GBM,classifier=GBM;parquet=A17,598595,7332,0.7989,21,5,32,7300,180,591083,False,False
CLF_F7_GBM,classifier=GBM;parquet=F7,480313,7186,0.7985,19,5,27,7159,469,472658,False,False
CLF_A17_LightGBM,classifier=LightGBM;parquet=A17,598595,7332,0.7944,21,5,4273,3059,106730,484533,False,False
B0_single_s1_coh_max_dropX,unsupervised_single_score;source=bda_coh_drop_v2;direction=-raw,598595,7332,0.7854,21,1,6773,559,266270,324993,False,False
CLF_F7_XGBoost,classifier=XGBoost;parquet=F7,480313,7186,0.7552,19,5,419,6767,1302,471825,False,False
NB08b_BDA_RGB+CARD_LogReg,dataset=BDA;feature_set=RGB+CARD;classifier=LogReg,598595,7332,0.7506,21,5,4507,2825,157218,434045,False,False
NB08b_BDA_RGB_ExtraTrees,dataset=BDA;feature_set=RGB;classifier=ExtraTrees,598595,7332,0.7503,21,5,3703,3629,110281,480982,False,False
NB08b_BDA_COH_DROP+RGB+CARD_LogReg,dataset=BDA;feature_set=COH_DROP+RGB+CARD;classifier=LogReg,205942,6144,0.7483,12,5,3464,2680,39728,160070,False,False
CLF_A17_XGBoost,classifier=XGBoost;parquet=A17,598595,7332,0.7444,21,5,329,7003,1764,589499,False,False
B3_logratio_SAVI,unsupervised_logratio;sensor=optical;label=SAVI;direction=-logratio,3533,407,0.7407,5,1,323,84,1444,1682,False,False
NB08b_BDA_COH_DROP+RGB_LogReg,dataset=BDA;feature_set=COH_DROP+RGB;classifier=LogReg,205942,6144,0.7391,12,5,3196,2948,29657,170141,False,False
NB08b_BDA_COH_DROP+RGB+CARD_AdaBoost,dataset=BDA;feature_set=COH_DROP+RGB+CARD;classifier=AdaBoost,205942,6144,0.7381,12,5,0,6144,0,199798,False,False
NB08b_BDA_RGB_RF-200,dataset=BDA;feature_set=RGB;classifier=RF-200,598595,7332,0.7375,21,5,3930,3402,118368,472895,False,False
NB08b_BDA_RGB+CARD_AdaBoost,dataset=BDA;feature_set=RGB+CARD;classifier=AdaBoost,598595,7332,0.7373,21,5,0,7332,0,591263,False,False
B3_logratio_NDVI,unsupervised_logratio;sensor=optical;label=NDVI;direction=-logratio,3533,407,0.7368,5,1,329,78,1438,1688,False,False
NB08b_BDA_RGB+CARD_ExtraTrees,dataset=BDA;feature_set=RGB+CARD;classifier=ExtraTrees,598595,7332,0.7329,21,5,2003,5329,31426,559837,False,False
NB08b_BDA_COH_DROP+RGB_AdaBoost,dataset=BDA;feature_set=COH_DROP+RGB;classifier=AdaBoost,205942,6144,0.7309,12,5,0,6144,0,199798,False,False
NB08b_BDA_RGB_LogReg,dataset=BDA;feature_set=RGB;classifier=LogReg,598595,7332,0.7307,21,5,3367,3965,79709,511554,False,False
NB08b_BDA_RGB_LightGBM,dataset=BDA;feature_set=RGB;classifier=LightGBM,598595,7332,0.7306,21,5,4643,2689,162300,428963,False,False
CLF_F7_ExtraTrees,classifier=ExtraTrees;parquet=F7,480313,7186,0.7201,19,5,333,6853,19016,454111,False,False
NB08b_BDA_RGB_UISEM_voting,dataset=BDA;feature_set=RGB;classifier=UISEM_voting,598595,7332,0.7194,21,5,8,7324,31,591232,False,False
NB08b_BDA_RGB_AdaBoost,dataset=BDA;feature_set=RGB;classifier=AdaBoost,598595,7332,0.7121,21,5,0,7332,0,591263,False,False
CLF_A9_LightGBM,classifier=LightGBM;parquet=A9,480313,7186,0.7105,19,5,2815,4371,81345,391782,False,False
NB08b_BDA_RGB+CARD_LightGBM,dataset=BDA;feature_set=RGB+CARD;classifier=LightGBM,598595,7332,0.7062,21,5,3854,3478,119533,471730,False,False
ABL_FUSION_MS_COH_SAR_ALL,scenario=FUSION_MS_COH;sensor=SAR_ALL;parquet=F7,480313,7186,0.7017,19,5,4157,3029,106620,366507,False,False
ABL_FUSION_MS_COH_COH,scenario=FUSION_MS_COH;sensor=COH;parquet=F7,480313,7186,0.7017,19,5,4157,3029,106620,366507,False,False
CLF_A17_ExtraTrees,classifier=ExtraTrees;parquet=A17,598595,7332,0.6996,21,5,738,6594,33964,557299,False,False
NB08b_BDA_CARD_LogReg,dataset=BDA;feature_set=CARD;classifier=LogReg,368288,6431,0.6932,21,5,4260,2171,139553,222304,False,False
NB08b_BDA_COH_DROP+CARD_LogReg,dataset=BDA;feature_set=COH_DROP+CARD;classifier=LogReg,130789,5427,0.6924,12,5,3101,2326,33701,91661,False,False
NB08b_BDA_COH_DROP+CARD_AdaBoost,dataset=BDA;feature_set=COH_DROP+CARD;classifier=AdaBoost,130789,5427,0.6868,12,5,0,5427,0,125362,False,False
NB08b_xBD_RGB_LightGBM,dataset=xBD;feature_set=RGB;classifier=LightGBM,70931,22559,0.677,19,5,13257,9302,15766,32606,False,False
NB08b_BDA_CARD_LightGBM,dataset=BDA;feature_set=CARD;classifier=LightGBM,368288,6431,0.675,21,5,3005,3426,86712,275145,False,False
ABL_ROLLING_SAR_SAR_ALL,scenario=ROLLING_SAR;sensor=SAR_ALL;parquet=A17,598595,7332,0.6706,21,5,641,6691,33784,557479,False,False
NB08b_xBD_RGB_ExtraTrees,dataset=xBD;feature_set=RGB;classifier=ExtraTrees,70931,22559,0.6688,19,5,10401,12158,10630,37742,False,False
NB08b_BDA_COH_DROP+RGB+CARD_GBM,dataset=BDA;feature_set=COH_DROP+RGB+CARD;classifier=GBM,205942,6144,0.6678,12,5,78,6066,1613,198185,False,False
R3b_card_ms,nb09a;cell=R3b,62043,8080,0.6674,19,5,104,7976,177,53786,False,False
R4b_tier0_all,nb09a;cell=R4b,39997,5459,0.6657,4,4,132,5327,220,34318,False,False
R3b_all_multimodal,nb09a;cell=R3b,62043,8080,0.6657,19,5,97,7983,165,53798,False,False
E7c_ExtraTrees,tree_ensemble;classifier=ExtraTrees,62043,8080,0.6617,19,5,180,7900,237,53726,False,False
R5_ExtraTrees_all_multimodal,nb09a;cell=R5,62043,8080,0.6617,19,5,180,7900,237,53726,False,False
NB08b_BDA_RGB_XGBoost,dataset=BDA;feature_set=RGB;classifier=XGBoost,598595,7332,0.6615,21,5,0,7332,0,591263,False,False
NB08b_xBD_RGB_UISEM_voting,dataset=xBD;feature_set=RGB;classifier=UISEM_voting,70931,22559,0.6602,19,5,7582,14977,6294,42078,False,False
NB08b_xBD_RGB_RF-200,dataset=xBD;feature_set=RGB;classifier=RF-200,70931,22559,0.6592,19,5,8314,14245,7574,40798,False,False
R3_ms_plus_blocks_F8,nb09a;cell=R3,62043,8080,0.6591,19,5,88,7992,169,53794,False,False
B5_sub_RF,uisem_sub_classifier;classifier=RF;features=all_multimodal,62043,8080,0.6591,19,5,88,7992,169,53794,False,False
E1_base_RF,stacking_base;classifier=RF;features=all_multimodal,62043,8080,0.6591,19,5,88,7992,169,53794,False,False
R5_RF-200_all_multimodal,nb09a;cell=R5,62043,8080,0.6591,19,5,88,7992,169,53794,False,False
NB08b_BDA_RGB_GBM,dataset=BDA;feature_set=RGB;classifier=GBM,598595,7332,0.6586,21,5,10,7322,48,591215,False,False
B6_AdaBoost_alone,uisem_sub_classifier;classifier=AdaBoost;features=all_multimodal,62043,8080,0.6575,19,5,6,8074,43,53920,False,False
ABL_FUSION_MS_COH_ALL,scenario=FUSION_MS_COH;sensor=ALL;parquet=F7,480313,7186,0.6567,19,5,211,6975,18873,454254,False,False
CLF_F7_RF_200,classifier=RF_200;parquet=F7,480313,7186,0.6567,19,5,211,6975,18873,454254,False,False
NB08b_BDA_RGB+CARD_XGBoost,dataset=BDA;feature_set=RGB+CARD;classifier=XGBoost,598595,7332,0.6562,21,5,9,7323,63,591200,False,False
NB08b_BDA_COH_DROP+RGB+CARD_LightGBM,dataset=BDA;feature_set=COH_DROP+RGB+CARD;classifier=LightGBM,205942,6144,0.6558,12,5,2467,3677,28282,171516,False,False
E6_A_impute+obs_all_multimodal,nan_ablation;strategy=A_impute+obs;modality=all_multimodal,62043,8080,0.6558,19,5,120,7960,198,53765,False,False
D2_sar_+_ms,ablation=SAR + MS (multimodal),62043,8080,0.6554,19,5,33,8047,51,53912,False,False
B5_UISEM_all_features,uisem_ensemble;sub=RF+GB+XGB+AB;features=all_multimodal,62043,8080,0.6546,19,5,145,7935,262,53701,False,False
E5_HistGBM_native_NaN,histgbm_native_nan;imputation=none,62043,8080,0.6546,19,5,3345,4735,11533,42430,False,False
B7_UISEM_card+ms,uisem_sensor_ablation;sub=RF+GB+XGB;sensor_group=card+ms,62043,8080,0.6541,19,5,179,7901,336,53627,False,False
R4_tier0_ms,nb09a;cell=R4,39997,5459,0.6539,4,4,181,5278,249,34289,False,False
NB08b_xBD_RGB_GBM,dataset=xBD;feature_set=RGB;classifier=GBM,70931,22559,0.6528,19,5,7185,15374,6041,42331,False,False
NB08b_BDA_COH_DROP+RGB+CARD_XGBoost,dataset=BDA;feature_set=COH_DROP+RGB+CARD;classifier=XGBoost,205942,6144,0.6525,12,5,27,6117,46,199752,False,False
NB08b_xBD_RGB_XGBoost,dataset=xBD;feature_set=RGB;classifier=XGBoost,70931,22559,0.6524,19,5,7449,15110,6431,41941,False,False
E7c_HistGBM_imputed,tree_ensemble;classifier=HistGBM;imputation=median,62043,8080,0.652,19,5,3376,4704,11909,42054,False,False
R3b_ms_only,nb09a;cell=R3b,62043,8080,0.6515,19,5,224,7856,343,53620,False,False
R3b_coh_ms,nb09a;cell=R3b,62043,8080,0.6514,19,5,191,7889,242,53721,False,False
R3_ms_only_A9,nb09a;cell=R3,62043,8080,0.6504,19,5,237,7843,357,53606,False,False
E1_stacking_LogReg,stacking_meta;meta=LogReg;base=RF+GBM+XGB+LGBM,62043,8080,0.6487,19,5,141,7939,280,53683,False,False
NB08b_BDA_COH_DROP+RGB_GBM,dataset=BDA;feature_set=COH_DROP+RGB;classifier=GBM,205942,6144,0.6485,12,5,74,6070,1822,197976,False,False
E1_soft_voting,stacking_soft_voting;base=RF+GBM+XGB+LGBM,62043,8080,0.648,19,5,389,7691,798,53165,False,False
NB08b_BDA_COH_DROP+RGB+CARD_ExtraTrees,dataset=BDA;feature_set=COH_DROP+RGB+CARD;classifier=ExtraTrees,205942,6144,0.6476,12,5,1551,4593,10745,189053,False,False
D2_sar_+_ms_+_coh,ablation=SAR + MS + COH (full),62043,8080,0.6468,19,5,32,8048,55,53908,False,False
CLF_A17_RF_200,classifier=RF_200;parquet=A17,598595,7332,0.6466,21,5,638,6694,33787,557476,False,False
ABL_ROLLING_SAR_ALL,scenario=ROLLING_SAR;sensor=ALL;parquet=A17,598595,7332,0.6466,21,5,638,6694,33787,557476,False,False
B7_UISEM_ms_only,uisem_sensor_ablation;sub=RF+GB+XGB;sensor_group=ms_only,62043,8080,0.6465,19,5,340,7740,567,53396,False,False
D4_f8_strategy_B_impute,nan_strategy=B_impute_all_rows,62043,8080,0.6464,19,5,35,8045,61,53902,False,False
D2_all_features,ablation=All features (clean),62043,8080,0.6464,19,5,35,8045,61,53902,False,False
D6_ms_only,sensor=MS_only,62043,8080,0.6464,19,5,104,7976,128,53835,False,False
D4_a9_ms_only,nan_strategy=no_nan_baseline,62043,8080,0.6464,19,5,104,7976,128,53835,False,False
B6_UISEM_no_AdaBoost,uisem_ensemble;sub=RF+GB+XGB;features=all_multimodal;ablation=no_adaboost,62043,8080,0.6459,19,5,196,7884,367,53596,False,False
B7_UISEM_all_multimodal,uisem_sensor_ablation;sub=RF+GB+XGB;sensor_group=all_multimodal,62043,8080,0.6459,19,5,196,7884,367,53596,False,False
D2_ms-only,ablation=MS-only (optical composites),62043,8080,0.6459,19,5,110,7970,142,53821,False,False
NB08b_BDA_COH_DROP_LogReg,dataset=BDA;feature_set=COH_DROP;classifier=LogReg,21434,1431,0.6458,12,5,867,564,7009,12994,False,False
E2_LightGBM_ms,lightgbm_sensor_ablation;sensor=ms,62043,8080,0.6455,19,5,3022,5058,10580,43383,False,False
NB08b_BDA_COH_DROP+RGB_ExtraTrees,dataset=BDA;feature_set=COH_DROP+RGB;classifier=ExtraTrees,205942,6144,0.6443,12,5,2163,3981,21025,178773,False,False
NB08b_BDA_CARD_ExtraTrees,dataset=BDA;feature_set=CARD;classifier=ExtraTrees,368288,6431,0.6441,21,5,111,6320,256,361601,False,False
NB08b_xBD_RGB_AdaBoost,dataset=xBD;feature_set=RGB;classifier=AdaBoost,70931,22559,0.6435,19,5,952,21607,1107,47265,False,False
D1c_pre_composite,pre_only,62043,8080,0.6431,19,5,113,7967,133,53830,False,False
NB08b_BDA_RGB+CARD_GBM,dataset=BDA;feature_set=RGB+CARD;classifier=GBM,598595,7332,0.6425,21,5,42,7290,11832,579431,False,False
NB08b_BDA_COH_DROP+RGB_LightGBM,dataset=BDA;feature_set=COH_DROP+RGB;classifier=LightGBM,205942,6144,0.6408,12,5,2926,3218,41966,157832,False,False
B0_single_s1_vh_median,unsupervised_change;source=bda_block_stats_v2;direction=drop,598595,7332,0.6403,21,1,5357,1975,276755,314508,False,False
E1_base_LGBM,stacking_base;classifier=LGBM;features=all_multimodal,62043,8080,0.6398,19,5,2391,5689,7623,46340,False,False
E2_LightGBM_all,lightgbm;features=all_multimodal,62043,8080,0.6398,19,5,2391,5689,7623,46340,False,False
B5_sub_GBM,uisem_sub_classifier;classifier=GBM;features=all_multimodal,62043,8080,0.6394,19,5,154,7926,251,53712,False,False
B7_UISEM_coh+ms,uisem_sensor_ablation;sub=RF+GB+XGB;sensor_group=coh+ms,62043,8080,0.6362,19,5,227,7853,481,53482,False,False
R3_ms_plus_cohdrop_F7,nb09a;cell=R3,51293,6867,0.6348,11,5,167,6700,221,44205,False,False
E7b_RidgeClassifier,probabilistic;classifier=RidgeClassifier,62043,8080,0.634,19,5,4444,3636,19144,34819,False,False
R5_XGBoost_all_multimodal,nb09a;cell=R5,62043,8080,0.6333,19,5,153,7927,364,53599,False,False
B0_single_s1_vv_median,unsupervised_change;source=bda_block_stats_v2;direction=drop,598595,7332,0.6322,21,1,5255,2077,275645,315618,False,False
R5_GBM_all_multimodal,nb09a;cell=R5,62043,8080,0.6321,19,5,225,7855,588,53375,False,False
E1_base_GBM,stacking_base;classifier=GBM;features=all_multimodal,62043,8080,0.6321,19,5,225,7855,588,53375,False,False
D1i_allblocks_random,random_cv,63243,8247,0.6321,21,5,200,8047,355,54641,True,False
NB08b_xBD_RGB_LogReg,dataset=xBD;feature_set=RGB;classifier=LogReg,70931,22559,0.6316,19,5,12925,9634,18393,29979,False,False
E7d_MLP_256_128_64,mlp;classifier=MLP_256_128_64,62043,8080,0.6316,19,5,128,7952,338,53625,False,False
R5_LightGBM_all_multimodal,nb09a;cell=R5,62043,8080,0.6313,19,5,2177,5903,7490,46473,False,False
E7b_LDA,discriminant;classifier=LDA,62043,8080,0.6305,19,5,288,7792,1110,52853,False,False
E6_B_nativeNaN_all_multimodal,nan_ablation;strategy=B_native_nan;modality=all_multimodal,62043,8080,0.63,19,5,2138,5942,7317,46646,False,False
E5_LightGBM_native_NaN,lightgbm_native_nan;imputation=none,62043,8080,0.63,19,5,2138,5942,7317,46646,False,False
NB08b_BDA_COH_DROP+CARD_LightGBM,dataset=BDA;feature_set=COH_DROP+CARD;classifier=LightGBM,130789,5427,0.6291,12,5,2059,3368,20987,104375,False,False
NB08b_BDA_COH_DROP+RGB_RF-200,dataset=BDA;feature_set=COH_DROP+RGB;classifier=RF-200,205942,6144,0.6277,12,5,2149,3995,24011,175787,False,False
CLF_A9_XGBoost,classifier=XGBoost;parquet=A9,480313,7186,0.6274,19,5,220,6966,2571,470556,False,False
R4b_tier1_all,nb09a;cell=R4b,18513,2214,0.6271,10,5,4,2210,4,16295,False,False
E7_LogReg,non_tree;classifier=LogReg;features=all_multimodal,62043,8080,0.6271,19,5,4390,3690,19117,34846,False,False
NB08b_BDA_COH_DROP+RGB_XGBoost,dataset=BDA;feature_set=COH_DROP+RGB;classifier=XGBoost,205942,6144,0.626,12,5,14,6130,43,199755,False,False
NB08b_BRIGHT_all_LogReg,dataset=BRIGHT;feature_set=all;classifier=LogReg,92423,14126,0.6251,14,5,8616,5510,28519,49778,False,False
NB08b_BDA_COH_DROP+RGB_UISEM_voting,dataset=BDA;feature_set=COH_DROP+RGB;classifier=UISEM_voting,205942,6144,0.6248,12,5,45,6099,102,199696,False,False
B0_single_s1_vh_min,unsupervised_change;source=bda_block_stats_v2;direction=|change|,598595,7332,0.6239,21,1,4610,2722,294688,296575,False,False
D1c_post_composite,post_only,62043,8080,0.6232,19,5,193,7887,196,53767,False,False
B3_logratio_NDBI,unsupervised_logratio;sensor=optical;label=NDBI;direction=|logratio|,3533,407,0.6219,5,1,262,145,1505,1621,False,False
NB08b_BDA_COH_DROP+CARD_UISEM_voting,dataset=BDA;feature_set=COH_DROP+CARD;classifier=UISEM_voting,130789,5427,0.6194,12,5,17,5410,31,125331,False,False
D3_clean,leakage_demo_clean,51293,6867,0.6189,11,5,69,6798,88,44338,True,False
D6_fusion,sensor=fusion_MS_SAR_COH,51293,6867,0.6189,11,5,69,6798,88,44338,False,False
D3_leaky,leakage_demo_with_leaks,51293,6867,0.6173,11,5,68,6799,62,44364,True,False
CLF_A9_GBM,classifier=GBM;parquet=A9,480313,7186,0.617,19,5,10,7176,221,472906,False,False
NB08b_BDA_COH_DROP+CARD_RF-200,dataset=BDA;feature_set=COH_DROP+CARD;classifier=RF-200,130789,5427,0.6156,12,5,101,5326,188,125174,False,False
NB08b_BDA_COH_DROP_ExtraTrees,dataset=BDA;feature_set=COH_DROP;classifier=ExtraTrees,21434,1431,0.6117,12,5,22,1409,780,19223,False,False
NB08b_BDA_CARD_XGBoost,dataset=BDA;feature_set=CARD;classifier=XGBoost,368288,6431,0.6116,21,5,6,6425,12,361845,False,False
NB08b_BDA_COH_DROP+CARD_XGBoost,dataset=BDA;feature_set=COH_DROP+CARD;classifier=XGBoost,130789,5427,0.6108,12,5,20,5407,58,125304,False,False
NB08b_BDA_COH_DROP+CARD_ExtraTrees,dataset=BDA;feature_set=COH_DROP+CARD;classifier=ExtraTrees,130789,5427,0.6102,12,5,852,4575,5214,120148,False,False
E7b_NearestCentroid,probabilistic;classifier=NearestCentroid,62043,8080,0.6064,19,5,4039,4041,19165,34798,False,False
NB08b_BDA_COH_DROP+CARD_GBM,dataset=BDA;feature_set=COH_DROP+CARD;classifier=GBM,130789,5427,0.605,12,5,67,5360,1345,124017,False,False
B5_sub_XGB,uisem_sub_classifier;classifier=XGBoost;features=all_multimodal,62043,8080,0.6023,19,5,879,7201,2850,51113,False,False
E1_base_XGB,stacking_base;classifier=XGB;features=all_multimodal,62043,8080,0.6023,19,5,879,7201,2850,51113,False,False
D1j_dynamic_random,random_cv,293116,29543,0.6019,21,5,8652,20891,61235,202338,True,False
E7d_MLP_128_64,mlp;classifier=MLP_128_64,62043,8080,0.6018,19,5,232,7848,602,53361,False,False
B0_single_s1_vv_min,unsupervised_change;source=bda_block_stats_v2;direction=|change|,598595,7332,0.6007,21,1,4568,2764,294730,296533,False,False
NB08b_BDA_CARD_GBM,dataset=BDA;feature_set=CARD;classifier=GBM,368288,6431,0.6002,21,5,30,6401,2505,359352,False,False
L2b_ndvi_delta,plausibility_standalone;signal=ndvi_delta;higher_is_damage=False,62043,8080,0.5995,19,1,5202,2878,25820,28143,False,False
NB08b_BDA_CARD_AdaBoost,dataset=BDA;feature_set=CARD;classifier=AdaBoost,368288,6431,0.5959,21,5,0,6431,0,361857,False,False
NB08b_BRIGHT_all_LightGBM,dataset=BRIGHT;feature_set=all;classifier=LightGBM,92423,14126,0.592,14,5,7845,6281,32729,45568,False,False
B3_logratio_BSI,unsupervised_logratio;sensor=optical;label=BSI;direction=|logratio|,3533,407,0.5887,5,1,257,150,1510,1616,False,False
B4_step3_card+coh+optical,unsupervised_combined;step=step3_card+coh+optical;n_scores=8,1186,93,0.5877,1,1,60,33,534,559,False,False
L2b_lu_implausible_damage,plausibility_standalone;signal=lu_implausible_damage;higher_is_damage=False,480313,7186,0.5853,19,1,4832,2354,237423,235704,False,False
D1j_dynamic_groupkfold,groupkfold_cv,293116,29543,0.5846,21,5,8138,21405,56901,206672,False,False
NB08b_BRIGHT_all_ExtraTrees,dataset=BRIGHT;feature_set=all;classifier=ExtraTrees,92423,14126,0.5842,14,5,6650,7476,24829,53468,False,False
E7_KNN_15,non_tree;classifier=KNN_15;features=all_multimodal,62043,8080,0.5801,19,5,123,7957,292,53671,False,False
E7b_QDA,discriminant;classifier=QDA,62043,8080,0.5765,19,5,2051,6029,9114,44849,False,False
B0_single_s1_vh_max,unsupervised_change;source=bda_block_stats_v2;direction=|change|,598595,7332,0.5754,21,1,5025,2307,294273,296990,False,False
B4_step4_all+methods,unsupervised_combined;step=step4_all+methods;n_scores=18,1186,93,0.5738,1,1,54,39,540,553,False,False
ABL_ROLLING_SAR_COH,scenario=ROLLING_SAR;sensor=COH;parquet=A17,598595,7332,0.5737,21,5,1805,5527,90275,500988,False,False
B0_single_s1_vv_kurtosis,unsupervised_change;source=bda_block_stats_v2;direction=drop,598595,7332,0.5723,21,1,5148,2184,293750,297513,False,False
B0_single_s1_vh_skewness,unsupervised_change;source=bda_block_stats_v2;direction=drop,598595,7332,0.5717,21,1,4466,2866,271171,320092,False,False
R4_tier1_ms,nb09a;cell=R4,18513,2214,0.5709,10,5,87,2127,473,15826,False,False
NB08b_BDA_COH_DROP+RGB+CARD_UISEM_voting,dataset=BDA;feature_set=COH_DROP+RGB+CARD;classifier=UISEM_voting,205942,6144,0.5668,12,5,25,6119,49,199749,False,False
B0_single_s1_vv_max,unsupervised_change;source=bda_block_stats_v2;direction=|change|,598595,7332,0.5659,21,1,4613,2719,265357,325906,False,False
CLF_A9_ExtraTrees,classifier=ExtraTrees;parquet=A9,480313,7186,0.5648,19,5,178,7008,19112,454015,False,False
E7_KNN_5,non_tree;classifier=KNN_5;features=all_multimodal,62043,8080,0.5645,19,5,416,7664,1549,52414,False,False
NB08b_BDA_COH_DROP_AdaBoost,dataset=BDA;feature_set=COH_DROP;classifier=AdaBoost,21434,1431,0.5627,12,5,0,1431,0,20003,False,False
B0_single_s1_vh_kurtosis,unsupervised_change;source=bda_block_stats_v2;direction=drop,598595,7332,0.5622,21,1,5074,2258,294224,297039,False,False
B0_single_s1_vv_skewness,unsupervised_change;source=bda_block_stats_v2;direction=drop,598595,7332,0.5614,21,1,4498,2834,277560,313703,False,False
B0_single_s1_vh_std,unsupervised_change;source=bda_block_stats_v2;direction=drop,598595,7332,0.5611,21,1,4409,2923,294889,296374,False,False
NB08b_BDA_CARD_UISEM_voting,dataset=BDA;feature_set=CARD;classifier=UISEM_voting,368288,6431,0.5604,21,5,6,6425,4,361853,False,False
R1_random_cv,nb09a;cell=R1,63243,8247,0.5569,21,5,305,7942,884,54112,False,False
R4b_tier1_card,nb09a;cell=R4b,19020,2282,0.5506,11,5,194,2088,483,16255,False,False
R4_tier1_dietrich28,nb09a;cell=R4,19020,2282,0.5506,11,5,194,2088,483,16255,False,False
B0_single_s1_vv_std,unsupervised_change;source=bda_block_stats_v2;direction=drop,598595,7332,0.5496,21,1,4164,3168,295134,296129,False,False
NB08b_BDA_COH_DROP_RF-200,dataset=BDA;feature_set=COH_DROP;classifier=RF-200,21434,1431,0.5483,12,5,0,1431,7,19996,False,False
NB08b_BDA_CARD_RF-200,dataset=BDA;feature_set=CARD;classifier=RF-200,368288,6431,0.5473,21,5,16,6415,15,361842,False,False
E6_A_impute+obs_card+coh,nan_ablation;strategy=A_impute+obs;modality=card+coh,62043,8080,0.5449,19,5,24,8056,73,53890,False,False
NB08b_BDA_RGB+CARD_UISEM_voting,dataset=BDA;feature_set=RGB+CARD;classifier=UISEM_voting,598595,7332,0.5442,21,5,6,7326,25,591238,False,False
B3_logratio_UI,unsupervised_logratio;sensor=optical;label=UI;direction=|logratio|,3533,407,0.5442,5,1,222,185,1545,1581,False,False
NB08b_BDA_RGB+CARD_RF-200,dataset=BDA;feature_set=RGB+CARD;classifier=RF-200,598595,7332,0.5441,21,5,152,7180,1241,590022,False,False
R3b_card_coh,nb09a;cell=R3b,62043,8080,0.5423,19,5,23,8057,71,53892,False,False
E6_C_SAR_only_no_NaN,nan_ablation;strategy=C_sar_only_no_nan;modality=card+coh,62043,8080,0.5414,19,5,22,8058,69,53894,False,False
ABL_PREPOST_SAR_ALL,scenario=PREPOST_SAR;sensor=ALL;parquet=A13,598595,7332,0.5405,21,5,612,6720,33666,557597,False,False
ABL_FUSION_MS_COH_MS,scenario=FUSION_MS_COH;sensor=MS;parquet=F7,480313,7186,0.5394,19,5,169,7017,19153,453974,False,False
B1_PWTT_VV+VH,unsupervised_pwtt;pol=vv+vh,62151,8013,0.5385,20,1,4360,3653,26716,27422,False,False
NB08b_BRIGHT_all_RF-200,dataset=BRIGHT;feature_set=all;classifier=RF-200,92423,14126,0.5368,14,5,3077,11049,10930,67367,False,False
B4_step2_card+coh,unsupervised_combined;step=step2_card+coh;n_scores=5,51800,6935,0.5368,12,1,3783,3152,22118,22747,False,False
E6_A_impute+obs_card_only,nan_ablation;strategy=A_impute+obs;modality=card_only,62043,8080,0.5361,19,5,161,7919,335,53628,False,False
R3_card_block_stats_A15,nb09a;cell=R3,63243,8247,0.5358,21,5,11,8236,6,54990,False,False
R4b_tier2_card,nb09a;cell=R4b,4226,506,0.5357,6,5,21,485,87,3633,False,False
R4_tier2_dietrich28,nb09a;cell=R4,4226,506,0.5357,6,5,21,485,87,3633,False,False
ABL_PREPOST_MS_MS,scenario=PREPOST_MS;sensor=MS;parquet=A9,480313,7186,0.5356,19,5,167,7019,19164,453963,False,False
ABL_PREPOST_MS_ALL,scenario=PREPOST_MS;sensor=ALL;parquet=A9,480313,7186,0.5356,19,5,167,7019,19164,453963,False,False
CLF_A9_RF_200,classifier=RF_200;parquet=A9,480313,7186,0.5356,19,5,167,7019,19164,453963,False,False
D2_sar-only,ablation=SAR-only (Dietrich equivalent),62043,8080,0.5329,19,5,152,7928,331,53632,False,False
NB08b_BDA_COH_DROP+RGB+CARD_RF-200,dataset=BDA;feature_set=COH_DROP+RGB+CARD;classifier=RF-200,205942,6144,0.532,12,5,253,5891,953,198845,False,False
NB08b_BRIGHT_all_UISEM_voting,dataset=BRIGHT;feature_set=all;classifier=UISEM_voting,92423,14126,0.5316,14,5,1339,12787,2801,75496,False,False
R3b_card_only,nb09a;cell=R3b,62043,8080,0.5313,19,5,164,7916,338,53625,False,False
B1_PWTT_VH_exact,unsupervised_pwtt;pol=vh;direction=|t|,62151,8013,0.5312,20,1,4317,3696,26759,27379,False,False
NB08b_BRIGHT_all_GBM,dataset=BRIGHT;feature_set=all;classifier=GBM,92423,14126,0.5266,14,5,939,13187,1671,76626,False,False
B1_PWTT_VV_exact,unsupervised_pwtt;pol=vv;direction=|t|,62151,8013,0.526,20,1,4243,3770,26833,27305,False,False
B4_step1_card,unsupervised_combined;step=step1_card;n_scores=2,63243,8247,0.5259,21,1,4398,3849,27224,27772,False,False
NB08b_BRIGHT_all_AdaBoost,dataset=BRIGHT;feature_set=all;classifier=AdaBoost,92423,14126,0.5259,14,5,0,14126,0,78297,False,False
D1_blk_pre+post_all,feat_set=pre+post_all,63243,8247,0.5256,21,5,4,8243,18,54978,False,False
R2_roll13,nb09a;cell=R2,63243,8247,0.5255,21,5,15,8232,65,54931,False,False
NB08b_BRIGHT_all_XGBoost,dataset=BRIGHT;feature_set=all;classifier=XGBoost,92423,14126,0.5255,14,5,1064,13062,2100,76197,False,False
R2_roll7,nb09a;cell=R2,63243,8247,0.5251,21,5,19,8228,53,54943,False,False
R2_roll3,nb09a;cell=R2,63243,8247,0.5248,21,5,24,8223,80,54916,False,False
B0_single_s1_coh_running_min,unsupervised_single_score;source=bda_coh_drop_v3;direction=+raw,51800,6935,0.5245,12,1,4639,2296,28052,16813,False,False
R3_coh_only_A14,nb09a;cell=R3,51800,6935,0.5242,12,5,4119,2816,24740,20125,False,False
D1_blk_pre_baseline_all,feat_set=pre_baseline_all,63243,8247,0.5237,21,5,5,8242,3,54993,False,False
D1e_zonal_max,zonal=max,63243,8247,0.5235,21,5,25,8222,16,54980,False,False
B0_single_s1_vh_mean,unsupervised_change;source=bda_block_stats_v3;direction=|change|,63243,8247,0.523,21,1,4310,3937,27312,27684,False,False
R0c_roll7_baseline+assessment,nb09a;cell=R0c,63243,8247,0.523,21,5,13,8234,29,54967,False,False
D1_blk_post_block_all,feat_set=post_block_all,63243,8247,0.5224,21,5,6,8241,16,54980,False,False
D1i_allblocks_groupkfold,groupkfold_cv,63243,8247,0.5217,21,5,6,8241,0,54996,False,False
B3_logratio_IBI,unsupervised_logratio;sensor=optical;label=IBI;direction=-logratio,3533,407,0.5216,5,1,215,192,1552,1574,False,False
B3_logratio_VV,unsupervised_logratio;sensor=sar;label=VV;direction=|logratio|,63243,8247,0.5205,21,1,4357,3890,27265,27731,False,False
D1e_zonal_min,zonal=min,63243,8247,0.5202,21,5,27,8220,20,54976,False,False
E8_IsolationForest_c=0.050,unsupervised_isolation_forest;contamination=0.050,62043,8080,0.5201,19,1,4249,3831,26773,27190,False,False
E8_IsolationForest_c=0.100,unsupervised_isolation_forest;contamination=0.100,62043,8080,0.5201,19,1,4249,3831,26773,27190,False,False
E8_IsolationForest_c=0.130,unsupervised_isolation_forest;contamination=0.130,62043,8080,0.5201,19,1,4249,3831,26773,27190,False,False
D6_sar_only,sensor=SAR_only,63243,8247,0.5197,21,5,3,8244,4,54992,False,False
R0c_roll13_baseline+assessment,nb09a;cell=R0c,63243,8247,0.5194,21,5,11,8236,30,54966,False,False
R5_ExtraTrees_dietrich28,nb09a;cell=R5,63243,8247,0.5189,21,5,599,7648,3139,51857,False,False
R0c_roll3_baseline+assessment,nb09a;cell=R0c,63243,8247,0.5185,21,5,12,8235,29,54967,False,False
B0_single_s1_vv_mean,unsupervised_change;source=bda_block_stats_v3;direction=|change|,63243,8247,0.5184,21,1,4309,3938,27313,27683,False,False
B3_logratio_NDSI,unsupervised_logratio;sensor=optical;label=NDSI;direction=-logratio,3533,407,0.5176,5,1,218,189,1549,1577,False,False
B3_logratio_MNDWI,unsupervised_logratio;sensor=optical;label=MNDWI;direction=-logratio,3533,407,0.5176,5,1,218,189,1549,1577,False,False
R3_card_only_prepost_A13,nb09a;cell=R3,63243,8247,0.5174,21,5,111,8136,397,54599,False,False
R0b_prepost_single_card_groupkfold,nb09a;cell=R0b,63243,8247,0.5174,21,5,111,8136,397,54599,False,False
D1e_zonal_median,zonal=median,63243,8247,0.5166,21,5,9,8238,15,54981,False,False
R5_RF-200_dietrich28,nb09a;cell=R5,63243,8247,0.5161,21,5,102,8145,475,54521,False,False
R0_dietrich28_faithful_groupkfold,nb09a;cell=R0,63243,8247,0.5161,21,5,102,8145,475,54521,False,False
R1_groupkfold,nb09a;cell=R1,63243,8247,0.5161,21,5,102,8145,475,54521,False,False
R1_geographic_70_30,nb09a;cell=R1,9121,1127,0.5158,7,1,31,1096,160,7834,False,False
B3_logratio_VH,unsupervised_logratio;sensor=sar;label=VH;direction=|logratio|,63243,8247,0.5155,21,1,4267,3980,27355,27641,False,False
B0_single_s1_coh_max_drop,unsupervised_single_score;source=bda_coh_drop_v3;direction=-raw,51800,6935,0.5149,12,1,4566,2369,27978,16887,False,False
D1_pre+post+delta,feat_set=pre+post+delta,63243,8247,0.5145,21,5,33,8214,94,54902,False,False
D1d_pre+post+delta,feat_set=pre+post+delta,63243,8247,0.5145,21,5,33,8214,94,54902,False,False
B7_UISEM_card+coh,uisem_sensor_ablation;sub=RF+GB+XGB;sensor_group=card+coh,62043,8080,0.5141,19,5,38,8042,161,53802,False,False
B7_UISEM_card+coh+delta,uisem_sensor_ablation;sub=RF+GB+XGB;sensor_group=card+coh+delta,62043,8080,0.5141,19,5,38,8042,161,53802,False,False
E7_SVM_rbf,non_tree;classifier=SVM_rbf;features=all_multimodal,62043,8080,0.5141,19,5,0,8080,0,53963,False,False
D1_delta_only,feat_set=delta_only,63243,8247,0.5123,21,5,129,8118,810,54186,False,False
NB08b_BDA_COH_DROP_UISEM_voting,dataset=BDA;feature_set=COH_DROP;classifier=UISEM_voting,21434,1431,0.5123,12,5,0,1431,1,20002,False,False
D1d_delta_only,feat_set=delta_only,63243,8247,0.5123,21,5,129,8118,810,54186,False,False
D1e_zonal_mean,zonal=mean,63243,8247,0.5121,21,5,13,8234,16,54980,False,False
R4b_tier0_card,nb09a;cell=R4b,39997,5459,0.5108,4,4,88,5371,418,34120,False,False
R4_tier0_dietrich28,nb09a;cell=R4,39997,5459,0.5108,4,4,88,5371,418,34120,False,False
R5_GBM_dietrich28,nb09a;cell=R5,63243,8247,0.507,21,5,22,8225,123,54873,False,False
E2_LightGBM_card+coh,lightgbm_sensor_ablation;sensor=card+coh,62043,8080,0.5069,19,5,1166,6914,7301,46662,False,False
B7_UISEM_card_only,uisem_sensor_ablation;sub=RF+GB+XGB;sensor_group=card_only,62043,8080,0.5065,19,5,38,8042,147,53816,False,False
D1_post_only,feat_set=post_only,63243,8247,0.5058,21,5,124,8123,862,54134,False,False
D1d_post_only,feat_set=post_only,63243,8247,0.5058,21,5,124,8123,862,54134,False,False
D1d_pre_only,feat_set=pre_only,63243,8247,0.5054,21,5,138,8109,865,54131,False,False
D1_pre_only,feat_set=pre_only,63243,8247,0.5054,21,5,138,8109,865,54131,False,False
B0_single_s1_coh_drop_count,unsupervised_single_score;source=bda_coh_drop_v3;direction=-raw,51800,6935,0.5037,12,1,6734,201,43240,1625,False,False
R5_XGBoost_dietrich28,nb09a;cell=R5,63243,8247,0.5036,21,5,26,8221,139,54857,False,False
D1_pre+post,feat_set=pre+post,63243,8247,0.5034,21,5,20,8227,80,54916,False,False
R5_LightGBM_dietrich28,nb09a;cell=R5,63243,8247,0.5033,21,5,2387,5860,15104,39892,False,False
D1e_zonal_std,zonal=std,63243,8247,0.5032,21,5,3,8244,15,54981,False,False
R4b_tier2_all,nb09a;cell=R4b,3533,407,0.5024,5,5,0,407,0,3126,False,False
E6_B_nativeNaN_card+coh,nan_ablation;strategy=B_native_nan;modality=card+coh,62043,8080,0.5011,19,5,1226,6854,7861,46102,False,False
E6_B_nativeNaN_card_only,nan_ablation;strategy=B_native_nan;modality=card_only,62043,8080,0.5005,19,5,1165,6915,7556,46407,False,False
D1_blk_pre+post_mean,feat_set=pre+post_mean,63243,8247,0.5003,21,5,154,8093,1130,53866,False,False
L2b_s2__lu__urban_retained,plausibility_standalone;signal=s2__lu__urban_retained;higher_is_damage=False,62043,8080,0.5,19,1,8080,0,53963,0,False,False
L2b_s2__lu__urban_retained_mean,plausibility_standalone;signal=s2__lu__urban_retained_mean;higher_is_damage=False,598595,7332,0.5,21,1,7332,0,591263,0,False,False
L2b_bldg_reliable,plausibility_standalone;signal=bldg_reliable;higher_is_damage=True,63243,8247,0.5,21,1,8247,0,54996,0,False,False
L2b_plausibility_score,plausibility_standalone;signal=plausibility_score;higher_is_damage=True,63243,8247,0.499,21,1,563,7684,3865,51131,False,False
D1_blk_pre_baseline_mean,feat_set=pre_baseline_mean,63243,8247,0.4985,21,5,125,8122,897,54099,False,False
D1_blk_post_block_mean,feat_set=post_block_mean,63243,8247,0.4985,21,5,125,8122,897,54099,False,False
E7b_GaussianNB,probabilistic;classifier=GaussianNB,62043,8080,0.4983,19,5,2309,5771,13732,40231,False,False
E2_LightGBM_card,lightgbm_sensor_ablation;sensor=card,62043,8080,0.494,19,5,1149,6931,7703,46260,False,False
D2_coh-only,ablation=COH-only (coherence baselines),62043,8080,0.4914,19,5,145,7935,1109,52854,False,False
L2b_s2__lu__date_persistent_loss,plausibility_standalone;signal=s2__lu__date_persistent_loss;higher_is_damage=True,62043,8080,0.4913,19,1,3328,4752,23118,30845,False,False
B2_CCD_exact_vh,unsupervised_ccd;mode=exact;pol=vh,101911,4304,0.4862,12,1,2050,2254,48906,48701,False,False
ABL_ROLLING_SAR_CARD,scenario=ROLLING_SAR;sensor=CARD;parquet=A17,598595,7332,0.486,21,5,600,6732,33685,557578,False,False
R3b_coh_only,nb09a;cell=R3b,62043,8080,0.4852,19,5,167,7913,1207,52756,False,False
E6_A_impute+obs_coh_only,nan_ablation;strategy=A_impute+obs;modality=coh_only,62043,8080,0.4852,19,5,167,7913,1207,52756,False,False
L2b_coh_drop,plausibility_standalone;signal=coh_drop;higher_is_damage=True,51800,6935,0.4851,12,1,2369,4566,16887,27978,False,False
L2b_lu_plausible_damage,plausibility_standalone;signal=lu_plausible_damage;higher_is_damage=True,480313,7186,0.485,19,1,1217,5969,94277,378850,False,False
E2_LightGBM_coh,lightgbm_sensor_ablation;sensor=coh,62043,8080,0.4838,19,5,1280,6800,9412,44551,False,False
E6_B_nativeNaN_coh_only,nan_ablation;strategy=B_native_nan;modality=coh_only,62043,8080,0.4838,19,5,1280,6800,9412,44551,False,False
B7_UISEM_coh_only,uisem_sensor_ablation;sub=RF+GB+XGB;sensor_group=coh_only,62043,8080,0.4807,19,5,35,8045,158,53805,False,False
R0c_roll7_assessment_only,nb09a;cell=R0c,63243,8247,0.4801,21,5,2265,5982,18048,36948,False,False
B2_CCD_exact_vv,unsupervised_ccd;mode=exact;pol=vv,101911,4304,0.4799,12,1,2047,2257,48909,48698,False,False
E7_SVM_linear,non_tree;classifier=SVM_linear;features=all_multimodal,62043,8080,0.4793,19,5,0,8080,0,53963,False,False
D1f_roll7_assess,window=roll7_assess_only,63243,8247,0.4781,21,5,2440,5807,17884,37112,False,False
D1f_roll3_assess,window=roll3_assess_only,63243,8247,0.4781,21,5,2440,5807,17884,37112,False,False
R0c_roll3_assessment_only,nb09a;cell=R0c,63243,8247,0.4742,21,5,2265,5982,18048,36948,False,False
L2b_s2__lu__loss_count,plausibility_standalone;signal=s2__lu__loss_count;higher_is_damage=True,62043,8080,0.4741,19,1,4526,3554,32096,21867,False,False
NB08b_BDA_COH_DROP_LightGBM,dataset=BDA;feature_set=COH_DROP;classifier=LightGBM,21434,1431,0.4696,12,5,96,1335,1754,18249,False,False
R4_tier2_ms,nb09a;cell=R4,3533,407,0.4657,5,5,0,407,2,3124,False,False
NB08b_BDA_COH_DROP_XGBoost,dataset=BDA;feature_set=COH_DROP;classifier=XGBoost,21434,1431,0.4652,12,5,0,1431,13,19990,False,False
B3_logratio_BAEI,unsupervised_logratio;sensor=optical;label=BAEI;direction=|logratio|,3533,407,0.4387,5,1,175,232,1592,1534,False,False
NB08b_BDA_COH_DROP_GBM,dataset=BDA;feature_set=COH_DROP;classifier=GBM,21434,1431,0.4382,12,5,48,1383,1873,18130,False,False
L2b_s2__lu__loss_fraction,plausibility_standalone;signal=s2__lu__loss_fraction;higher_is_damage=True,62043,8080,0.431,19,1,4115,3965,32420,21543,False,False
L2b_s2__lu__date_persistent_loss_mean,plausibility_standalone;signal=s2__lu__date_persistent_loss_mean;higher_is_damage=True,598595,7332,0.3688,21,1,1878,5454,311949,279314,False,False
L2b_s2__lu__loss_count_mean,plausibility_standalone;signal=s2__lu__loss_count_mean;higher_is_damage=True,598595,7332,0.349,21,1,858,6474,299034,292229,False,False
L2b_s2__lu__loss_fraction_mean,plausibility_standalone;signal=s2__lu__loss_fraction_mean;higher_is_damage=True,598595,7332,0.3239,21,1,931,6401,298226,293037,False,False
D4_f8_strategy_A_drop_nan,nan_strategy=A_drop_rows,212859,358,0.2698,5,5,0,358,0,212501,False,False
D10_card_post,unet_modality_ablation;config=card_post;channels=2;modality=card,15,0,,1,1,0,0,0,15,False,True
D10_card_prepost,unet_modality_ablation;config=card_prepost;channels=4;modality=card,15,0,,1,1,0,0,2,13,False,True
D10_fusion_post,unet_modality_ablation;config=fusion_post;channels=5;modality=fusion,15,0,,1,1,0,0,1,14,False,True
D10_fusion_prepost,unet_modality_ablation;config=fusion_prepost;channels=10;modality=fusion,15,0,,1,1,0,0,3,12,False,True
D10_ms_post_rgb,unet_modality_ablation;config=ms_post_rgb;channels=3;modality=ms,15,0,,1,1,0,0,0,15,False,True
D10_ms_prepost,unet_modality_ablation;config=ms_prepost;channels=6;modality=ms,15,0,,1,1,0,0,0,15,False,True
D4_bda_min100,unet_size_sweep;min_area_m2=100,15,0,,1,1,0,0,2,13,False,True
D4_bda_min20,unet_size_sweep;min_area_m2=20,15,0,,1,1,0,0,1,14,False,True
D4_bda_min200,unet_size_sweep;min_area_m2=200,14,0,,1,1,0,0,0,14,False,True
D4_bda_min50,unet_size_sweep;min_area_m2=50,15,0,,1,1,0,0,1,14,False,True
D5a_xbd_zeroshot,unet_transfer;type=xbd_zero_shot;features=ms_post_rgb,15,0,,1,1,0,0,13,2,False,True
D8a_rgb_scratch,unet_post_only;features=rgb;init=scratch,15,0,,1,1,0,0,1,14,False,True
D8c_xbd_zeroshot_rgb,unet_transfer;type=xbd_zero_shot;features=rgb_post_only,15,0,,1,1,0,0,13,2,False,True
