city,feature,auc_best,mann_whitney_p,direction
Avdiivka,pre_vv_mean,0.5412686851745756,0.16360151292836278,lower=damaged
Avdiivka,pre_vv_std,0.819783739041013,3.647236041734257e-27,higher=damaged
Avdiivka,post_vv_mean,0.6071861676844752,0.0002966741320705293,lower=damaged
Avdiivka,post_vv_std,0.7681890720080677,1.3904260069580368e-19,higher=damaged
Avdiivka,delta_vv_mean,0.539594226052885,0.18137381549164244,lower=damaged
Avdiivka,delta_vv_std,0.8001673555474027,3.9635695621940914e-24,higher=damaged
Avdiivka,pre_vh_mean,0.5135411602474549,0.6476110857164035,higher=damaged
Avdiivka,pre_vh_std,0.8598514764699184,5.935092274099204e-34,higher=damaged
Avdiivka,post_vh_mean,0.544998942732233,0.1287675504221237,lower=damaged
Avdiivka,post_vh_std,0.8169083321736521,1.0442716954417147e-26,higher=damaged
Avdiivka,delta_vh_mean,0.5720975288850976,0.014944289064785246,lower=damaged
Avdiivka,delta_vh_std,0.828021391147506,1.700916046536589e-28,higher=damaged
Borodyanka,pre_vv_mean,0.5450494648575238,0.20996536051917158,higher=damaged
Borodyanka,pre_vv_std,0.6227510310370177,0.0006353509785205864,higher=damaged
Borodyanka,post_vv_mean,0.5004345307068366,0.990386179591295,higher=damaged
Borodyanka,post_vv_std,0.5896425945999826,0.012607604096994417,higher=damaged
Borodyanka,delta_vv_mean,0.5236936044555751,0.5096788754836414,lower=damaged
Borodyanka,delta_vv_std,0.6877780062049116,1.7347450351960967e-07,higher=damaged
Borodyanka,pre_vh_mean,0.5869606523878942,0.015519310155909247,lower=damaged
Borodyanka,pre_vh_std,0.5057392317372507,0.8731358344099872,higher=damaged
Borodyanka,post_vh_mean,0.5872129605402509,0.015222172318709681,lower=damaged
Borodyanka,post_vh_std,0.5214352907462092,0.550847892989216,lower=damaged
Borodyanka,delta_vh_mean,0.5058794029330044,0.8700637626484227,higher=damaged
Borodyanka,delta_vh_std,0.5917264730435216,0.010690427298166043,higher=damaged
Bucha,pre_vv_mean,0.6153873126813076,3.769434979060463e-07,higher=damaged
Bucha,pre_vv_std,0.6791068368678959,3.128240016219638e-15,higher=damaged
Bucha,post_vv_mean,0.5774870260029106,0.0006458772966814888,higher=damaged
Bucha,post_vv_std,0.7080277372295275,5.237730394454107e-20,higher=damaged
Bucha,delta_vv_mean,0.6211607692153561,9.583967539379544e-08,lower=damaged
Bucha,delta_vv_std,0.6917628383758703,3.095654986986066e-17,higher=damaged
Bucha,pre_vh_mean,0.5421564924159724,0.06344619164835111,higher=damaged
Bucha,pre_vh_std,0.6477256451377104,7.81937833986256e-11,higher=damaged
Bucha,post_vh_mean,0.5136470939211266,0.547943843626777,lower=damaged
Bucha,post_vh_std,0.6640204140547369,5.14329134288374e-13,higher=damaged
Bucha,delta_vh_mean,0.5783296957409371,0.0005633335270777013,lower=damaged
Bucha,delta_vh_std,0.6932700706417723,1.7504979437624146e-17,higher=damaged
Chernihiv,pre_vv_mean,0.5498536328734989,0.0012166998261995095,lower=damaged
Chernihiv,pre_vv_std,0.6296987301160335,3.896190077009926e-17,higher=damaged
Chernihiv,post_vv_mean,0.5068422425011117,0.6570553203289158,higher=damaged
Chernihiv,post_vv_std,0.6109561718765903,6.030049948168902e-13,higher=damaged
Chernihiv,delta_vv_mean,0.5583343129187727,0.0001535625113431569,higher=damaged
Chernihiv,delta_vv_std,0.6636115956087745,2.4963397408149318e-26,higher=damaged
Chernihiv,pre_vh_mean,0.5736858581868574,1.740972936432572e-06,lower=damaged
Chernihiv,pre_vh_std,0.6304085030134166,2.6274557829668727e-17,higher=damaged
Chernihiv,post_vh_mean,0.5067327525009434,0.6622000315328304,lower=damaged
Chernihiv,post_vh_std,0.595709615810709,5.282580985591126e-10,higher=damaged
Chernihiv,delta_vh_mean,0.5784687944086087,3.547980733972993e-07,higher=damaged
Chernihiv,delta_vh_std,0.6391265780886094,1.7524989470843558e-19,higher=damaged
Chornobaivka,pre_vv_mean,0.6613820727725606,0.17097934758223954,higher=damaged
Chornobaivka,pre_vv_std,0.846729947154061,0.003266054898321613,higher=damaged
Chornobaivka,post_vv_mean,0.536588239254098,0.7563051934910364,higher=damaged
Chornobaivka,post_vv_std,0.5797569760005385,0.4986776838543433,higher=damaged
Chornobaivka,delta_vv_mean,0.7436467063852705,0.038735904097113784,lower=damaged
Chornobaivka,delta_vv_std,0.792571274697903,0.013062958226092157,higher=damaged
Chornobaivka,pre_vh_mean,0.5661752330943486,0.5745611184264752,higher=damaged
Chornobaivka,pre_vh_std,0.702480729745195,0.08584459256194304,higher=damaged
Chornobaivka,post_vh_mean,0.5550169982160289,0.6407270726575138,lower=damaged
Chornobaivka,post_vh_std,0.7045844693527215,0.08263728309284209,higher=damaged
Chornobaivka,delta_vh_mean,0.6514524218250362,0.19885433121919827,lower=damaged
Chornobaivka,delta_vh_std,0.7573630886263422,0.02901014562726699,higher=damaged
Dmytrivka,pre_vv_mean,0.6316168908634662,3.264838602797378e-08,higher=damaged
Dmytrivka,pre_vv_std,0.6731560327450739,3.5725141263230975e-13,higher=damaged
Dmytrivka,post_vv_mean,0.5885091427043482,0.00020199815178921943,higher=damaged
Dmytrivka,post_vv_std,0.6763318112633182,1.3194905855626608e-13,higher=damaged
Dmytrivka,delta_vv_mean,0.6173757661771361,8.281280826955307e-07,lower=damaged
Dmytrivka,delta_vv_std,0.6765678349582459,1.2244885207522378e-13,higher=damaged
Dmytrivka,pre_vh_mean,0.5729693734830721,0.002184086912674627,higher=damaged
Dmytrivka,pre_vh_std,0.6525263276975606,1.5076636107594485e-10,higher=damaged
Dmytrivka,post_vh_mean,0.503672508124563,0.8774532289029153,higher=damaged
Dmytrivka,post_vh_std,0.6653040026327698,3.889630647974591e-12,higher=damaged
Dmytrivka,delta_vh_mean,0.5968581595293925,4.7605675560851274e-05,lower=damaged
Dmytrivka,delta_vh_std,0.7091822987370932,1.5833476300248088e-18,higher=damaged
Hostomel,pre_vv_mean,0.5435788839583053,0.0006034583144926266,higher=damaged
Hostomel,pre_vv_std,0.6014032384461457,1.4472455431917273e-15,higher=damaged
Hostomel,post_vv_mean,0.5416953459440238,0.0010314546154503376,higher=damaged
Hostomel,post_vv_std,0.6058191295208326,8.157238920714729e-17,higher=damaged
Hostomel,delta_vv_mean,0.5075391930286723,0.5529136410888222,lower=damaged
Hostomel,delta_vv_std,0.6492771351822637,7.105405364425785e-32,higher=damaged
Hostomel,pre_vh_mean,0.5022536818521034,0.8592088330780335,higher=damaged
Hostomel,pre_vh_std,0.5965277262886874,3.0163424784041984e-14,higher=damaged
Hostomel,post_vh_mean,0.5067957547458122,0.5927298413399618,lower=damaged
Hostomel,post_vh_std,0.5980442710723637,1.191158073770978e-14,higher=damaged
Hostomel,delta_vh_mean,0.5009928613541688,0.9377141460449409,higher=damaged
Hostomel,delta_vh_std,0.6328295477387356,1.3913924592066265e-25,higher=damaged
Irpin,pre_vv_mean,0.5666825985878545,0.00023198387839746696,higher=damaged
Irpin,pre_vv_std,0.6493516717019985,1.6471951329142e-16,higher=damaged
Irpin,post_vv_mean,0.5507857557831232,0.005051269062014829,higher=damaged
Irpin,post_vv_std,0.6361758086329895,5.565726268827348e-14,higher=damaged
Irpin,delta_vv_mean,0.546030464461257,0.011046689147459562,lower=damaged
Irpin,delta_vv_std,0.6792129959426395,4.425039123710974e-23,higher=damaged
Irpin,pre_vh_mean,0.5280654048772797,0.12128243444402105,higher=damaged
Irpin,pre_vh_std,0.6196922534728773,3.898139527630051e-11,higher=damaged
Irpin,post_vh_mean,0.5152845549057646,0.3987728323681069,higher=damaged
Irpin,post_vh_std,0.636969471717203,3.9774420802076253e-14,higher=damaged
Irpin,delta_vh_mean,0.5101026916734477,0.5770236893957233,lower=damaged
Irpin,delta_vh_std,0.651473503267569,6.142359881252973e-17,higher=damaged
Kharkiv,pre_vv_mean,0.5562349096326744,0.0021447885020882736,lower=damaged
Kharkiv,pre_vv_std,0.7136684086230302,1.9824697778253836e-31,higher=damaged
Kharkiv,post_vv_mean,0.5119258858218149,0.5150863230410525,lower=damaged
Kharkiv,post_vv_std,0.7158180640063592,4.961906766155775e-32,higher=damaged
Kharkiv,delta_vv_mean,0.5476107613049812,0.009357998010769067,higher=damaged
Kharkiv,delta_vv_std,0.6972121351808003,5.0787406893873896e-27,higher=damaged
Kharkiv,pre_vh_mean,0.511423450733831,0.532946564205149,higher=damaged
Kharkiv,pre_vh_std,0.7749724770696664,6.454016823234158e-51,higher=damaged
Kharkiv,post_vh_mean,0.586480425945236,2.3553116443505412e-06,higher=damaged
Kharkiv,post_vh_std,0.7220926094290635,8.050499640655265e-34,higher=damaged
Kharkiv,delta_vh_mean,0.5232277256209961,0.20486382377751067,higher=damaged
Kharkiv,delta_vh_std,0.7152708209842517,7.068903027090277e-32,higher=damaged
Kherson,pre_vv_mean,0.6521929381668854,0.19666731793294734,higher=damaged
Kherson,pre_vv_std,0.6809552660809856,0.12475458968369586,higher=damaged
Kherson,post_vv_mean,0.5669494092699182,0.5700928208157914,higher=damaged
Kherson,post_vv_std,0.5643576020734458,0.5851165324124559,higher=damaged
Kherson,delta_vv_mean,0.6849439563768556,0.11665764653416777,lower=damaged
Kherson,delta_vv_std,0.7386650509946481,0.042896329258298185,higher=damaged
Kherson,pre_vh_mean,0.596098825271803,0.41495041907102037,higher=damaged
Kherson,pre_vh_std,0.7173415463327611,0.0652103394577325,higher=damaged
Kherson,post_vh_mean,0.5540240331212765,0.646766848979923,lower=damaged
Kherson,post_vh_std,0.6489111043791443,0.20649489309105729,higher=damaged
Kherson,delta_vh_mean,0.6999394122993032,0.08985237108869074,lower=damaged
Kherson,delta_vh_std,0.7431249789626039,0.03915490889048448,higher=damaged
Kramatorsk,pre_vv_mean,0.517581833371307,0.7840396641736169,lower=damaged
Kramatorsk,pre_vv_std,0.8180957444115339,7.08488414897903e-07,higher=damaged
Kramatorsk,post_vv_mean,0.5864256601098707,0.1778763103663199,lower=damaged
Kramatorsk,post_vv_std,0.8310574415837573,2.455120803275395e-07,higher=damaged
Kramatorsk,delta_vv_mean,0.572567783094099,0.2579369825339173,lower=damaged
Kramatorsk,delta_vv_std,0.8595529227108174,2.0785488045615405e-08,higher=damaged
Kramatorsk,pre_vh_mean,0.6437963595858333,0.02497929551547876,higher=damaged
Kramatorsk,pre_vh_std,0.839107870686818,1.2461209227862944e-07,higher=damaged
Kramatorsk,post_vh_mean,0.6154679628363839,0.07184680804352853,lower=damaged
Kramatorsk,post_vh_std,0.8506873243715349,4.574069293603406e-08,higher=damaged
Kramatorsk,delta_vh_mean,0.7417938786359839,0.00016358250700553817,lower=damaged
Kramatorsk,delta_vh_std,0.8443381180223285,7.955425333823095e-08,higher=damaged
Lysychansk,pre_vv_mean,0.5938240693071294,1.878416067681201e-27,lower=damaged
Lysychansk,pre_vv_std,0.6530418594111549,3.704073361137352e-70,higher=damaged
Lysychansk,post_vv_mean,0.5663037929359938,1.7017553251686935e-14,lower=damaged
Lysychansk,post_vv_std,0.6480537192547329,8.887895180867753e-66,higher=damaged
Lysychansk,delta_vv_mean,0.5708684256681116,2.4140055446445267e-16,higher=damaged
Lysychansk,delta_vv_std,0.6360239935167402,8.301273490643965e-56,higher=damaged
Lysychansk,pre_vh_mean,0.5152715975481954,0.07724053314447656,lower=damaged
Lysychansk,pre_vh_std,0.6770744025113808,2.7801566999232664e-93,higher=damaged
Lysychansk,post_vh_mean,0.5123893372888645,0.1517297754094746,lower=damaged
Lysychansk,post_vh_std,0.667255621437304,1.9792537317917537e-83,higher=damaged
Lysychansk,delta_vh_mean,0.518814241875289,0.029494641089712212,higher=damaged
Lysychansk,delta_vh_std,0.6423267276265782,6.308505300045828e-61,higher=damaged
Makariv,pre_vv_mean,0.5295023546319195,0.4483403257306763,lower=damaged
Makariv,pre_vv_std,0.5680442320950222,0.0803368080352587,higher=damaged
Makariv,post_vv_mean,0.6185736384122269,0.002308514721540671,higher=damaged
Makariv,post_vv_std,0.5694642140537055,0.07422408410400348,higher=damaged
Makariv,delta_vv_mean,0.6217703127733207,0.0017508680033609416,higher=damaged
Makariv,delta_vv_std,0.7095382314707789,7.235638008663316e-08,higher=damaged
Makariv,pre_vh_mean,0.5817364252811668,0.03567318781243099,lower=damaged
Makariv,pre_vh_std,0.6152809266239757,0.00304906369623431,higher=damaged
Makariv,post_vh_mean,0.5358888435378816,0.35636084622990805,lower=damaged
Makariv,post_vh_std,0.5402688361978782,0.3007202134189756,higher=damaged
Makariv,delta_vh_mean,0.5740945900059337,0.05687982703151546,higher=damaged
Makariv,delta_vh_std,0.6221167334927098,0.0016985421871154377,higher=damaged
Mariupol,pre_vv_mean,0.5208542830978072,0.00011628180952382259,higher=damaged
Mariupol,pre_vv_std,0.6511817391094588,9.189006521907712e-172,higher=damaged
Mariupol,post_vv_mean,0.51784678709095,0.0009735701615720872,higher=damaged
Mariupol,post_vv_std,0.6189624737416217,4.091433318478517e-107,higher=damaged
Mariupol,delta_vv_mean,0.5118899161891546,0.028003639397714213,lower=damaged
Mariupol,delta_vv_std,0.668268550353128,2.7496739222577544e-212,higher=damaged
Mariupol,pre_vh_mean,0.5679654036670355,3.5081413549571386e-36,higher=damaged
Mariupol,pre_vh_std,0.6480458891563963,8.525394649452929e-165,higher=damaged
Mariupol,post_vh_mean,0.5757326992128896,1.6658514859223042e-44,higher=damaged
Mariupol,post_vh_std,0.637499748988027,1.9692239858295234e-142,higher=damaged
Mariupol,delta_vh_mean,0.5004116533208284,0.9393620742538537,higher=damaged
Mariupol,delta_vh_std,0.6479073431768757,1.718643009135197e-164,higher=damaged
Moschun,pre_vv_mean,0.5542757213640339,0.09512221120835662,lower=damaged
Moschun,pre_vv_std,0.5314019236374236,0.3342784279196668,lower=damaged
Moschun,post_vv_mean,0.5210142815505683,0.5182287058163828,lower=damaged
Moschun,post_vv_std,0.5230778198775867,0.47799023036085386,higher=damaged
Moschun,delta_vv_mean,0.5427222384144565,0.1889577995093774,higher=damaged
Moschun,delta_vv_std,0.5168055960361411,0.6054022871359961,lower=damaged
Moschun,pre_vh_mean,0.5331623433401341,0.3078847069156435,lower=damaged
Moschun,pre_vh_std,0.5064412707665403,0.8431148929161746,higher=damaged
Moschun,post_vh_mean,0.5173069076071117,0.5946813867846337,higher=damaged
Moschun,post_vh_std,0.5226930923928883,0.48536038574735985,higher=damaged
Moschun,delta_vh_mean,0.583958029728942,0.009828564127513479,higher=damaged
Moschun,delta_vh_std,0.5138327018361993,0.6706753682449464,higher=damaged
Mykolaiv,pre_vv_mean,0.6226039872384088,7.1149970381226674e-06,lower=damaged
Mykolaiv,pre_vv_std,0.6184681263748262,1.4329659329845574e-05,lower=damaged
Mykolaiv,post_vv_mean,0.5884221400453097,0.0025304793221387796,lower=damaged
Mykolaiv,post_vv_std,0.5661905836893443,0.023793311133112845,higher=damaged
Mykolaiv,delta_vv_mean,0.6111098815488945,0.0001479567048209991,higher=damaged
Mykolaiv,delta_vv_std,0.5585055212261785,0.04571661236258131,higher=damaged
Mykolaiv,pre_vh_mean,0.6226039872384088,7.1149970381226674e-06,lower=damaged
Mykolaiv,pre_vh_std,0.6184681263748262,1.4329659329845574e-05,lower=damaged
Mykolaiv,post_vh_mean,0.5585103692143477,0.04569866602371734,lower=damaged
Mykolaiv,post_vh_std,0.6250944303782527,1.9367915966265648e-05,higher=damaged
Mykolaiv,delta_vh_mean,0.6071095535719556,0.0002543296098164902,higher=damaged
Mykolaiv,delta_vh_std,0.6075456617250912,0.00023995076289204373,higher=damaged
Okhtyrka,pre_vv_mean,0.5439331267876742,0.3462687988010281,lower=damaged
Okhtyrka,pre_vv_std,0.5866264389257463,0.06329205405111042,higher=damaged
Okhtyrka,post_vv_mean,0.5759812270542372,0.10333074229999804,lower=damaged
Okhtyrka,post_vv_std,0.5851687240128254,0.06786789305925556,higher=damaged
Okhtyrka,delta_vv_mean,0.6011105884388501,0.030185057353459853,lower=damaged
Okhtyrka,delta_vv_std,0.6103867594500045,0.017956143140753965,higher=damaged
Okhtyrka,pre_vh_mean,0.5867616127863658,0.06288097047933316,lower=damaged
Okhtyrka,pre_vh_std,0.7327126149653684,6.068916145977252e-07,higher=damaged
Okhtyrka,post_vh_mean,0.566375231823171,0.15474264688450554,lower=damaged
Okhtyrka,post_vh_std,0.6408646801516109,0.002528382051644027,higher=damaged
Okhtyrka,delta_vh_mean,0.5388365315468755,0.40507735017811874,higher=damaged
Okhtyrka,delta_vh_std,0.7232763981032404,1.6953565595932153e-06,higher=damaged
Rubizhne,pre_vv_mean,0.5425957767621561,0.0018449069396957113,lower=damaged
Rubizhne,pre_vv_std,0.5823270627168462,1.7567302992587716e-09,higher=damaged
Rubizhne,post_vv_mean,0.5201823400387131,0.14007730598534648,lower=damaged
Rubizhne,post_vv_std,0.5618079982139957,6.221716702990903e-06,higher=damaged
Rubizhne,delta_vv_mean,0.5217982653364128,0.11101628477296943,higher=damaged
Rubizhne,delta_vv_std,0.5903463869156885,3.971878217483747e-11,higher=damaged
Rubizhne,pre_vh_mean,0.5109827635808679,0.4220141234121215,lower=damaged
Rubizhne,pre_vh_std,0.5810295511150377,3.1424400072850257e-09,higher=damaged
Rubizhne,post_vh_mean,0.5074552997173452,0.585724162376077,lower=damaged
Rubizhne,post_vh_std,0.5928884145304398,1.1138377166126069e-11,higher=damaged
Rubizhne,delta_vh_mean,0.5084961964660921,0.5345064940711386,higher=damaged
Rubizhne,delta_vh_std,0.5870627731869787,1.952117437011921e-10,higher=damaged
Sievierodonetsk,pre_vv_mean,0.5429510878369568,0.0007776890165915551,lower=damaged
Sievierodonetsk,pre_vv_std,0.6935437490149388,8.370971573506677e-52,higher=damaged
Sievierodonetsk,post_vv_mean,0.5787761488503923,7.107430856161706e-10,lower=damaged
Sievierodonetsk,post_vv_std,0.6724497174218547,1.719942157417277e-41,higher=damaged
Sievierodonetsk,delta_vv_mean,0.5424901120697944,0.0008856207596906283,lower=damaged
Sievierodonetsk,delta_vv_std,0.7056671921790413,2.9020508856224594e-58,higher=damaged
Sievierodonetsk,pre_vh_mean,0.5131318825328379,0.304199176340501,lower=damaged
Sievierodonetsk,pre_vh_std,0.7145332927674658,3.103770353261664e-63,higher=damaged
Sievierodonetsk,post_vh_mean,0.5663346324069476,2.1005037259950314e-07,lower=damaged
Sievierodonetsk,post_vh_std,0.7074777293826393,2.9143372460802803e-59,higher=damaged
Sievierodonetsk,delta_vh_mean,0.5668300716005122,1.7044725940413335e-07,lower=damaged
Sievierodonetsk,delta_vh_std,0.6882370398858185,4.2466454663199206e-49,higher=damaged
Trostianets,pre_vv_mean,0.66730065884212,0.006782950754987415,lower=damaged
Trostianets,pre_vv_std,0.7001790470364848,0.0011979143666864867,lower=damaged
Trostianets,post_vv_mean,0.7074556205477183,0.0007896143882292869,lower=damaged
Trostianets,post_vv_std,0.6960819920735049,0.0015118776208441257,lower=damaged
Trostianets,delta_vv_mean,0.6542958545195041,0.012541554887727659,lower=damaged
Trostianets,delta_vv_std,0.660259841215226,0.009513481668811396,lower=damaged
Trostianets,pre_vh_mean,0.6489945330121956,0.01590557362243631,lower=damaged
Trostianets,pre_vh_std,0.6255017777268035,0.04226513914019927,lower=damaged
Trostianets,post_vh_mean,0.6594506250716825,0.009887800746660362,lower=damaged
Trostianets,post_vh_std,0.661483223101528,0.008985263969512335,lower=damaged
Trostianets,delta_vh_mean,0.7097558333651922,0.0006890550284205723,lower=damaged
Trostianets,delta_vh_std,0.6601515209440431,0.009562074687223684,lower=damaged
Volnovakha,pre_vv_mean,0.5397444531574335,0.07174661094941463,higher=damaged
Volnovakha,pre_vv_std,0.5544028783615481,0.013706550676781722,higher=damaged
Volnovakha,post_vv_mean,0.5090737580146686,0.680998175267473,lower=damaged
Volnovakha,post_vv_std,0.5201411504220674,0.3614842982781381,higher=damaged
Volnovakha,delta_vv_mean,0.500705290834448,0.974516139788825,lower=damaged
Volnovakha,delta_vv_std,0.5421541584021403,0.056145958748642505,higher=damaged
Volnovakha,pre_vh_mean,0.556581023109922,0.01036076936272015,higher=damaged
Volnovakha,pre_vh_std,0.5203422667097191,0.3567098331711157,higher=damaged
Volnovakha,post_vh_mean,0.522453065178283,0.3090163676808788,higher=damaged
Volnovakha,post_vh_std,0.5606831495917708,0.005970292262619427,higher=damaged
Volnovakha,delta_vh_mean,0.5082047142395867,0.710096146814334,lower=damaged
Volnovakha,delta_vh_std,0.5505535310669312,0.021994782039066244,higher=damaged
