auc_raw,auc_best,direction,mann_whitney_u,mann_whitney_p,mean_damaged,mean_control,n_valid,city,feature,source,product
0.4579320384664737,0.5420679615335263,lower=damaged,506759.5,0.1707403105660067,-6.166761875152588,-5.643747806549072,12523,Avdiivka,s1__vv__card_prepost__pre,card_prepost,P7b
0.5332022743004412,0.5332022743004412,higher=damaged,590055.5,0.2796353782560047,-1.599970817565918,-2.1442337036132812,12523,Avdiivka,s1__vv__card_prepost__delta,card_prepost,P7b
0.4735588175228126,0.5264411824771874,lower=damaged,524052.5,0.38924914825855605,-7.766732692718506,-7.787981986999512,12523,Avdiivka,s1__vv__card_prepost__post,card_prepost,P7b
0.5246076813666044,0.5246076813666044,higher=damaged,580544.5,0.42297175952883725,-14.107994079589844,-14.511167526245117,12523,Avdiivka,s1__vh__card_prepost__post,card_prepost,P7b
0.5105776477328383,0.5105776477328383,higher=damaged,565018.5,0.7305294275396756,-2.1233866214752197,-2.148791790008545,12523,Avdiivka,s1__vh__card_prepost__delta,card_prepost,P7b
0.49747023836418086,0.5025297616358191,lower=damaged,550513.5,0.9343596561981891,-11.98460578918457,-12.36237621307373,12523,Avdiivka,s1__vh__card_prepost__pre,card_prepost,P7b
0.5686030012549137,0.5686030012549137,higher=damaged,1532388.5,0.002945665607526785,-3.127638578414917,-4.533692359924316,17215,Bucha,s1__vv__card_prepost__pre,card_prepost,P7b
0.5636293574114492,0.5636293574114492,higher=damaged,1518984.5,0.00581941991124602,-4.262688159942627,-5.30515718460083,17215,Bucha,s1__vv__card_prepost__post,card_prepost,P7b
0.4608956343696452,0.5391043656303548,lower=damaged,1242116.5,0.09010663347356446,-1.1350501775741577,-0.771464467048645,17215,Bucha,s1__vv__card_prepost__delta,card_prepost,P7b
0.4779412364944642,0.5220587635055358,lower=damaged,1288054.5,0.3390455611457208,-0.3932606875896454,-0.2853662967681885,17215,Bucha,s1__vh__card_prepost__delta,card_prepost,P7b
0.4906773862470065,0.5093226137529935,lower=damaged,1322378.5,0.6861771136340205,-12.18513298034668,-12.0781831741333,17215,Bucha,s1__vh__card_prepost__post,card_prepost,P7b
0.5027504576984245,0.5027504576984245,higher=damaged,1354915.5,0.9051160840115667,-11.791872024536133,-11.792817115783691,17215,Bucha,s1__vh__card_prepost__pre,card_prepost,P7b
0.4719334945619182,0.5280665054380818,lower=damaged,8021447.0,0.0769914595499166,-14.198925018310547,-13.845050811767578,51375,Chernihiv,s1__vh__card_prepost__pre,card_prepost,P7b
0.4795777616102055,0.5204222383897945,lower=damaged,8151376.5,0.19817629889954402,-6.292144775390625,-6.126330375671387,51375,Chernihiv,s1__vv__card_prepost__pre,card_prepost,P7b
0.5168133338463655,0.5168133338463655,higher=damaged,8784269.0,0.2894292593410036,1.794371485710144,1.747189998626709,51375,Chernihiv,s1__vv__card_prepost__delta,card_prepost,P7b
0.4833737875644541,0.5166262124355459,lower=damaged,8215897.5,0.294830159525728,-12.196917533874512,-11.942105293273926,51375,Chernihiv,s1__vh__card_prepost__post,card_prepost,P7b
0.5107339030578715,0.5107339030578715,higher=damaged,8680937.0,0.4988368199314407,2.002009153366089,1.902944564819336,51375,Chernihiv,s1__vh__card_prepost__delta,card_prepost,P7b
0.4996947694138243,0.5003052305861757,lower=damaged,8493305.0,0.9846575072923962,-4.497772693634033,-4.379140377044678,51375,Chernihiv,s1__vv__card_prepost__post,card_prepost,P7b
0.27378908748190783,0.7262109125180922,lower=damaged,16268.0,0.0550205600539681,-3.0129573345184326,0.5856000185012817,9909,Chornobaivka,s1__vv__card_prepost__delta,card_prepost,P7b
0.6807869669123834,0.6807869669123834,higher=damaged,40451.0,0.12517362940632187,-1.147078037261963,-5.201237678527832,9909,Chornobaivka,s1__vv__card_prepost__pre,card_prepost,P7b
0.37111649668450636,0.6288835033154936,lower=damaged,22051.0,0.27432570561354874,-1.9137111902236938,0.47682926058769226,9909,Chornobaivka,s1__vh__card_prepost__delta,card_prepost,P7b
0.6001884950688344,0.6001884950688344,higher=damaged,35662.0,0.3954608162963841,-4.160035133361816,-4.61563777923584,9909,Chornobaivka,s1__vv__card_prepost__post,card_prepost,P7b
0.583543707294086,0.583543707294086,higher=damaged,34673.0,0.47859131156199064,-9.835110664367676,-12.054657936096191,9909,Chornobaivka,s1__vh__card_prepost__pre,card_prepost,P7b
0.5539735433706958,0.5539735433706958,higher=damaged,32916.0,0.6471338242500906,-11.748821258544922,-11.577828407287598,9909,Chornobaivka,s1__vh__card_prepost__post,card_prepost,P7b
0.5683460858118392,0.5683460858118392,higher=damaged,1105274.0,0.004714025968783873,-2.849213123321533,-4.2235918045043945,13649,Dmytrivka,s1__vv__card_prepost__pre,card_prepost,P7b
0.5680262454235057,0.5680262454235057,higher=damaged,1104652.0,0.004912322245630985,-4.011031150817871,-5.074747562408447,13649,Dmytrivka,s1__vv__card_prepost__post,card_prepost,P7b
0.4697658274713069,0.5302341725286931,lower=damaged,913563.0,0.211260416081128,-1.161818504333496,-0.851155698299408,13649,Dmytrivka,s1__vv__card_prepost__delta,card_prepost,P7b
0.47453412316426014,0.5254658768357399,lower=damaged,922836.0,0.29236464353516445,-0.4482661485671997,-0.3460722863674164,13649,Dmytrivka,s1__vh__card_prepost__delta,card_prepost,P7b
0.49264469949401457,0.5073553005059854,lower=damaged,958056.0,0.761040153497944,-12.016822814941406,-11.950074195861816,13649,Dmytrivka,s1__vh__card_prepost__post,card_prepost,P7b
0.5071424163889917,0.5071424163889917,higher=damaged,986250.0,0.7677548884503662,-11.568557739257812,-11.60400104522705,13649,Dmytrivka,s1__vh__card_prepost__pre,card_prepost,P7b
0.535798406926967,0.535798406926967,higher=damaged,5101858.5,0.005683062053882993,-4.156004428863525,-4.690754413604736,19145,Hostomel,s1__vv__card_prepost__post,card_prepost,P7b
0.5317586983539337,0.5317586983539337,higher=damaged,5063392.5,0.014149352837717368,-4.187279224395752,-4.767753601074219,19145,Hostomel,s1__vv__card_prepost__pre,card_prepost,P7b
0.515864305027508,0.515864305027508,higher=damaged,4912046.5,0.220364162576979,0.46351346373558044,0.3570330739021301,19145,Hostomel,s1__vh__card_prepost__delta,card_prepost,P7b
0.4909621681386654,0.5090378318613347,lower=damaged,4674929.0,0.4850551611058894,-12.922368049621582,-12.798478126525879,19145,Hostomel,s1__vh__card_prepost__pre,card_prepost,P7b
0.49544684747091305,0.504553152529087,lower=damaged,4717632.0,0.7250329418036232,0.03127435967326164,0.07699955999851227,19145,Hostomel,s1__vv__card_prepost__delta,card_prepost,P7b
0.5001332706852591,0.5001332706852591,higher=damaged,4762256.0,0.9917887180079626,-12.458854675292969,-12.441444396972656,19145,Hostomel,s1__vh__card_prepost__post,card_prepost,P7b
0.5228369659990746,0.5228369659990746,higher=damaged,2228270.5,0.21523308577894018,-3.6209235191345215,-3.865623712539673,17365,Irpin,s1__vv__card_prepost__post,card_prepost,P7b
0.5169735966534987,0.5169735966534987,higher=damaged,2203281.5,0.35699198562618206,-3.600750684738159,-3.851022481918335,17365,Irpin,s1__vv__card_prepost__pre,card_prepost,P7b
0.49122242651372017,0.5087775734862798,lower=damaged,2093533.0,0.6338375209996463,-0.020173221826553345,-0.014600816182792187,17365,Irpin,s1__vv__card_prepost__delta,card_prepost,P7b
0.5067305914473506,0.5067305914473506,higher=damaged,2159627.0,0.7149266988780043,0.4751357138156891,0.32451164722442627,17365,Irpin,s1__vh__card_prepost__delta,card_prepost,P7b
0.4953416141781428,0.5046583858218572,lower=damaged,2111088.5,0.8004277224418721,-12.17455005645752,-12.20997428894043,17365,Irpin,s1__vh__card_prepost__post,card_prepost,P7b
0.49714187434477336,0.5028581256552267,lower=damaged,2118761.0,0.8767443880242148,-12.64968490600586,-12.534485816955566,17365,Irpin,s1__vh__card_prepost__pre,card_prepost,P7b
0.41331448159780315,0.5866855184021968,lower=damaged,16709522.5,3.668103376986298e-06,-5.599621772766113,-4.64065408706665,170104,Kharkiv,s1__vv__card_prepost__pre,card_prepost,P7b
0.5632995736530633,0.5632995736530633,higher=damaged,22773136.0,0.0007236729112245789,2.0430655479431152,1.5312987565994263,170104,Kharkiv,s1__vv__card_prepost__delta,card_prepost,P7b
0.5573840235115628,0.5573840235115628,higher=damaged,22533981.5,0.0021800810647753326,-10.922385215759277,-11.435345649719238,170104,Kharkiv,s1__vh__card_prepost__post,card_prepost,P7b
0.5453560923504014,0.5453560923504014,higher=damaged,22047715.0,0.01542702219045874,1.4828234910964966,1.1046570539474487,170104,Kharkiv,s1__vh__card_prepost__delta,card_prepost,P7b
0.47558509292594153,0.5244149070740585,lower=damaged,19227005.5,0.19228369037867465,-3.556555986404419,-3.1093552112579346,170104,Kharkiv,s1__vv__card_prepost__post,card_prepost,P7b
0.4976303738972895,0.5023696261027105,lower=damaged,20118254.5,0.8992990635531416,-12.405207633972168,-12.540003776550293,170104,Kharkiv,s1__vh__card_prepost__pre,card_prepost,P7b
0.30547982092968456,0.6945201790703155,lower=damaged,18151.0,0.09896256642843548,-3.2094438076019287,0.018583327531814575,9909,Kherson,s1__vv__card_prepost__delta,card_prepost,P7b
0.30581641926688885,0.6941835807331111,lower=damaged,18171.0,0.09954799371592304,-3.2870006561279297,-0.15808796882629395,9909,Kherson,s1__vh__card_prepost__delta,card_prepost,P7b
0.6656232118213337,0.6656232118213337,higher=damaged,39550.0,0.16008321425290084,-1.4774733781814575,-4.80068302154541,9909,Kherson,s1__vv__card_prepost__pre,card_prepost,P7b
0.604244505032145,0.604244505032145,higher=damaged,35903.0,0.37660978199370876,-9.199042320251465,-11.568586349487305,9909,Kherson,s1__vh__card_prepost__pre,card_prepost,P7b
0.5681443333669932,0.5681443333669932,higher=damaged,33758.0,0.5632990837502589,-4.686917304992676,-4.782100200653076,9909,Kherson,s1__vv__card_prepost__post,card_prepost,P7b
0.5033154936214616,0.5033154936214616,higher=damaged,29906.0,0.9776210120092268,-12.486041069030762,-11.72667407989502,9909,Kherson,s1__vh__card_prepost__post,card_prepost,P7b
0.6306928938507885,0.6306928938507885,higher=damaged,124565.0,0.048668365507847644,-10.895271301269531,-12.439108848571777,10414,Kramatorsk,s1__vh__card_prepost__pre,card_prepost,P7b
0.3732715627452469,0.626728437254753,lower=damaged,73723.0,0.05591711496304924,-4.414069652557373,-2.598464250564575,10414,Kramatorsk,s1__vh__card_prepost__delta,card_prepost,P7b
0.40235437077542335,0.5976456292245766,lower=damaged,79467.0,0.1407612462491286,-8.058793067932129,-7.110499858856201,10414,Kramatorsk,s1__vv__card_prepost__post,card_prepost,P7b
0.4166932482721956,0.5833067517278043,lower=damaged,82299.0,0.20887756909471733,-15.309338569641113,-15.03757381439209,10414,Kramatorsk,s1__vh__card_prepost__post,card_prepost,P7b
0.4284043441938179,0.5715956558061821,lower=damaged,84612.0,0.2801448453062012,-5.775564670562744,-4.4836039543151855,10414,Kramatorsk,s1__vv__card_prepost__pre,card_prepost,P7b
0.5031923242449557,0.5031923242449557,higher=damaged,99383.0,0.9616217663709591,-2.2832276821136475,-2.6268959045410156,10414,Kramatorsk,s1__vv__card_prepost__delta,card_prepost,P7b
0.5467987453232587,0.5467987453232587,higher=damaged,23734652.0,1.6354968893707738e-07,-12.789648056030273,-13.306107521057129,41600,Lysychansk,s1__vh__card_prepost__pre,card_prepost,P7b
0.5227681258954435,0.5227681258954435,higher=damaged,22691565.5,0.010844443793233348,-12.786540031433105,-13.11241340637207,41600,Lysychansk,s1__vh__card_prepost__post,card_prepost,P7b
0.4788655903362438,0.5211344096637562,lower=damaged,20785907.5,0.018036658011413118,-5.5140461921691895,-5.315059185028076,41600,Lysychansk,s1__vv__card_prepost__pre,card_prepost,P7b
0.4804752894602864,0.5195247105397136,lower=damaged,20855779.0,0.02890754461146437,-5.439181804656982,-5.2756500244140625,41600,Lysychansk,s1__vv__card_prepost__post,card_prepost,P7b
0.4830481494743686,0.5169518505256314,lower=damaged,20967458.0,0.057847595239683386,0.0031085170339792967,0.19369427859783173,41600,Lysychansk,s1__vh__card_prepost__delta,card_prepost,P7b
0.5013639874102898,0.5013639874102898,higher=damaged,21762485.5,0.878694719840134,0.07486432045698166,0.039409417659044266,41600,Lysychansk,s1__vv__card_prepost__delta,card_prepost,P7b
0.5905032704173856,0.5905032704173856,higher=damaged,172163.0,0.023132337448306662,-4.778983116149902,-5.372098922729492,5554,Makariv,s1__vv__card_prepost__post,card_prepost,P7b
0.550404214671089,0.550404214671089,higher=damaged,160472.0,0.20590380075535053,1.4299547672271729,0.7545019388198853,5554,Makariv,s1__vh__card_prepost__delta,card_prepost,P7b
0.46455018470055187,0.5354498152994481,lower=damaged,135441.0,0.3736746077956049,-13.806713104248047,-13.229395866394043,5554,Makariv,s1__vh__card_prepost__pre,card_prepost,P7b
0.5256025491077094,0.5256025491077094,higher=damaged,153241.0,0.5205597910468758,1.3755686283111572,1.0002580881118774,5554,Makariv,s1__vv__card_prepost__delta,card_prepost,P7b
0.5207595188524899,0.5207595188524899,higher=damaged,151829.0,0.6024076923525186,-6.154551982879639,-6.37235689163208,5554,Makariv,s1__vv__card_prepost__pre,card_prepost,P7b
0.48740366245588285,0.5125963375441172,lower=damaged,142104.0,0.7519442772107628,-12.376758575439453,-12.474893569946289,5554,Makariv,s1__vh__card_prepost__post,card_prepost,P7b
0.5396759691177602,0.5396759691177602,higher=damaged,42731268.0,6.726053477436832e-13,-11.39266300201416,-11.732430458068848,28973,Mariupol,s1__vh__card_prepost__post,card_prepost,P7b
0.5379353163300243,0.5379353163300243,higher=damaged,42593444.0,6.434696889357443e-12,-10.98127555847168,-11.36828327178955,28973,Mariupol,s1__vh__card_prepost__pre,card_prepost,P7b
0.48981668737699624,0.5101833126230038,lower=damaged,38783435.5,0.06517037167791392,-0.7297595739364624,-0.6503317952156067,28973,Mariupol,s1__vv__card_prepost__delta,card_prepost,P7b
0.4949037875843858,0.5050962124156142,lower=damaged,39186229.5,0.35607584201320297,-0.4113883078098297,-0.36414748430252075,28973,Mariupol,s1__vh__card_prepost__delta,card_prepost,P7b
0.5012624860301576,0.5012624860301576,higher=damaged,39689708.0,0.8191630780244392,-3.2745559215545654,-3.2647500038146973,28973,Mariupol,s1__vv__card_prepost__pre,card_prepost,P7b
0.498760973327815,0.501239026672185,lower=damaged,39491639.5,0.8224668398482363,-4.004315376281738,-3.9150819778442383,28973,Mariupol,s1__vv__card_prepost__post,card_prepost,P7b
0.536595744680851,0.536595744680851,higher=damaged,46026.5,0.2935381048247442,0.8557847142219543,0.44903892278671265,1248,Moschun,s1__vv__card_prepost__delta,card_prepost,P7b
0.467391431069659,0.532608568930341,lower=damaged,40090.5,0.34930860444815326,-6.926626205444336,-6.385232925415039,1248,Moschun,s1__vv__card_prepost__pre,card_prepost,P7b
0.4785951617604197,0.5214048382395803,lower=damaged,41051.5,0.5390143160674351,-6.070841312408447,-5.936193466186523,1248,Moschun,s1__vv__card_prepost__post,card_prepost,P7b
0.48048382395802974,0.5195161760419702,lower=damaged,41213.5,0.5754206838615636,1.1764503717422485,1.3152430057525635,1248,Moschun,s1__vh__card_prepost__delta,card_prepost,P7b
0.519341299912562,0.519341299912562,higher=damaged,44546.5,0.5788495541532188,-13.624460220336914,-13.9143648147583,1248,Moschun,s1__vh__card_prepost__pre,card_prepost,P7b
0.5150393471291168,0.5150393471291168,higher=damaged,44177.5,0.6660545392320817,-12.44800853729248,-12.599122047424316,1248,Moschun,s1__vh__card_prepost__post,card_prepost,P7b
0.37175515147582816,0.6282448485241718,lower=damaged,343775.0,0.008628383728402524,-5.690834999084473,-3.8907976150512695,26456,Okhtyrka,s1__vv__card_prepost__post,card_prepost,P7b
0.3853352582091085,0.6146647417908915,lower=damaged,356333.0,0.01885843636430428,-0.23937511444091797,1.290050983428955,26456,Okhtyrka,s1__vv__card_prepost__delta,card_prepost,P7b
0.45156396156736794,0.5484360384326321,lower=damaged,417577.0,0.32121862134615686,-12.100990295410156,-11.642244338989258,26456,Okhtyrka,s1__vh__card_prepost__post,card_prepost,P7b
0.48037329613348695,0.519626703866513,lower=damaged,444218.0,0.6877260387266875,1.5648404359817505,1.7242522239685059,26456,Okhtyrka,s1__vh__card_prepost__delta,card_prepost,P7b
0.4820570217413637,0.5179429782586362,lower=damaged,445775.0,0.7132757056385441,-13.665831565856934,-13.366497039794922,26456,Okhtyrka,s1__vh__card_prepost__pre,card_prepost,P7b
0.48439282605286915,0.5156071739471308,lower=damaged,447935.0,0.7492540400184259,-5.451460838317871,-5.180848598480225,26456,Okhtyrka,s1__vv__card_prepost__pre,card_prepost,P7b
0.5212653163414098,0.5212653163414098,higher=damaged,2960640.0,0.1323610553700428,-0.23341235518455505,-0.3954332172870636,13609,Rubizhne,s1__vv__card_prepost__delta,card_prepost,P7b
0.4789477224045278,0.5210522775954722,lower=damaged,2720288.0,0.13628201957612798,-5.429445266723633,-5.279025554656982,13609,Rubizhne,s1__vv__card_prepost__pre,card_prepost,P7b
0.49117165676183216,0.5088283432381678,lower=damaged,2789716.5,0.5321412308729734,-12.70105266571045,-12.764612197875977,13609,Rubizhne,s1__vh__card_prepost__post,card_prepost,P7b
0.49286108923013433,0.5071389107698656,lower=damaged,2799312.0,0.6134280071715297,-0.4421173632144928,-0.4047524631023407,13609,Rubizhne,s1__vh__card_prepost__delta,card_prepost,P7b
0.4943270070802811,0.5056729929197189,lower=damaged,2807638.0,0.688089532420576,-5.662858009338379,-5.6744585037231445,13609,Rubizhne,s1__vv__card_prepost__post,card_prepost,P7b
0.4963135493698807,0.5036864506301193,lower=damaged,2818921.0,0.7941932884666829,-12.258935928344727,-12.359861373901367,13609,Rubizhne,s1__vh__card_prepost__pre,card_prepost,P7b
0.4406489309532935,0.5593510690467065,lower=damaged,2007400.0,4.051392944279327e-06,-6.161651134490967,-5.273097991943359,9065,Sievierodonetsk,s1__vv__card_prepost__post,card_prepost,P7b
0.45372385005204635,0.5462761499479536,lower=damaged,2066963.5,0.00032634955881730274,-4.680823802947998,-3.940131902694702,9065,Sievierodonetsk,s1__vv__card_prepost__pre,card_prepost,P7b
0.46430565854339556,0.5356943414566044,lower=damaged,2115169.5,0.005575873876556365,-13.964874267578125,-13.548444747924805,9065,Sievierodonetsk,s1__vh__card_prepost__post,card_prepost,P7b
0.4789971757551332,0.5210028242448668,lower=damaged,2182097.5,0.1029102635754426,-1.5642640590667725,-1.3656491041183472,9065,Sievierodonetsk,s1__vh__card_prepost__delta,card_prepost,P7b
0.4867426662048128,0.5132573337951871,lower=damaged,2217382.5,0.3032674808660272,-12.400609970092773,-12.182794570922852,9065,Sievierodonetsk,s1__vh__card_prepost__pre,card_prepost,P7b
0.4898090331055235,0.5101909668944765,lower=damaged,2231351.5,0.4287445916717404,-1.4808276891708374,-1.3329654932022095,9065,Sievierodonetsk,s1__vv__card_prepost__delta,card_prepost,P7b
0.5351450712671248,0.5351450712671248,higher=damaged,1160141.0,0.12238387901619384,-0.39210236072540283,-0.702789306640625,13463,Volnovakha,s1__vv__card_prepost__delta,card_prepost,P7b
0.525585128465335,0.525585128465335,higher=damaged,1139416.0,0.26074891052932425,-0.4279867112636566,-0.6785724759101868,13463,Volnovakha,s1__vh__card_prepost__delta,card_prepost,P7b
0.48034641819272106,0.5196535818072789,lower=damaged,1041343.0,0.3876468322711766,-4.8679962158203125,-4.484789848327637,13463,Volnovakha,s1__vv__card_prepost__pre,card_prepost,P7b
0.5102191060473269,0.5102191060473269,higher=damaged,1106104.0,0.6532974211380824,-12.702816009521484,-12.876754760742188,13463,Volnovakha,s1__vh__card_prepost__post,card_prepost,P7b
0.49218598643848893,0.507814013561511,lower=damaged,1067010.0,0.7312474484737712,-12.27483081817627,-12.1981840133667,13463,Volnovakha,s1__vh__card_prepost__pre,card_prepost,P7b
0.5001439180774021,0.5001439180774021,higher=damaged,1084262.0,0.9949605960247851,-5.260098934173584,-5.1875786781311035,13463,Volnovakha,s1__vv__card_prepost__post,card_prepost,P7b
0.4171662985168823,0.5828337014831177,lower=damaged,22474.0,0.23644359520851155,5.823529243469238,8.823919296264648,3186,Avdiivka,s1__coh__drop_count,coh_accumulator,R3
0.5361827227498869,0.5361827227498869,higher=damaged,59275.0,0.16306323113057286,59.0,58.83831024169922,4447,Avdiivka,s1__coh__scenes_observed,coh_accumulator,R3
0.5239529624604252,0.5239529624604252,higher=damaged,57923.0,0.6791780237593822,0.41377395391464233,0.40685606002807617,4447,Avdiivka,s1__coh__max_drop,coh_accumulator,R3
0.49434644957033014,0.5056535504296699,lower=damaged,54650.0,0.9222835591305323,0.16058902442455292,0.1674017608165741,4447,Avdiivka,s1__coh__running_min,coh_accumulator,R3
0.43796296296296294,0.5620370370370371,lower=damaged,3074.5,0.3927787178099752,1.4166666269302368,1.5880341529846191,597,Hostomel,s1__coh__drop_count,coh_accumulator,R3
0.45206701695251317,0.5479329830474868,lower=damaged,18240.0,0.4390605386377482,0.4540720283985138,0.4947938621044159,1856,Hostomel,s1__coh__running_min,coh_accumulator,R3
0.5345768125199616,0.5345768125199616,higher=damaged,41844.0,0.4930098278098759,0.14599215984344482,0.12693940103054047,2556,Hostomel,s1__coh__max_drop,coh_accumulator,R3
0.5193565976008724,0.5193565976008724,higher=damaged,20955.0,0.34720733023903705,5.0,4.946019649505615,1856,Hostomel,s1__coh__scenes_observed,coh_accumulator,R3
0.6456536164565362,0.6456536164565362,higher=damaged,6811.0,0.05738906324809715,2.090909004211426,1.584984302520752,970,Irpin,s1__coh__drop_count,coh_accumulator,R3
0.3917638194940122,0.6082361805059878,lower=damaged,39518.0,0.025428065334267027,0.4209734797477722,0.49730461835861206,2838,Irpin,s1__coh__running_min,coh_accumulator,R3
0.5907748776508972,0.5907748776508972,higher=damaged,72429.0,0.0464742766956234,0.22889956831932068,0.1731564998626709,3105,Irpin,s1__coh__max_drop,coh_accumulator,R3
0.4819424617336822,0.5180575382663177,lower=damaged,48614.5,0.12502865521507023,4.916666507720947,4.973947048187256,2838,Irpin,s1__coh__scenes_observed,coh_accumulator,R3
0.4686984126984127,0.5313015873015873,lower=damaged,59056.0,0.28870252212766834,0.02298998460173607,0.03608909994363785,3190,Lysychansk,s1__coh__max_drop,coh_accumulator,R3
0.468936170212766,0.531063829787234,lower=damaged,1653.0,0.81148717234056,0.46780672669410706,0.4915831983089447,710,Lysychansk,s1__coh__running_min,coh_accumulator,R3
0.5056737588652482,0.5056737588652482,higher=damaged,1782.5,0.8154534158620682,2.0,1.9886524677276611,710,Lysychansk,s1__coh__scenes_observed,coh_accumulator,R3
0.5110337721639091,0.5110337721639091,higher=damaged,68940.5,0.5737229612166052,1.3219177722930908,1.2846320867538452,1070,Mariupol,s1__coh__drop_count,coh_accumulator,R3
0.4921861466133912,0.5078138533866088,lower=damaged,1395015.5,0.5139787959397537,0.49187788367271423,0.49842095375061035,4874,Mariupol,s1__coh__running_min,coh_accumulator,R3
0.5014348123585453,0.5014348123585453,higher=damaged,1429014.0,0.9028738558728621,0.14315451681613922,0.14078393578529358,4897,Mariupol,s1__coh__max_drop,coh_accumulator,R3
0.5013273001508296,0.5013273001508296,higher=damaged,1420924.5,0.47808811566150744,2.9940741062164307,2.9902358055114746,4874,Mariupol,s1__coh__scenes_observed,coh_accumulator,R3
0.36,0.64,lower=damaged,72.0,0.2872271400083465,1.600000023841858,1.9249999523162842,45,Moschun,s1__coh__drop_count,coh_accumulator,R3
0.5732838589981447,0.5732838589981447,higher=damaged,309.0,0.5279183230533333,0.303705632686615,0.276411771774292,84,Moschun,s1__coh__max_drop,coh_accumulator,R3
0.45454545454545453,0.5454545454545454,lower=damaged,245.0,0.6977046950929654,0.3555090129375458,0.38864606618881226,84,Moschun,s1__coh__running_min,coh_accumulator,R3
0.5064935064935066,0.5064935064935066,higher=damaged,273.0,0.7960686647294946,5.0,4.98701286315918,84,Moschun,s1__coh__scenes_observed,coh_accumulator,R3
0.5268173758865249,0.5268173758865249,higher=damaged,14262.0,0.41853859408129335,1.3125,1.258865237236023,612,Sievierodonetsk,s1__coh__drop_count,coh_accumulator,R3
0.5181508543324336,0.5181508543324336,higher=damaged,183314.0,0.4272758569712245,0.5290637612342834,0.5216162800788879,2218,Sievierodonetsk,s1__coh__running_min,coh_accumulator,R3
0.49474115635202165,0.5052588436479784,lower=damaged,175032.0,0.8166976977677964,0.16612520813941956,0.16918668150901794,2218,Sievierodonetsk,s1__coh__max_drop,coh_accumulator,R3
0.5019559902200489,0.5019559902200489,higher=damaged,177584.5,0.41029853448844467,2.0,1.9960880279541016,2218,Sievierodonetsk,s1__coh__scenes_observed,coh_accumulator,R3
0.4379551820728292,0.5620448179271709,lower=damaged,121953.0,0.07882277730462166,0.4161006212234497,0.46259474754333496,4163,Volnovakha,s1__coh__running_min,coh_accumulator,R3
0.5452737247242647,0.5452737247242647,higher=damaged,151874.0,0.19550821083120418,0.19335833191871643,0.16621364653110504,4164,Volnovakha,s1__coh__max_drop,coh_accumulator,R3
0.5059211112100436,0.5059211112100436,higher=damaged,11364.0,0.9087517700063803,1.454545497894287,1.3868756294250488,1043,Volnovakha,s1__coh__drop_count,coh_accumulator,R3
0.505006105006105,0.505006105006105,higher=damaged,140624.0,0.4072073383123924,3.0,2.98925518989563,4163,Volnovakha,s1__coh__scenes_observed,coh_accumulator,R3
0.725630881616734,0.725630881616734,higher=damaged,803002.0,2.0248398996023834e-13,0.16796629130840302,0.15161961317062378,12523,Avdiivka,s2__rgb_prepost__post__b02,rgb_prepost,P7
0.7053787819913865,0.7053787819913865,higher=damaged,780590.5,2.2673468337714608e-11,0.17947866022586823,0.16358983516693115,12523,Avdiivka,s2__rgb_prepost__post__b03,rgb_prepost,P7
0.6792511652536629,0.6792511652536629,higher=damaged,751677.0,5.318339462723661e-09,0.19675730168819427,0.1798122227191925,12523,Avdiivka,s2__rgb_prepost__post__b04,rgb_prepost,P7
0.6330124179262009,0.6330124179262009,higher=damaged,700508.0,1.48283753881956e-05,0.007326965220272541,-0.007588997948914766,12523,Avdiivka,s2__rgb_prepost__delta__b04,rgb_prepost,P7
0.6325836371095565,0.6325836371095565,higher=damaged,700033.5,1.57977826023018e-05,0.0008898887899704278,-0.012803611345589161,12523,Avdiivka,s2__rgb_prepost__delta__b03,rgb_prepost,P7
0.6185883939108605,0.6185883939108605,higher=damaged,684546.0,0.00011267539950907315,-0.006222471594810486,-0.018257029354572296,12523,Avdiivka,s2__rgb_prepost__delta__b02,rgb_prepost,P7
0.5177345372329947,0.5177345372329947,higher=damaged,572938.5,0.5636225638738632,0.1741887480020523,0.16987663507461548,12523,Avdiivka,s2__rgb_prepost__pre__b02,rgb_prepost,P7
0.5068510047658378,0.5068510047658378,higher=damaged,560894.5,0.8234792916451243,0.1894303411245346,0.18740122020244598,12523,Avdiivka,s2__rgb_prepost__pre__b04,rgb_prepost,P7
0.5039182162718028,0.5039182162718028,higher=damaged,557649.0,0.898487012656694,0.17858876287937164,0.17639343440532684,12523,Avdiivka,s2__rgb_prepost__pre__b03,rgb_prepost,P7
0.6671287559285582,0.6671287559285582,higher=damaged,1797916.0,4.368162520175471e-13,0.16915695369243622,0.15271571278572083,17215,Bucha,s2__rgb_prepost__post__b02,rgb_prepost,P7
0.6196123496571067,0.6196123496571067,higher=damaged,1669859.0,2.1696365560446728e-07,0.16867531836032867,0.15141916275024414,17215,Bucha,s2__rgb_prepost__post__b04,rgb_prepost,P7
0.6195342422243215,0.6195342422243215,higher=damaged,1669648.5,2.209341946995016e-07,0.16197215020656586,0.14617379009723663,17215,Bucha,s2__rgb_prepost__post__b03,rgb_prepost,P7
0.5995359565062193,0.5995359565062193,higher=damaged,1615753.0,1.603017718164992e-05,-0.02341076172888279,-0.04358944669365883,17215,Bucha,s2__rgb_prepost__delta__b02,rgb_prepost,P7
0.586631903602441,0.586631903602441,higher=damaged,1580976.5,0.0001735125283967906,-0.041350629180669785,-0.05912402644753456,17215,Bucha,s2__rgb_prepost__delta__b04,rgb_prepost,P7
0.5842786620883218,0.5842786620883218,higher=damaged,1574634.5,0.0002594368598693072,-0.037069614976644516,-0.05484310910105705,17215,Bucha,s2__rgb_prepost__delta__b03,rgb_prepost,P7
0.48374437756353794,0.5162556224364621,lower=damaged,1303694.0,0.4810989496911211,0.19256773591041565,0.19630514085292816,17215,Bucha,s2__rgb_prepost__pre__b02,rgb_prepost,P7
0.4942816453840919,0.5057183546159081,lower=damaged,1332092.0,0.8042625121811254,0.19904175400733948,0.20101690292358398,17215,Bucha,s2__rgb_prepost__pre__b03,rgb_prepost,P7
0.49993172556944215,0.5000682744305578,lower=damaged,1347319.0,0.9976453821437218,0.21002593636512756,0.2105432003736496,17215,Bucha,s2__rgb_prepost__pre__b04,rgb_prepost,P7
0.6351973226312007,0.6351973226312007,higher=damaged,10796440.0,1.61576164938566e-17,0.18784835934638977,0.18151794373989105,51375,Chernihiv,s2__rgb_prepost__post__b02,rgb_prepost,P7
0.626956449808219,0.626956449808219,higher=damaged,10656370.0,1.2512720320891549e-15,0.20478709042072296,0.19916163384914398,51375,Chernihiv,s2__rgb_prepost__post__b03,rgb_prepost,P7
0.6241474223724136,0.6241474223724136,higher=damaged,10608625.0,5.186594012145696e-15,0.21138137578964233,0.2031165212392807,51375,Chernihiv,s2__rgb_prepost__post__b04,rgb_prepost,P7
0.5320839824190007,0.5320839824190007,higher=damaged,9043824.0,0.0432229409057971,-0.07920360565185547,-0.08292518556118011,51375,Chernihiv,s2__rgb_prepost__delta__b02,rgb_prepost,P7
0.5239103568126726,0.5239103568126726,higher=damaged,8904897.0,0.131927444647546,-0.07315436005592346,-0.07515645027160645,51375,Chernihiv,s2__rgb_prepost__delta__b04,rgb_prepost,P7
0.5238863819738394,0.5238863819738394,higher=damaged,8904489.5,0.1323153533982312,-0.06515976041555405,-0.06689930707216263,51375,Chernihiv,s2__rgb_prepost__delta__b03,rgb_prepost,P7
0.5142803553524137,0.5142803553524137,higher=damaged,8741216.0,0.36823924794361973,0.2845357358455658,0.27827298641204834,51375,Chernihiv,s2__rgb_prepost__pre__b04,rgb_prepost,P7
0.5093602477521603,0.5093602477521603,higher=damaged,8657589.0,0.5553450471327206,0.2699468433856964,0.2660609781742096,51375,Chernihiv,s2__rgb_prepost__pre__b03,rgb_prepost,P7
0.5019868522572178,0.5019868522572178,higher=damaged,8532263.5,0.9003763309552382,0.26705193519592285,0.26444312930107117,51375,Chernihiv,s2__rgb_prepost__pre__b02,rgb_prepost,P7
0.7908462082197314,0.7908462082197314,higher=damaged,46990.5,0.013626070903767806,0.23960000276565552,0.20690403878688812,9909,Chornobaivka,s2__rgb_prepost__pre__b04,rgb_prepost,P7
0.737697330775186,0.737697330775186,higher=damaged,43832.5,0.04378444034047525,0.20098334550857544,0.176369771361351,9909,Chornobaivka,s2__rgb_prepost__pre__b02,rgb_prepost,P7
0.7155155003534281,0.7155155003534281,higher=damaged,42514.5,0.06755024224999642,0.21423332393169403,0.18973340094089508,9909,Chornobaivka,s2__rgb_prepost__pre__b03,rgb_prepost,P7
0.2996398397791915,0.7003601602208085,lower=damaged,17804.0,0.08923565472011669,-0.021683335304260254,-0.011582187376916409,9909,Chornobaivka,s2__rgb_prepost__delta__b04,rgb_prepost,P7
0.691516038910768,0.691516038910768,higher=damaged,41088.5,0.10428532351250752,0.19099999964237213,0.16964654624462128,9909,Chornobaivka,s2__rgb_prepost__post__b02,rgb_prepost,P7
0.686576458312296,0.686576458312296,higher=damaged,40795.0,0.11352978228140492,0.21791665256023407,0.19532185792922974,9909,Chornobaivka,s2__rgb_prepost__post__b04,rgb_prepost,P7
0.6677606112625805,0.6677606112625805,higher=damaged,39677.0,0.15475831118075048,0.20333333313465118,0.18202535808086395,9909,Chornobaivka,s2__rgb_prepost__post__b03,rgb_prepost,P7
0.38779494429297523,0.6122050557070248,lower=damaged,23042.0,0.34125639301515187,-0.009983333759009838,-0.006723225582391024,9909,Chornobaivka,s2__rgb_prepost__delta__b02,rgb_prepost,P7
0.4361641253492208,0.5638358746507792,lower=damaged,25916.0,0.5882294100109415,-0.01089999545365572,-0.007708048447966576,9909,Chornobaivka,s2__rgb_prepost__delta__b03,rgb_prepost,P7
0.6475907210708551,0.6475907210708551,higher=damaged,1160717.0,1.2087674978508164e-09,0.20538602769374847,0.1759534776210785,12677,Dmytrivka,s2__rgb_prepost__pre__b02,rgb_prepost,P7
0.6433061513243419,0.6433061513243419,higher=damaged,1153037.5,3.578230032741623e-09,0.2150880992412567,0.18657875061035156,12677,Dmytrivka,s2__rgb_prepost__pre__b03,rgb_prepost,P7
0.6410833860570577,0.6410833860570577,higher=damaged,1149053.5,6.208468262882614e-09,0.22733917832374573,0.19888100028038025,12677,Dmytrivka,s2__rgb_prepost__pre__b04,rgb_prepost,P7
0.46524531743504227,0.5347546825649577,lower=damaged,815174.0,0.15375184913549275,0.30505844950675964,0.3401182293891907,12481,Dmytrivka,s2__rgb_prepost__delta__b02,rgb_prepost,P7
0.4709041182829206,0.5290958817170794,lower=damaged,825089.0,0.23241814275892336,0.27888941764831543,0.3074035346508026,12481,Dmytrivka,s2__rgb_prepost__delta__b03,rgb_prepost,P7
0.474609591253657,0.525390408746343,lower=damaged,831581.5,0.29737854559907495,0.2660352289676666,0.29177331924438477,12481,Dmytrivka,s2__rgb_prepost__delta__b04,rgb_prepost,P7
0.4905698067161377,0.5094301932838623,lower=damaged,859546.0,0.6987369494862442,0.510464072227478,0.5163800120353699,12481,Dmytrivka,s2__rgb_prepost__post__b02,rgb_prepost,P7
0.4971757361577684,0.5028242638422316,lower=damaged,871120.5,0.9077295429172332,0.49392881989479065,0.49430736899375916,12481,Dmytrivka,s2__rgb_prepost__post__b03,rgb_prepost,P7
0.5013263795431638,0.5013263795431638,higher=damaged,878393.0,0.9565956990700616,0.49344295263290405,0.4909641742706299,12481,Dmytrivka,s2__rgb_prepost__post__b04,rgb_prepost,P7
0.588507015457089,0.588507015457089,higher=damaged,5603748.5,8.06282356213228e-12,0.3507583439350128,0.3106352388858795,19145,Hostomel,s2__rgb_prepost__pre__b04,rgb_prepost,P7
0.4259722301279125,0.5740277698720875,lower=damaged,4056096.5,1.0724112085677546e-08,-0.19125089049339294,-0.15611034631729126,19145,Hostomel,s2__rgb_prepost__delta__b04,rgb_prepost,P7
0.5731645560048788,0.5731645560048788,higher=damaged,5457658.0,1.5842884968443812e-08,0.34141919016838074,0.30649644136428833,19145,Hostomel,s2__rgb_prepost__pre__b03,rgb_prepost,P7
0.564360971790093,0.564360971790093,higher=damaged,5373830.5,6.623836294573913e-07,0.1541774868965149,0.14815054833889008,19145,Hostomel,s2__rgb_prepost__post__b03,rgb_prepost,P7
0.559571996310849,0.559571996310849,higher=damaged,5328230.0,4.182306954646087e-06,0.3520084023475647,0.32070085406303406,19145,Hostomel,s2__rgb_prepost__pre__b02,rgb_prepost,P7
0.5576661940055706,0.5576661940055706,higher=damaged,5310083.0,8.393427924350266e-06,0.15449334681034088,0.15046489238739014,19145,Hostomel,s2__rgb_prepost__post__b02,rgb_prepost,P7
0.44445248432730444,0.5555475156726956,lower=damaged,4232065.0,1.7770557556624182e-05,-0.18724167346954346,-0.15834587812423706,19145,Hostomel,s2__rgb_prepost__delta__b03,rgb_prepost,P7
0.4501115524995132,0.5498884475004868,lower=damaged,4285950.5,0.00011619125052698604,-0.197515070438385,-0.17023597657680511,19145,Hostomel,s2__rgb_prepost__delta__b02,rgb_prepost,P7
0.5487935589826227,0.5487935589826227,higher=damaged,5225598.0,0.0001636098682009167,0.15950743854045868,0.15452487766742706,19145,Hostomel,s2__rgb_prepost__post__b04,rgb_prepost,P7
0.5989137667754448,0.5989137667754448,higher=damaged,2552501.0,7.968866455769889e-08,0.19175221025943756,0.1714310199022293,17365,Irpin,s2__rgb_prepost__pre__b02,rgb_prepost,P7
0.5945767177145131,0.5945767177145131,higher=damaged,2534017.0,2.859674022696605e-07,0.2020505964756012,0.18275916576385498,17365,Irpin,s2__rgb_prepost__pre__b03,rgb_prepost,P7
0.5842000861590789,0.5842000861590789,higher=damaged,2489793.0,4.892398151554255e-06,0.21314939856529236,0.19562502205371857,17365,Irpin,s2__rgb_prepost__pre__b04,rgb_prepost,P7
0.5734296813312261,0.5734296813312261,higher=damaged,2443748.0,6.752184786760572e-05,0.4148060083389282,0.3761727809906006,17364,Irpin,s2__rgb_prepost__post__b02,rgb_prepost,P7
0.5709654862511689,0.5709654862511689,higher=damaged,2433246.5,0.00011757550304427567,0.4059690833091736,0.3660241365432739,17364,Irpin,s2__rgb_prepost__post__b04,rgb_prepost,P7
0.5707686134546952,0.5707686134546952,higher=damaged,2432407.5,0.0001228123926405417,0.3989277184009552,0.361244797706604,17364,Irpin,s2__rgb_prepost__post__b03,rgb_prepost,P7
0.5453748385302825,0.5453748385302825,higher=damaged,2324188.5,0.013801779273720446,0.19281968474388123,0.1703982651233673,17364,Irpin,s2__rgb_prepost__delta__b04,rgb_prepost,P7
0.5420885411350338,0.5420885411350338,higher=damaged,2310183.5,0.02236908189163561,0.22305382788181305,0.20474131405353546,17364,Irpin,s2__rgb_prepost__delta__b02,rgb_prepost,P7
0.5408635418096576,0.5408635418096576,higher=damaged,2304963.0,0.026584589414074003,0.1968771070241928,0.1784851998090744,17364,Irpin,s2__rgb_prepost__delta__b03,rgb_prepost,P7
0.7177518794597065,0.7177518794597065,higher=damaged,29017350.5,2.9408702013655646e-31,0.2077668160200119,0.1776179075241089,170104,Kharkiv,s2__rgb_prepost__post__b04,rgb_prepost,P7
0.717539885863568,0.717539885863568,higher=damaged,29008780.0,3.357649724192194e-31,0.18401889503002167,0.15521998703479767,170104,Kharkiv,s2__rgb_prepost__post__b02,rgb_prepost,P7
0.7025358075129314,0.7025358075129314,higher=damaged,28402193.5,2.8837168308051705e-27,0.19966259598731995,0.1730705201625824,170104,Kharkiv,s2__rgb_prepost__post__b03,rgb_prepost,P7
0.6225976738758094,0.6225976738758094,higher=damaged,25170446.0,5.862301252416702e-11,-0.010631512850522995,-0.0322243832051754,170104,Kharkiv,s2__rgb_prepost__delta__b04,rgb_prepost,P7
0.6035993440487408,0.6035993440487408,higher=damaged,24401948.5,3.1548197874689876e-08,-0.005583193153142929,-0.025656847283244133,170101,Kharkiv,s2__rgb_prepost__delta__b02,rgb_prepost,P7
0.5849898788239114,0.5849898788239114,higher=damaged,23650034.0,5.657517719904582e-06,-0.005461764056235552,-0.022052476182579994,170104,Kharkiv,s2__rgb_prepost__delta__b03,rgb_prepost,P7
0.5630482880870903,0.5630482880870903,higher=damaged,22762977.0,0.0007598203772961026,0.20512434840202332,0.19512301683425903,170104,Kharkiv,s2__rgb_prepost__pre__b03,rgb_prepost,P7
0.5536760420421856,0.5536760420421856,higher=damaged,22383679.5,0.004150174064170171,0.1896020919084549,0.18087726831436157,170101,Kharkiv,s2__rgb_prepost__pre__b02,rgb_prepost,P7
0.5490282280832929,0.5490282280832929,higher=damaged,22196172.5,0.008836810546694355,0.2183983325958252,0.20984229445457458,170104,Kharkiv,s2__rgb_prepost__pre__b04,rgb_prepost,P7
0.7908462082197314,0.7908462082197314,higher=damaged,46990.5,0.013626070903767806,0.23960000276565552,0.20690403878688812,9909,Kherson,s2__rgb_prepost__pre__b04,rgb_prepost,P7
0.737697330775186,0.737697330775186,higher=damaged,43832.5,0.04378444034047525,0.20098334550857544,0.176369771361351,9909,Kherson,s2__rgb_prepost__pre__b02,rgb_prepost,P7
0.7155155003534281,0.7155155003534281,higher=damaged,42514.5,0.06755024224999642,0.21423332393169403,0.18973340094089508,9909,Kherson,s2__rgb_prepost__pre__b03,rgb_prepost,P7
0.2996398397791915,0.7003601602208085,lower=damaged,17804.0,0.08923565472011669,-0.021683335304260254,-0.011582187376916409,9909,Kherson,s2__rgb_prepost__delta__b04,rgb_prepost,P7
0.691516038910768,0.691516038910768,higher=damaged,41088.5,0.10428532351250752,0.19099999964237213,0.16964654624462128,9909,Kherson,s2__rgb_prepost__post__b02,rgb_prepost,P7
0.686576458312296,0.686576458312296,higher=damaged,40795.0,0.11352978228140492,0.21791665256023407,0.19532185792922974,9909,Kherson,s2__rgb_prepost__post__b04,rgb_prepost,P7
0.6677606112625805,0.6677606112625805,higher=damaged,39677.0,0.15475831118075048,0.20333333313465118,0.18202535808086395,9909,Kherson,s2__rgb_prepost__post__b03,rgb_prepost,P7
0.38779494429297523,0.6122050557070248,lower=damaged,23042.0,0.34125639301515187,-0.009983333759009838,-0.006723225582391024,9909,Kherson,s2__rgb_prepost__delta__b02,rgb_prepost,P7
0.4361641253492208,0.5638358746507792,lower=damaged,25916.0,0.5882294100109415,-0.01089999545365572,-0.007708048447966576,9909,Kherson,s2__rgb_prepost__delta__b03,rgb_prepost,P7
0.7428318270423533,0.7428318270423533,higher=damaged,146713.0,0.00024915757431958263,0.17687369883060455,0.14859932661056519,10414,Kramatorsk,s2__rgb_prepost__pre__b02,rgb_prepost,P7
0.7105972000708842,0.7105972000708842,higher=damaged,140346.5,0.0014887920164378288,0.19110527634620667,0.16422826051712036,10414,Kramatorsk,s2__rgb_prepost__pre__b03,rgb_prepost,P7
0.6850586061112377,0.6850586061112377,higher=damaged,135302.5,0.005244729897448474,0.21733155846595764,0.19449305534362793,10414,Kramatorsk,s2__rgb_prepost__post__b04,rgb_prepost,P7
0.3211817422343738,0.6788182577656262,lower=damaged,63435.0,0.006986913129359934,0.005578948650509119,0.015595912002027035,10414,Kramatorsk,s2__rgb_prepost__delta__b02,rgb_prepost,P7
0.6730006835269993,0.6730006835269993,higher=damaged,132921.0,0.009061914072165146,0.20406316220760345,0.17995116114616394,10414,Kramatorsk,s2__rgb_prepost__pre__b04,rgb_prepost,P7
0.3507733981418192,0.6492266018581808,lower=damaged,69279.5,0.024380957262666814,0.0037052647676318884,0.015370754525065422,10414,Kramatorsk,s2__rgb_prepost__delta__b03,rgb_prepost,P7
0.5675932254879622,0.5675932254879622,higher=damaged,112102.5,0.30790948474919266,0.18245263397693634,0.1641952395439148,10414,Kramatorsk,s2__rgb_prepost__post__b02,rgb_prepost,P7
0.5619402040454672,0.5619402040454672,higher=damaged,110986.0,0.3501278242403888,0.19481050968170166,0.17959903180599213,10414,Kramatorsk,s2__rgb_prepost__post__b03,rgb_prepost,P7
0.47371712108554215,0.5262828789144578,lower=damaged,93561.5,0.691777615506585,0.01326842326670885,0.014541875571012497,10414,Kramatorsk,s2__rgb_prepost__delta__b04,rgb_prepost,P7
0.6858840964564825,0.6858840964564825,higher=damaged,29771868.5,4.3462682445104934e-96,0.22069813311100006,0.19525836408138275,41600,Lysychansk,s2__rgb_prepost__post__b04,rgb_prepost,P7
0.680753201376778,0.680753201376778,higher=damaged,29549154.0,5.819189006471216e-91,0.19044126570224762,0.1694534718990326,41600,Lysychansk,s2__rgb_prepost__post__b02,rgb_prepost,P7
0.6642438070246479,0.6642438070246479,higher=damaged,28832538.0,1.9588187295212114e-75,0.2122379094362259,0.19360464811325073,41600,Lysychansk,s2__rgb_prepost__post__b03,rgb_prepost,P7
0.6551663079305594,0.6551663079305594,higher=damaged,28438515.0,1.5840772262220194e-67,0.0013504204107448459,-0.009142783470451832,41600,Lysychansk,s2__rgb_prepost__delta__b04,rgb_prepost,P7
0.6460318128419257,0.6460318128419257,higher=damaged,28042018.0,5.085291516942096e-60,-0.007549953646957874,-0.016896652057766914,41600,Lysychansk,s2__rgb_prepost__delta__b03,rgb_prepost,P7
0.6441203620862921,0.6441203620862921,higher=damaged,27959048.5,1.6596555016269575e-58,-0.010649486444890499,-0.020694028586149216,41600,Lysychansk,s2__rgb_prepost__delta__b02,rgb_prepost,P7
0.642482487496878,0.642482487496878,higher=damaged,27887954.0,3.1700619337948445e-57,0.21934771537780762,0.2044011354446411,41600,Lysychansk,s2__rgb_prepost__pre__b04,rgb_prepost,P7
0.6226148909891707,0.6226148909891707,higher=damaged,27025570.0,7.683947602117917e-43,0.2010907530784607,0.1901474893093109,41600,Lysychansk,s2__rgb_prepost__pre__b02,rgb_prepost,P7
0.5966481701532711,0.5966481701532711,higher=damaged,25898444.0,2.934068231217395e-27,0.2197878658771515,0.2105012983083725,41600,Lysychansk,s2__rgb_prepost__pre__b03,rgb_prepost,P7
0.6799827132631117,0.6799827132631117,higher=damaged,198251.0,6.276699385402435e-06,0.1720981001853943,0.1577880084514618,5554,Makariv,s2__rgb_prepost__pre__b02,rgb_prepost,P7
0.6586761240666362,0.6586761240666362,higher=damaged,192039.0,6.830051738817929e-05,0.20096226036548615,0.187410369515419,5554,Makariv,s2__rgb_prepost__pre__b04,rgb_prepost,P7
0.6314580882378161,0.6314580882378161,higher=damaged,184103.5,0.0009700890866555633,0.18522828817367554,0.17185388505458832,5554,Makariv,s2__rgb_prepost__pre__b03,rgb_prepost,P7
0.39894976213587235,0.6010502378641276,lower=damaged,116315.0,0.011214747444478876,0.005862263031303883,0.014156535267829895,5554,Makariv,s2__rgb_prepost__delta__b02,rgb_prepost,P7
0.5778383347110132,0.5778383347110132,higher=damaged,168470.5,0.05077133026570744,0.18598489463329315,0.17954117059707642,5554,Makariv,s2__rgb_prepost__post__b03,rgb_prepost,P7
0.5745010341172959,0.5745010341172959,higher=damaged,167497.5,0.06153198305710833,0.20191320776939392,0.19456392526626587,5554,Makariv,s2__rgb_prepost__post__b04,rgb_prepost,P7
0.4261575082403542,0.5738424917596459,lower=damaged,124247.5,0.06386464349206761,0.0007566050626337528,0.00768729392439127,5554,Makariv,s2__rgb_prepost__delta__b03,rgb_prepost,P7
0.5719165983543301,0.5719165983543301,higher=damaged,166744.0,0.07110657134967421,0.1779603809118271,0.1719445288181305,5554,Makariv,s2__rgb_prepost__post__b02,rgb_prepost,P7
0.43751907886387725,0.5624809211361228,lower=damaged,127560.0,0.11688317903117383,0.0009509429219178855,0.0071535538882017136,5554,Makariv,s2__rgb_prepost__delta__b04,rgb_prepost,P7
0.6558559861903631,0.6558559861903631,higher=damaged,51930342.5,2.9769355105155806e-175,0.19018171727657318,0.17666298151016235,28973,Mariupol,s2__rgb_prepost__post__b02,rgb_prepost,P7
0.6531805395563928,0.6531805395563928,higher=damaged,51718502.0,2.339484991434894e-169,0.22078227996826172,0.2032165378332138,28973,Mariupol,s2__rgb_prepost__post__b04,rgb_prepost,P7
0.6468670800986468,0.6468670800986468,higher=damaged,51218605.5,7.534317732006979e-156,0.16094864904880524,0.14516888558864594,28973,Mariupol,s2__rgb_prepost__pre__b02,rgb_prepost,P7
0.6384779063366031,0.6384779063366031,higher=damaged,50554355.0,8.879050122753807e-139,0.2123105674982071,0.2009052187204361,28973,Mariupol,s2__rgb_prepost__post__b03,rgb_prepost,P7
0.6352531570991428,0.6352531570991428,higher=damaged,50299021.0,1.7572292643213005e-132,0.19657516479492188,0.1778164952993393,28973,Mariupol,s2__rgb_prepost__pre__b04,rgb_prepost,P7
0.632538407357764,0.632538407357764,higher=damaged,50084068.5,2.6943723999616463e-127,0.1771809160709381,0.16116370260715485,28973,Mariupol,s2__rgb_prepost__pre__b03,rgb_prepost,P7
0.46645477888276365,0.5335452211172363,lower=damaged,36933651.5,1.2423343543953703e-09,0.03512965887784958,0.03974151983857155,28973,Mariupol,s2__rgb_prepost__delta__b03,rgb_prepost,P7
0.4883769395332048,0.5116230604667952,lower=damaged,38669437.0,0.03530772674701865,0.029233060777187347,0.03149406984448433,28973,Mariupol,s2__rgb_prepost__delta__b02,rgb_prepost,P7
0.5032196153322028,0.5032196153322028,higher=damaged,39844672.5,0.5598684506527839,0.024207137525081635,0.02540004253387451,28973,Mariupol,s2__rgb_prepost__delta__b04,rgb_prepost,P7
0.5429819089207736,0.5429819089207736,higher=damaged,43520.0,0.2267981593784142,0.1486542820930481,0.1461523026227951,1215,Moschun,s2__rgb_prepost__post__b04,rgb_prepost,P7
0.5375545851528385,0.5375545851528385,higher=damaged,43085.0,0.2909616656726548,0.14270427823066711,0.1418030560016632,1215,Moschun,s2__rgb_prepost__post__b02,rgb_prepost,P7
0.5352783445059749,0.5352783445059749,higher=damaged,45913.5,0.3112631450592571,0.19816438853740692,0.1949363350868225,1248,Moschun,s2__rgb_prepost__pre__b04,rgb_prepost,P7
0.5324079850280724,0.5324079850280724,higher=damaged,42672.5,0.3621536345845692,0.14053572714328766,0.14020751416683197,1215,Moschun,s2__rgb_prepost__post__b03,rgb_prepost,P7
0.519609443310988,0.519609443310988,higher=damaged,44569.5,0.5735946646766639,0.19175343215465546,0.19047166407108307,1248,Moschun,s2__rgb_prepost__pre__b03,rgb_prepost,P7
0.5116718652526513,0.5116718652526513,higher=damaged,41010.5,0.7428486832992177,-0.05272999778389931,-0.05373860150575638,1215,Moschun,s2__rgb_prepost__delta__b02,rgb_prepost,P7
0.4908858390517779,0.5091141609482221,lower=damaged,39344.5,0.7978346175546451,-0.04927285760641098,-0.04841746389865875,1215,Moschun,s2__rgb_prepost__delta__b04,rgb_prepost,P7
0.4949844042420462,0.5050155957579539,lower=damaged,39673.0,0.8879625081700591,-0.0512971431016922,-0.050074413418769836,1215,Moschun,s2__rgb_prepost__delta__b03,rgb_prepost,P7
0.49587875255027686,0.5041212474497232,lower=damaged,42534.0,0.9059550001536847,0.1945931613445282,0.19553735852241516,1248,Moschun,s2__rgb_prepost__pre__b02,rgb_prepost,P7
0.7205869789723542,0.7205869789723542,higher=damaged,666352.0,6.254106107870033e-06,0.21934285759925842,0.20081429183483124,26456,Okhtyrka,s2__rgb_prepost__post__b04,rgb_prepost,P7
0.7146295965871303,0.7146295965871303,higher=damaged,660843.0,1.1046228956615322e-05,0.21208856999874115,0.19693274796009064,26456,Okhtyrka,s2__rgb_prepost__post__b03,rgb_prepost,P7
0.6901885405007923,0.6901885405007923,higher=damaged,638241.5,9.817686674461376e-05,0.19432856142520905,0.1796523481607437,26456,Okhtyrka,s2__rgb_prepost__post__b02,rgb_prepost,P7
0.6268184939469146,0.6268184939469146,higher=damaged,579641.0,0.009398006174199025,0.5531686544418335,0.47272953391075134,26456,Okhtyrka,s2__rgb_prepost__pre__b02,rgb_prepost,P7
0.6188070095757163,0.6188070095757163,higher=damaged,572232.5,0.014968049117101565,0.5483857989311218,0.4734950661659241,26456,Okhtyrka,s2__rgb_prepost__pre__b04,rgb_prepost,P7
0.6081407105819505,0.6081407105819505,higher=damaged,562369.0,0.026780260596208968,0.5362885594367981,0.4678042531013489,26456,Okhtyrka,s2__rgb_prepost__pre__b03,rgb_prepost,P7
0.40148258690327504,0.598517413096725,lower=damaged,371265.0,0.04363074547149292,-0.3588399887084961,-0.2930772304534912,26456,Okhtyrka,s2__rgb_prepost__delta__b02,rgb_prepost,P7
0.417208713847751,0.5827912861522491,lower=damaged,385807.5,0.08997100747690133,-0.329042911529541,-0.27268075942993164,26456,Okhtyrka,s2__rgb_prepost__delta__b04,rgb_prepost,P7
0.4214931845339476,0.5785068154660524,lower=damaged,389769.5,0.10787791405923326,-0.32419997453689575,-0.2708715498447418,26456,Okhtyrka,s2__rgb_prepost__delta__b03,rgb_prepost,P7
0.6367102204722136,0.6367102204722136,higher=damaged,3616334.5,3.871316435486497e-22,0.1966095119714737,0.18340982496738434,13609,Rubizhne,s2__rgb_prepost__post__b02,rgb_prepost,P7
0.6270724180320221,0.6270724180320221,higher=damaged,3561594.5,2.418030961245167e-19,0.21915197372436523,0.2070378065109253,13609,Rubizhne,s2__rgb_prepost__post__b03,rgb_prepost,P7
0.619134083769652,0.619134083769652,higher=damaged,3516507.0,3.436932875901132e-17,0.233899787068367,0.22107712924480438,13609,Rubizhne,s2__rgb_prepost__post__b04,rgb_prepost,P7
0.575219139400935,0.575219139400935,higher=damaged,3267082.5,1.0209481268829083e-07,-0.07240185886621475,-0.08970797061920166,13609,Rubizhne,s2__rgb_prepost__delta__b03,rgb_prepost,P7
0.5751316350565292,0.5751316350565292,higher=damaged,3266585.5,1.0562950157559781e-07,-0.0939069613814354,-0.11201880872249603,13609,Rubizhne,s2__rgb_prepost__delta__b02,rgb_prepost,P7
0.5602936624670449,0.5602936624670449,higher=damaged,3182310.0,1.9835167314185238e-05,-0.07663480937480927,-0.09119483828544617,13609,Rubizhne,s2__rgb_prepost__delta__b04,rgb_prepost,P7
0.47821009775485335,0.5217899022451467,lower=damaged,2716098.5,0.12307861090773745,0.2915538549423218,0.29674580693244934,13609,Rubizhne,s2__rgb_prepost__pre__b03,rgb_prepost,P7
0.47850650331583366,0.5214934966841663,lower=damaged,2717782.0,0.1282588611662911,0.2905164659023285,0.29542863368988037,13609,Rubizhne,s2__rgb_prepost__pre__b02,rgb_prepost,P7
0.4945151326174997,0.5054848673825003,lower=damaged,2808706.5,0.6979152213026265,0.3105345666408539,0.31227198243141174,13609,Rubizhne,s2__rgb_prepost__pre__b04,rgb_prepost,P7
0.6055683897062794,0.6055683897062794,higher=damaged,2758699.5,2.452096050532463e-16,0.20387791097164154,0.18994668126106262,9065,Sievierodonetsk,s2__rgb_prepost__post__b02,rgb_prepost,P7
0.5812848448289714,0.5812848448289714,higher=damaged,2648074.5,2.7555395982418003e-10,0.22174717485904694,0.21036481857299805,9065,Sievierodonetsk,s2__rgb_prepost__post__b03,rgb_prepost,P7
0.57508087929591,0.57508087929591,higher=damaged,2619812.0,5.5364087546934504e-09,0.18716910481452942,0.17716720700263977,9065,Sievierodonetsk,s2__rgb_prepost__pre__b02,rgb_prepost,P7
0.5725714150243857,0.5725714150243857,higher=damaged,2608380.0,1.747291512951661e-08,0.23497435450553894,0.22300775349140167,9065,Sievierodonetsk,s2__rgb_prepost__post__b04,rgb_prepost,P7
0.5623618993430876,0.5623618993430876,higher=damaged,2561870.0,1.2819540959792613e-06,0.016708800569176674,0.012779474258422852,9065,Sievierodonetsk,s2__rgb_prepost__delta__b02,rgb_prepost,P7
0.5580403612820746,0.5580403612820746,higher=damaged,2542183.0,6.576505912295346e-06,0.018626967445015907,0.013996084220707417,9065,Sievierodonetsk,s2__rgb_prepost__delta__b04,rgb_prepost,P7
0.5554144457512742,0.5554144457512742,higher=damaged,2530220.5,1.6846461925898625e-05,0.1993144154548645,0.19059205055236816,9065,Sievierodonetsk,s2__rgb_prepost__pre__b03,rgb_prepost,P7
0.5359928781439096,0.5359928781439096,higher=damaged,2441744.5,0.005191274625508203,0.02243277244269848,0.019772758707404137,9065,Sievierodonetsk,s2__rgb_prepost__delta__b03,rgb_prepost,P7
0.5348539387306133,0.5348539387306133,higher=damaged,2436556.0,0.006800103565572789,0.2163473665714264,0.20901167392730713,9065,Sievierodonetsk,s2__rgb_prepost__pre__b04,rgb_prepost,P7
0.7420377788250079,0.7420377788250079,higher=damaged,113371.5,0.00038057049906080315,0.20506668090820312,0.183290034532547,8506,Trostianets,s2__rgb_prepost__post__b02,rgb_prepost,P7
0.7063534139700492,0.7063534139700492,higher=damaged,107919.5,0.0024509203491306247,0.23268890380859375,0.2065456211566925,8506,Trostianets,s2__rgb_prepost__post__b04,rgb_prepost,P7
0.6770931511153,0.6770931511153,higher=damaged,103449.0,0.009328304369361112,0.21971112489700317,0.20132654905319214,8506,Trostianets,s2__rgb_prepost__post__b03,rgb_prepost,P7
0.6510430604936855,0.6510430604936855,higher=damaged,102176.0,0.026595134622799037,0.5080443620681763,0.4423322379589081,8737,Trostianets,s2__rgb_prepost__pre__b04,rgb_prepost,P7
0.6215767608415848,0.6215767608415848,higher=damaged,97551.5,0.07429118211742318,0.4987556040287018,0.43808695673942566,8737,Trostianets,s2__rgb_prepost__pre__b02,rgb_prepost,P7
0.6040320628002701,0.6040320628002701,higher=damaged,94798.0,0.12670058650738417,0.4862722158432007,0.4346781075000763,8737,Trostianets,s2__rgb_prepost__pre__b03,rgb_prepost,P7
0.4065510786469787,0.5934489213530213,lower=damaged,62114.5,0.17011622331197285,-0.2753555476665497,-0.23568494617938995,8506,Trostianets,s2__rgb_prepost__delta__b04,rgb_prepost,P7
0.4142253115509478,0.5857746884490522,lower=damaged,63287.0,0.20796938549504007,-0.29368889331817627,-0.2548959255218506,8506,Trostianets,s2__rgb_prepost__delta__b02,rgb_prepost,P7
0.42795711592836944,0.5720428840716305,lower=damaged,65385.0,0.2902475298576782,-0.2665611505508423,-0.2332819700241089,8506,Trostianets,s2__rgb_prepost__delta__b03,rgb_prepost,P7
0.4028825130310439,0.5971174869689562,lower=damaged,873409.0,1.964045561149979e-05,0.003972392063587904,0.021012835204601288,13463,Volnovakha,s2__rgb_prepost__delta__b04,rgb_prepost,P7
0.41498270215415844,0.5850172978458416,lower=damaged,899641.0,0.0001861871827578054,0.01239018514752388,0.029165618121623993,13463,Volnovakha,s2__rgb_prepost__delta__b02,rgb_prepost,P7
0.4227459753678675,0.5772540246321325,lower=damaged,916471.0,0.0006842577306609653,0.008287117816507816,0.02444111928343773,13463,Volnovakha,s2__rgb_prepost__delta__b03,rgb_prepost,P7
0.5743039346833341,0.5743039346833341,higher=damaged,1245033.5,0.001090259681707838,0.1611282229423523,0.14322614669799805,13463,Volnovakha,s2__rgb_prepost__pre__b02,rgb_prepost,P7
0.5691464089672034,0.5691464089672034,higher=damaged,1233852.5,0.0023702735688958367,0.19283989071846008,0.17572462558746338,13463,Volnovakha,s2__rgb_prepost__pre__b04,rgb_prepost,P7
0.5546090686839799,0.5546090686839799,higher=damaged,1202337.0,0.01637640714395379,0.17482024431228638,0.15853500366210938,13463,Volnovakha,s2__rgb_prepost__pre__b03,rgb_prepost,P7
0.5266612851146271,0.5266612851146271,higher=damaged,1141749.0,0.2412242742797226,0.17351840436458588,0.17239177227020264,13463,Volnovakha,s2__rgb_prepost__post__b02,rgb_prepost,P7
0.49426265049125884,0.5057373495087412,lower=damaged,1071512.0,0.8008983732540444,0.19681228697299957,0.19673745334148407,13463,Volnovakha,s2__rgb_prepost__post__b04,rgb_prepost,P7
0.49600881036948197,0.503991189630518,lower=damaged,1075297.5,0.8607423243502648,0.18310736119747162,0.1829761415719986,13463,Volnovakha,s2__rgb_prepost__post__b03,rgb_prepost,P7
