model_id,fold_id,n,n_damaged,auc,cities,n_cities
B5_UISEM_ExtraTrees_Optuna,0,22615,3311,0.7361745602916248,Mariupol,1
B5_UISEM_ExtraTrees_Optuna,1,10110,1295,0.6799800708252213,Avdiivka|Lysychansk|Moschun,3
B5_UISEM_ExtraTrees_Optuna,2,9736,1007,0.6309237787088503,Bucha|Irpin|Kramatorsk|Rubizhne|Trostianets,5
B5_UISEM_ExtraTrees_Optuna,3,9780,1313,0.6870068833159084,Chernihiv|Hostomel|Kharkiv|Kherson|Makariv,5
B5_UISEM_ExtraTrees_Optuna,4,9802,1154,0.6669037791569202,Chornobaivka|Dmytrivka|Okhtyrka|Sievierodonetsk|Volnovakha,5
B5_UISEM_RF_Optuna,0,22615,3311,0.7361397956653549,Mariupol,1
B5_UISEM_RF_Optuna,1,10110,1295,0.6689810935641906,Avdiivka|Lysychansk|Moschun,3
B5_UISEM_RF_Optuna,2,9736,1007,0.6435178290857342,Bucha|Irpin|Kramatorsk|Rubizhne|Trostianets,5
B5_UISEM_RF_Optuna,3,9780,1313,0.6721812590631197,Chernihiv|Hostomel|Kharkiv|Kherson|Makariv,5
B5_UISEM_RF_Optuna,4,9802,1154,0.6618794259439476,Chornobaivka|Dmytrivka|Okhtyrka|Sievierodonetsk|Volnovakha,5
B5_UISEM_LightGBM_Optuna,0,22615,3311,0.7193221651997518,Mariupol,1
B5_UISEM_LightGBM_Optuna,1,10110,1295,0.664858163406093,Avdiivka|Lysychansk|Moschun,3
B5_UISEM_LightGBM_Optuna,2,9736,1007,0.6353746935616112,Bucha|Irpin|Kramatorsk|Rubizhne|Trostianets,5
B5_UISEM_LightGBM_Optuna,3,9780,1313,0.6707239638573519,Chernihiv|Hostomel|Kharkiv|Kherson|Makariv,5
B5_UISEM_LightGBM_Optuna,4,9802,1154,0.6773211305405964,Chornobaivka|Dmytrivka|Okhtyrka|Sievierodonetsk|Volnovakha,5
B5_UISEM_Tuned_Voting,0,22615,3311,0.7191401281040494,Mariupol,1
B5_UISEM_Tuned_Voting,1,10110,1295,0.6664864864864865,Avdiivka|Lysychansk|Moschun,3
B5_UISEM_Tuned_Voting,2,9736,1007,0.6274536259700257,Bucha|Irpin|Kramatorsk|Rubizhne|Trostianets,5
B5_UISEM_Tuned_Voting,3,9780,1313,0.6711703004298485,Chernihiv|Hostomel|Kharkiv|Kherson|Makariv,5
B5_UISEM_Tuned_Voting,4,9802,1154,0.6876673381569476,Chornobaivka|Dmytrivka|Okhtyrka|Sievierodonetsk|Volnovakha,5
R3b_card_ms,0,22615,3311,0.7069013525098058,Mariupol,1
R3b_card_ms,1,10110,1295,0.656208375947457,Avdiivka|Lysychansk|Moschun,3
R3b_card_ms,2,9736,1007,0.6471469105652118,Bucha|Irpin|Kramatorsk|Rubizhne|Trostianets,5
R3b_card_ms,3,9780,1313,0.6496855180153297,Chernihiv|Hostomel|Kharkiv|Kherson|Makariv,5
R3b_card_ms,4,9802,1154,0.6782253578030484,Chornobaivka|Dmytrivka|Okhtyrka|Sievierodonetsk|Volnovakha,5
R4b_tier0_all,0,22615,3311,0.681959078686712,Mariupol,1
R4b_tier0_all,1,7962,1117,0.692459061204978,Lysychansk,1
R4b_tier0_all,2,5002,463,0.6546334455834413,Rubizhne,1
R4b_tier0_all,3,4418,568,0.7553084415584416,Sievierodonetsk,1
R3b_all_multimodal,0,22615,3311,0.7071334087370045,Mariupol,1
R3b_all_multimodal,1,10110,1295,0.6608949294485313,Avdiivka|Lysychansk|Moschun,3
R3b_all_multimodal,2,9736,1007,0.626956134643701,Bucha|Irpin|Kramatorsk|Rubizhne|Trostianets,5
R3b_all_multimodal,3,9780,1313,0.650597530612779,Chernihiv|Hostomel|Kharkiv|Kherson|Makariv,5
R3b_all_multimodal,4,9802,1154,0.6790774797711215,Chornobaivka|Dmytrivka|Okhtyrka|Sievierodonetsk|Volnovakha,5
B5_UISEM_XGBoost_Optuna,0,22615,3311,0.709429751548387,Mariupol,1
B5_UISEM_XGBoost_Optuna,1,10110,1295,0.664152889620842,Avdiivka|Lysychansk|Moschun,3
B5_UISEM_XGBoost_Optuna,2,9736,1007,0.6094806852661453,Bucha|Irpin|Kramatorsk|Rubizhne|Trostianets,5
B5_UISEM_XGBoost_Optuna,3,9780,1313,0.6580124116108316,Chernihiv|Hostomel|Kharkiv|Kherson|Makariv,5
B5_UISEM_XGBoost_Optuna,4,9802,1154,0.6962006322376257,Chornobaivka|Dmytrivka|Okhtyrka|Sievierodonetsk|Volnovakha,5
B5_sub_RF_full_F8,0,22615,3311,0.7028395080232752,Mariupol,1
B5_sub_RF_full_F8,1,10110,1295,0.6598256744711651,Avdiivka|Lysychansk|Moschun,3
B5_sub_RF_full_F8,2,9736,1007,0.6284385973634211,Bucha|Irpin|Kramatorsk|Rubizhne|Trostianets,5
B5_sub_RF_full_F8,3,9780,1313,0.6517386482586263,Chernihiv|Hostomel|Kharkiv|Kherson|Makariv,5
B5_sub_RF_full_F8,4,9802,1154,0.6799506442619246,Chornobaivka|Dmytrivka|Okhtyrka|Sievierodonetsk|Volnovakha,5
E7c_ExtraTrees,0,22615,3311,0.7156974444276029,Mariupol,1
E7c_ExtraTrees,1,10110,1295,0.6622642170571835,Avdiivka|Lysychansk|Moschun,3
E7c_ExtraTrees,2,9736,1007,0.6563355400954914,Bucha|Irpin|Kramatorsk|Rubizhne|Trostianets,5
E7c_ExtraTrees,3,9780,1313,0.6537504910197028,Chernihiv|Hostomel|Kharkiv|Kherson|Makariv,5
E7c_ExtraTrees,4,9802,1154,0.6787672528645888,Chornobaivka|Dmytrivka|Okhtyrka|Sievierodonetsk|Volnovakha,5
R5_ExtraTrees_all_multimodal,0,22615,3311,0.7156974444276029,Mariupol,1
R5_ExtraTrees_all_multimodal,1,10110,1295,0.6622642170571835,Avdiivka|Lysychansk|Moschun,3
R5_ExtraTrees_all_multimodal,2,9736,1007,0.6563355400954914,Bucha|Irpin|Kramatorsk|Rubizhne|Trostianets,5
R5_ExtraTrees_all_multimodal,3,9780,1313,0.6537504910197028,Chernihiv|Hostomel|Kharkiv|Kherson|Makariv,5
R5_ExtraTrees_all_multimodal,4,9802,1154,0.6787672528645888,Chornobaivka|Dmytrivka|Okhtyrka|Sievierodonetsk|Volnovakha,5
R3_ms_plus_blocks_F8,0,22615,3311,0.6996988009677271,Mariupol,1
R3_ms_plus_blocks_F8,1,10110,1295,0.6539616790439253,Avdiivka|Lysychansk|Moschun,3
R3_ms_plus_blocks_F8,2,9736,1007,0.6360271318777493,Bucha|Irpin|Kramatorsk|Rubizhne|Trostianets,5
R3_ms_plus_blocks_F8,3,9780,1313,0.6460648127117952,Chernihiv|Hostomel|Kharkiv|Kherson|Makariv,5
R3_ms_plus_blocks_F8,4,9802,1154,0.6790008248668911,Chornobaivka|Dmytrivka|Okhtyrka|Sievierodonetsk|Volnovakha,5
B5_sub_RF,0,22615,3311,0.6996988009677271,Mariupol,1
B5_sub_RF,1,10110,1295,0.6539616790439253,Avdiivka|Lysychansk|Moschun,3
B5_sub_RF,2,9736,1007,0.6360271318777493,Bucha|Irpin|Kramatorsk|Rubizhne|Trostianets,5
B5_sub_RF,3,9780,1313,0.6460648127117952,Chernihiv|Hostomel|Kharkiv|Kherson|Makariv,5
B5_sub_RF,4,9802,1154,0.6790008248668911,Chornobaivka|Dmytrivka|Okhtyrka|Sievierodonetsk|Volnovakha,5
R5_RF-200_all_multimodal,0,22615,3311,0.6996988009677271,Mariupol,1
R5_RF-200_all_multimodal,1,10110,1295,0.6539616790439253,Avdiivka|Lysychansk|Moschun,3
R5_RF-200_all_multimodal,2,9736,1007,0.6360271318777493,Bucha|Irpin|Kramatorsk|Rubizhne|Trostianets,5
R5_RF-200_all_multimodal,3,9780,1313,0.6460648127117952,Chernihiv|Hostomel|Kharkiv|Kherson|Makariv,5
R5_RF-200_all_multimodal,4,9802,1154,0.6790008248668911,Chornobaivka|Dmytrivka|Okhtyrka|Sievierodonetsk|Volnovakha,5
E1_base_RF,0,22615,3311,0.6996988009677271,Mariupol,1
E1_base_RF,1,10110,1295,0.6539616790439253,Avdiivka|Lysychansk|Moschun,3
E1_base_RF,2,9736,1007,0.6360271318777493,Bucha|Irpin|Kramatorsk|Rubizhne|Trostianets,5
E1_base_RF,3,9780,1313,0.6460648127117952,Chernihiv|Hostomel|Kharkiv|Kherson|Makariv,5
E1_base_RF,4,9802,1154,0.6790008248668911,Chornobaivka|Dmytrivka|Okhtyrka|Sievierodonetsk|Volnovakha,5
B6_AdaBoost_alone,0,22615,3311,0.7179739016224285,Mariupol,1
B6_AdaBoost_alone,1,10110,1295,0.6388002636783124,Avdiivka|Lysychansk|Moschun,3
B6_AdaBoost_alone,2,9736,1007,0.5983797345719385,Bucha|Irpin|Kramatorsk|Rubizhne|Trostianets,5
B6_AdaBoost_alone,3,9780,1313,0.654976297477119,Chernihiv|Hostomel|Kharkiv|Kherson|Makariv,5
B6_AdaBoost_alone,4,9802,1154,0.6332320853981726,Chornobaivka|Dmytrivka|Okhtyrka|Sievierodonetsk|Volnovakha,5
B6_UISEM_Model1_full_F8,0,22615,3311,0.6984884694089437,Mariupol,1
B6_UISEM_Model1_full_F8,1,10110,1295,0.6531502331275445,Avdiivka|Lysychansk|Moschun,3
B6_UISEM_Model1_full_F8,2,9736,1007,0.6126720016818916,Bucha|Irpin|Kramatorsk|Rubizhne|Trostianets,5
B6_UISEM_Model1_full_F8,3,9780,1313,0.6698709590776287,Chernihiv|Hostomel|Kharkiv|Kherson|Makariv,5
B6_UISEM_Model1_full_F8,4,9802,1154,0.6952594803579072,Chornobaivka|Dmytrivka|Okhtyrka|Sievierodonetsk|Volnovakha,5
E6_A_impute+obs_all_multimodal,0,22615,3311,0.6979414976112852,Mariupol,1
E6_A_impute+obs_all_multimodal,1,10110,1295,0.6537381218833289,Avdiivka|Lysychansk|Moschun,3
E6_A_impute+obs_all_multimodal,2,9736,1007,0.6315538054559771,Bucha|Irpin|Kramatorsk|Rubizhne|Trostianets,5
E6_A_impute+obs_all_multimodal,3,9780,1313,0.6179683662327403,Chernihiv|Hostomel|Kharkiv|Kherson|Makariv,5
E6_A_impute+obs_all_multimodal,4,9802,1154,0.6809554748235234,Chornobaivka|Dmytrivka|Okhtyrka|Sievierodonetsk|Volnovakha,5
D2_sar_+_ms,0,22615,3311,0.6843277434985143,Mariupol,1
D2_sar_+_ms,1,10110,1295,0.6377050788735417,Avdiivka|Lysychansk|Moschun,3
D2_sar_+_ms,2,9736,1007,0.6289076476123203,Bucha|Irpin|Kramatorsk|Rubizhne|Trostianets,5
D2_sar_+_ms,3,9780,1313,0.6309366384667466,Chernihiv|Hostomel|Kharkiv|Kherson|Makariv,5
D2_sar_+_ms,4,9802,1154,0.6860317329258966,Chornobaivka|Dmytrivka|Okhtyrka|Sievierodonetsk|Volnovakha,5
B5_UISEM_all_features,0,22615,3311,0.6939327544485893,Mariupol,1
B5_UISEM_all_features,1,10110,1295,0.6481792399319342,Avdiivka|Lysychansk|Moschun,3
B5_UISEM_all_features,2,9736,1007,0.6138009986913691,Bucha|Irpin|Kramatorsk|Rubizhne|Trostianets,5
B5_UISEM_all_features,3,9780,1313,0.6723331862035764,Chernihiv|Hostomel|Kharkiv|Kherson|Makariv,5
B5_UISEM_all_features,4,9802,1154,0.6976765648021522,Chornobaivka|Dmytrivka|Okhtyrka|Sievierodonetsk|Volnovakha,5
E5_HistGBM_native_NaN,0,22615,3311,0.7017960685744926,Mariupol,1
E5_HistGBM_native_NaN,1,10110,1295,0.6501233637819004,Avdiivka|Lysychansk|Moschun,3
E5_HistGBM_native_NaN,2,9736,1007,0.6044139642049701,Bucha|Irpin|Kramatorsk|Rubizhne|Trostianets,5
E5_HistGBM_native_NaN,3,9780,1313,0.6351250691385425,Chernihiv|Hostomel|Kharkiv|Kherson|Makariv,5
E5_HistGBM_native_NaN,4,9802,1154,0.6749686767018792,Chornobaivka|Dmytrivka|Okhtyrka|Sievierodonetsk|Volnovakha,5
B7_UISEM_card+ms,0,22615,3311,0.6921089258037137,Mariupol,1
B7_UISEM_card+ms,1,10110,1295,0.6475381775098167,Avdiivka|Lysychansk|Moschun,3
B7_UISEM_card+ms,2,9736,1007,0.6124254744227685,Bucha|Irpin|Kramatorsk|Rubizhne|Trostianets,5
B7_UISEM_card+ms,3,9780,1313,0.6426527036419607,Chernihiv|Hostomel|Kharkiv|Kherson|Makariv,5
B7_UISEM_card+ms,4,9802,1154,0.6997508565308775,Chornobaivka|Dmytrivka|Okhtyrka|Sievierodonetsk|Volnovakha,5
R4_tier0_ms,0,22615,3311,0.6506418454327793,Mariupol,1
R4_tier0_ms,1,7962,1117,0.7087585250328118,Lysychansk,1
R4_tier0_ms,2,5002,463,0.6376265311861634,Rubizhne,1
R4_tier0_ms,3,4418,568,0.7666537863544906,Sievierodonetsk,1
E7c_HistGBM_imputed,0,22615,3311,0.6978128434610522,Mariupol,1
E7c_HistGBM_imputed,1,10110,1295,0.6349361061896512,Avdiivka|Lysychansk|Moschun,3
E7c_HistGBM_imputed,2,9736,1007,0.5994648754400261,Bucha|Irpin|Kramatorsk|Rubizhne|Trostianets,5
E7c_HistGBM_imputed,3,9780,1313,0.6493921879945896,Chernihiv|Hostomel|Kharkiv|Kherson|Makariv,5
E7c_HistGBM_imputed,4,9802,1154,0.6745264330158384,Chornobaivka|Dmytrivka|Okhtyrka|Sievierodonetsk|Volnovakha,5
R3b_ms_only,0,22615,3311,0.6766850251638319,Mariupol,1
R3b_ms_only,1,10110,1295,0.6809929109078287,Avdiivka|Lysychansk|Moschun,3
R3b_ms_only,2,9736,1007,0.60493227439997,Bucha|Irpin|Kramatorsk|Rubizhne|Trostianets,5
R3b_ms_only,3,9780,1313,0.6379625715930789,Chernihiv|Hostomel|Kharkiv|Kherson|Makariv,5
R3b_ms_only,4,9802,1154,0.6727488909588496,Chornobaivka|Dmytrivka|Okhtyrka|Sievierodonetsk|Volnovakha,5
R3b_coh_ms,0,22615,3311,0.6746461627550256,Mariupol,1
R3b_coh_ms,1,10110,1295,0.6771807882755132,Avdiivka|Lysychansk|Moschun,3
R3b_coh_ms,2,9736,1007,0.6112301528207349,Bucha|Irpin|Kramatorsk|Rubizhne|Trostianets,5
R3b_coh_ms,3,9780,1313,0.6395289772910752,Chernihiv|Hostomel|Kharkiv|Kherson|Makariv,5
R3b_coh_ms,4,9802,1154,0.6857361355827857,Chornobaivka|Dmytrivka|Okhtyrka|Sievierodonetsk|Volnovakha,5
R3_ms_only_A9,0,22615,3311,0.6781376139112576,Mariupol,1
R3_ms_only_A9,1,10110,1295,0.6802852719018346,Avdiivka|Lysychansk|Moschun,3
R3_ms_only_A9,2,9736,1007,0.587571726975213,Bucha|Irpin|Kramatorsk|Rubizhne|Trostianets,5
R3_ms_only_A9,3,9780,1313,0.6387500021363348,Chernihiv|Hostomel|Kharkiv|Kherson|Makariv,5
R3_ms_only_A9,4,9802,1154,0.6796285934616673,Chornobaivka|Dmytrivka|Okhtyrka|Sievierodonetsk|Volnovakha,5
B5_UISEM_Model2_full_F8,0,22615,3311,0.6830442920113455,Mariupol,1
B5_UISEM_Model2_full_F8,1,10110,1295,0.6524500401868525,Avdiivka|Lysychansk|Moschun,3
B5_UISEM_Model2_full_F8,2,9736,1007,0.6043367182386828,Bucha|Irpin|Kramatorsk|Rubizhne|Trostianets,5
B5_UISEM_Model2_full_F8,3,9780,1313,0.6599463118809632,Chernihiv|Hostomel|Kharkiv|Kherson|Makariv,5
B5_UISEM_Model2_full_F8,4,9802,1154,0.6978818797025028,Chornobaivka|Dmytrivka|Okhtyrka|Sievierodonetsk|Volnovakha,5
E1_stacking_LogReg,0,22615,3311,0.6970862596428811,Mariupol,1
E1_stacking_LogReg,1,10110,1295,0.6461921917055212,Avdiivka|Lysychansk|Moschun,3
E1_stacking_LogReg,2,9736,1007,0.6389707833912754,Bucha|Irpin|Kramatorsk|Rubizhne|Trostianets,5
E1_stacking_LogReg,3,9780,1313,0.6599020560176685,Chernihiv|Hostomel|Kharkiv|Kherson|Makariv,5
E1_stacking_LogReg,4,9802,1154,0.6858169989915621,Chornobaivka|Dmytrivka|Okhtyrka|Sievierodonetsk|Volnovakha,5
E1_soft_voting,0,22615,3311,0.6781820631926405,Mariupol,1
E1_soft_voting,1,10110,1295,0.6406286669134088,Avdiivka|Lysychansk|Moschun,3
E1_soft_voting,2,9736,1007,0.6180868415307534,Bucha|Irpin|Kramatorsk|Rubizhne|Trostianets,5
E1_soft_voting,3,9780,1313,0.659194501910603,Chernihiv|Hostomel|Kharkiv|Kherson|Makariv,5
E1_soft_voting,4,9802,1154,0.7017849670614377,Chornobaivka|Dmytrivka|Okhtyrka|Sievierodonetsk|Volnovakha,5
D2_sar_+_ms_+_coh,0,22615,3311,0.6774619175579574,Mariupol,1
D2_sar_+_ms_+_coh,1,10110,1295,0.6488106224691591,Avdiivka|Lysychansk|Moschun,3
D2_sar_+_ms_+_coh,2,9736,1007,0.6117308295477311,Bucha|Irpin|Kramatorsk|Rubizhne|Trostianets,5
D2_sar_+_ms_+_coh,3,9780,1313,0.6307000674901915,Chernihiv|Hostomel|Kharkiv|Kherson|Makariv,5
D2_sar_+_ms_+_coh,4,9802,1154,0.6715455091649204,Chornobaivka|Dmytrivka|Okhtyrka|Sievierodonetsk|Volnovakha,5
B7_UISEM_ms_only,0,22615,3311,0.6625001032612662,Mariupol,1
B7_UISEM_ms_only,1,10110,1295,0.6849663065545084,Avdiivka|Lysychansk|Moschun,3
B7_UISEM_ms_only,2,9736,1007,0.5870128029216495,Bucha|Irpin|Kramatorsk|Rubizhne|Trostianets,5
B7_UISEM_ms_only,3,9780,1313,0.6411573591878725,Chernihiv|Hostomel|Kharkiv|Kherson|Makariv,5
B7_UISEM_ms_only,4,9802,1154,0.6937506312756819,Chornobaivka|Dmytrivka|Okhtyrka|Sievierodonetsk|Volnovakha,5
D2_all_features,0,22615,3311,0.6771774484153651,Mariupol,1
D2_all_features,1,10110,1295,0.6456999191882913,Avdiivka|Lysychansk|Moschun,3
D2_all_features,2,9736,1007,0.6128689845841396,Bucha|Irpin|Kramatorsk|Rubizhne|Trostianets,5
D2_all_features,3,9780,1313,0.6306639971625876,Chernihiv|Hostomel|Kharkiv|Kherson|Makariv,5
D2_all_features,4,9802,1154,0.6761513165805458,Chornobaivka|Dmytrivka|Okhtyrka|Sievierodonetsk|Volnovakha,5
D4_f8_strategy_B_impute,0,22615,3311,0.6771774093012491,Mariupol,1
D4_f8_strategy_B_impute,1,10110,1295,0.6456997877871389,Avdiivka|Lysychansk|Moschun,3
D4_f8_strategy_B_impute,2,9736,1007,0.6128689845841396,Bucha|Irpin|Kramatorsk|Rubizhne|Trostianets,5
D4_f8_strategy_B_impute,3,9780,1313,0.6306639971625876,Chernihiv|Hostomel|Kharkiv|Kherson|Makariv,5
D4_f8_strategy_B_impute,4,9802,1154,0.6761513165805458,Chornobaivka|Dmytrivka|Okhtyrka|Sievierodonetsk|Volnovakha,5
D6_ms_only,0,22615,3311,0.6563907677919475,Mariupol,1
D6_ms_only,1,10110,1295,0.6749349673796639,Avdiivka|Lysychansk|Moschun,3
D6_ms_only,2,9736,1007,0.607189187657983,Bucha|Irpin|Kramatorsk|Rubizhne|Trostianets,5
D6_ms_only,3,9780,1313,0.6319196223571627,Chernihiv|Hostomel|Kharkiv|Kherson|Makariv,5
D6_ms_only,4,9802,1154,0.6702684284401919,Chornobaivka|Dmytrivka|Okhtyrka|Sievierodonetsk|Volnovakha,5
D4_a9_ms_only,0,22615,3311,0.6563907365006547,Mariupol,1
D4_a9_ms_only,1,10110,1295,0.674934967379664,Avdiivka|Lysychansk|Moschun,3
D4_a9_ms_only,2,9736,1007,0.607189187657983,Bucha|Irpin|Kramatorsk|Rubizhne|Trostianets,5
D4_a9_ms_only,3,9780,1313,0.6319196223571627,Chernihiv|Hostomel|Kharkiv|Kherson|Makariv,5
D4_a9_ms_only,4,9802,1154,0.670268428440192,Chornobaivka|Dmytrivka|Okhtyrka|Sievierodonetsk|Volnovakha,5
D2_ms-only,0,22615,3311,0.6604247004453251,Mariupol,1
D2_ms-only,1,10110,1295,0.6716338200286017,Avdiivka|Lysychansk|Moschun,3
D2_ms-only,2,9736,1007,0.5887142050553903,Bucha|Irpin|Kramatorsk|Rubizhne|Trostianets,5
D2_ms-only,3,9780,1313,0.6265981696242686,Chernihiv|Hostomel|Kharkiv|Kherson|Makariv,5
D2_ms-only,4,9802,1154,0.6789268253286239,Chornobaivka|Dmytrivka|Okhtyrka|Sievierodonetsk|Volnovakha,5
B7_UISEM_all_multimodal,0,22615,3311,0.6761396805133975,Mariupol,1
B7_UISEM_all_multimodal,1,10110,1295,0.6463826357757158,Avdiivka|Lysychansk|Moschun,3
B7_UISEM_all_multimodal,2,9736,1007,0.6054618472616305,Bucha|Irpin|Kramatorsk|Rubizhne|Trostianets,5
B7_UISEM_all_multimodal,3,9780,1313,0.6610544175312227,Chernihiv|Hostomel|Kharkiv|Kherson|Makariv,5
B7_UISEM_all_multimodal,4,9802,1154,0.7004443579585626,Chornobaivka|Dmytrivka|Okhtyrka|Sievierodonetsk|Volnovakha,5
B6_UISEM_no_AdaBoost,0,22615,3311,0.6761396805133975,Mariupol,1
B6_UISEM_no_AdaBoost,1,10110,1295,0.6463826357757158,Avdiivka|Lysychansk|Moschun,3
B6_UISEM_no_AdaBoost,2,9736,1007,0.6054618472616305,Bucha|Irpin|Kramatorsk|Rubizhne|Trostianets,5
B6_UISEM_no_AdaBoost,3,9780,1313,0.6610544175312227,Chernihiv|Hostomel|Kharkiv|Kherson|Makariv,5
B6_UISEM_no_AdaBoost,4,9802,1154,0.7004443579585626,Chornobaivka|Dmytrivka|Okhtyrka|Sievierodonetsk|Volnovakha,5
E2_LightGBM_ms,0,22615,3311,0.6578492314795912,Mariupol,1
E2_LightGBM_ms,1,10110,1295,0.6901558636669244,Avdiivka|Lysychansk|Moschun,3
E2_LightGBM_ms,2,9736,1007,0.5790669915927037,Bucha|Irpin|Kramatorsk|Rubizhne|Trostianets,5
E2_LightGBM_ms,3,9780,1313,0.6410415473504906,Chernihiv|Hostomel|Kharkiv|Kherson|Makariv,5
E2_LightGBM_ms,4,9802,1154,0.6849152266900953,Chornobaivka|Dmytrivka|Okhtyrka|Sievierodonetsk|Volnovakha,5
D1c_pre_composite,0,22615,3311,0.6644191747785171,Mariupol,1
D1c_pre_composite,1,10110,1295,0.6647478740388553,Avdiivka|Lysychansk|Moschun,3
D1c_pre_composite,2,9736,1007,0.591292445606155,Bucha|Irpin|Kramatorsk|Rubizhne|Trostianets,5
D1c_pre_composite,3,9780,1313,0.6224211177465921,Chernihiv|Hostomel|Kharkiv|Kherson|Makariv,5
D1c_pre_composite,4,9802,1154,0.6696891578501837,Chornobaivka|Dmytrivka|Okhtyrka|Sievierodonetsk|Volnovakha,5
B5_sub_GB_full_F8,0,22615,3311,0.6751453058116818,Mariupol,1
B5_sub_GB_full_F8,1,10110,1295,0.6420379880731553,Avdiivka|Lysychansk|Moschun,3
B5_sub_GB_full_F8,2,9736,1007,0.6027420839095969,Bucha|Irpin|Kramatorsk|Rubizhne|Trostianets,5
B5_sub_GB_full_F8,3,9780,1313,0.6452102787660637,Chernihiv|Hostomel|Kharkiv|Kherson|Makariv,5
B5_sub_GB_full_F8,4,9802,1154,0.6903742081999305,Chornobaivka|Dmytrivka|Okhtyrka|Sievierodonetsk|Volnovakha,5
E2_LightGBM_all,0,22615,3311,0.6596016690400069,Mariupol,1
E2_LightGBM_all,1,10110,1295,0.6315172234060492,Avdiivka|Lysychansk|Moschun,3
E2_LightGBM_all,2,9736,1007,0.622255962188384,Bucha|Irpin|Kramatorsk|Rubizhne|Trostianets,5
E2_LightGBM_all,3,9780,1313,0.645217294939513,Chernihiv|Hostomel|Kharkiv|Kherson|Makariv,5
E2_LightGBM_all,4,9802,1154,0.6909055820001058,Chornobaivka|Dmytrivka|Okhtyrka|Sievierodonetsk|Volnovakha,5
E1_base_LGBM,0,22615,3311,0.6596016690400069,Mariupol,1
E1_base_LGBM,1,10110,1295,0.6315172234060492,Avdiivka|Lysychansk|Moschun,3
E1_base_LGBM,2,9736,1007,0.622255962188384,Bucha|Irpin|Kramatorsk|Rubizhne|Trostianets,5
E1_base_LGBM,3,9780,1313,0.645217294939513,Chernihiv|Hostomel|Kharkiv|Kherson|Makariv,5
E1_base_LGBM,4,9802,1154,0.6909055820001058,Chornobaivka|Dmytrivka|Okhtyrka|Sievierodonetsk|Volnovakha,5
B5_sub_GBM,0,22615,3311,0.6668208206129014,Mariupol,1
B5_sub_GBM,1,10110,1295,0.639489769325277,Avdiivka|Lysychansk|Moschun,3
B5_sub_GBM,2,9736,1007,0.5856001914880861,Bucha|Irpin|Kramatorsk|Rubizhne|Trostianets,5
B5_sub_GBM,3,9780,1313,0.6494629793856728,Chernihiv|Hostomel|Kharkiv|Kherson|Makariv,5
B5_sub_GBM,4,9802,1154,0.6886677598090221,Chornobaivka|Dmytrivka|Okhtyrka|Sievierodonetsk|Volnovakha,5
B7_UISEM_coh+ms,0,22615,3311,0.6517548923623335,Mariupol,1
B7_UISEM_coh+ms,1,10110,1295,0.6764866397878309,Avdiivka|Lysychansk|Moschun,3
B7_UISEM_coh+ms,2,9736,1007,0.5763200954528065,Bucha|Irpin|Kramatorsk|Rubizhne|Trostianets,5
B7_UISEM_coh+ms,3,9780,1313,0.6460230754748667,Chernihiv|Hostomel|Kharkiv|Kherson|Makariv,5
B7_UISEM_coh+ms,4,9802,1154,0.6922860716936786,Chornobaivka|Dmytrivka|Okhtyrka|Sievierodonetsk|Volnovakha,5
R3_ms_plus_cohdrop_F7,0,22615,3311,0.6495562409669862,Mariupol,1
R3_ms_plus_cohdrop_F7,1,7962,1117,0.705860684173733,Lysychansk,1
R3_ms_plus_cohdrop_F7,2,7121,897,0.5465126901152944,Bucha|Hostomel|Moschun,3
R3_ms_plus_cohdrop_F7,3,6524,780,0.7061254553246196,Okhtyrka|Sievierodonetsk|Volnovakha,3
R3_ms_plus_cohdrop_F7,4,7071,762,0.5547150905946552,Avdiivka|Dmytrivka|Irpin,3
E7b_RidgeClassifier,0,22615,3311,0.7184403452781376,Mariupol,1
E7b_RidgeClassifier,1,10110,1295,0.6263099709384451,Avdiivka|Lysychansk|Moschun,3
E7b_RidgeClassifier,2,9736,1007,0.602042376522778,Bucha|Irpin|Kramatorsk|Rubizhne|Trostianets,5
E7b_RidgeClassifier,3,9780,1313,0.5787472820198591,Chernihiv|Hostomel|Kharkiv|Kherson|Makariv,5
E7b_RidgeClassifier,4,9802,1154,0.6175443335893173,Chornobaivka|Dmytrivka|Okhtyrka|Sievierodonetsk|Volnovakha,5
R5_XGBoost_all_multimodal,0,22615,3311,0.6549743908930823,Mariupol,1
R5_XGBoost_all_multimodal,1,10110,1295,0.6404213158949403,Avdiivka|Lysychansk|Moschun,3
R5_XGBoost_all_multimodal,2,9736,1007,0.5755496835475079,Bucha|Irpin|Kramatorsk|Rubizhne|Trostianets,5
R5_XGBoost_all_multimodal,3,9780,1313,0.6503691901473855,Chernihiv|Hostomel|Kharkiv|Kherson|Makariv,5
R5_XGBoost_all_multimodal,4,9802,1154,0.6997943945124308,Chornobaivka|Dmytrivka|Okhtyrka|Sievierodonetsk|Volnovakha,5
E1_base_GBM,0,22615,3311,0.6685153849273348,Mariupol,1
E1_base_GBM,1,10110,1295,0.6229011622431928,Avdiivka|Lysychansk|Moschun,3
E1_base_GBM,2,9736,1007,0.5827495991798959,Bucha|Irpin|Kramatorsk|Rubizhne|Trostianets,5
E1_base_GBM,3,9780,1313,0.6222087435733425,Chernihiv|Hostomel|Kharkiv|Kherson|Makariv,5
E1_base_GBM,4,9802,1154,0.6761135903433659,Chornobaivka|Dmytrivka|Okhtyrka|Sievierodonetsk|Volnovakha,5
R5_GBM_all_multimodal,0,22615,3311,0.6685153849273348,Mariupol,1
R5_GBM_all_multimodal,1,10110,1295,0.6229011622431928,Avdiivka|Lysychansk|Moschun,3
R5_GBM_all_multimodal,2,9736,1007,0.5827495991798959,Bucha|Irpin|Kramatorsk|Rubizhne|Trostianets,5
R5_GBM_all_multimodal,3,9780,1313,0.6222087435733425,Chernihiv|Hostomel|Kharkiv|Kherson|Makariv,5
R5_GBM_all_multimodal,4,9802,1154,0.6761135903433659,Chornobaivka|Dmytrivka|Okhtyrka|Sievierodonetsk|Volnovakha,5
D1i_allblocks_random,0,12649,1649,0.6390105297976736,Avdiivka|Borodyanka|Bucha|Chernihiv|Chornobaivka|Dmytrivka|Hostomel|Irpin|Kharkiv|Kherson|Kramatorsk|Lysychansk|Makariv|Mariupol|Moschun|Mykolaiv|Okhtyrka|Rubizhne|Sievierodonetsk|Trostianets|Volnovakha,21
D1i_allblocks_random,1,12649,1650,0.6388925439502765,Avdiivka|Borodyanka|Bucha|Chernihiv|Chornobaivka|Dmytrivka|Hostomel|Irpin|Kharkiv|Kherson|Kramatorsk|Lysychansk|Makariv|Mariupol|Moschun|Mykolaiv|Okhtyrka|Rubizhne|Sievierodonetsk|Trostianets|Volnovakha,21
D1i_allblocks_random,2,12649,1650,0.6282111596922035,Avdiivka|Borodyanka|Bucha|Chernihiv|Chornobaivka|Dmytrivka|Hostomel|Irpin|Kharkiv|Kherson|Kramatorsk|Lysychansk|Makariv|Mariupol|Moschun|Mykolaiv|Okhtyrka|Rubizhne|Sievierodonetsk|Trostianets|Volnovakha,21
D1i_allblocks_random,3,12648,1649,0.6331156628109584,Avdiivka|Borodyanka|Bucha|Chernihiv|Chornobaivka|Dmytrivka|Hostomel|Irpin|Kharkiv|Kherson|Kramatorsk|Lysychansk|Makariv|Mariupol|Moschun|Mykolaiv|Okhtyrka|Rubizhne|Sievierodonetsk|Trostianets|Volnovakha,21
D1i_allblocks_random,4,12648,1649,0.6211075421102012,Avdiivka|Borodyanka|Bucha|Chernihiv|Chornobaivka|Dmytrivka|Hostomel|Irpin|Kharkiv|Kherson|Kramatorsk|Lysychansk|Makariv|Mariupol|Moschun|Mykolaiv|Okhtyrka|Rubizhne|Sievierodonetsk|Trostianets|Volnovakha,21
E7d_MLP_256_128_64,0,22615,3311,0.7160005084209249,Mariupol,1
E7d_MLP_256_128_64,1,10110,1295,0.6360824936434692,Avdiivka|Lysychansk|Moschun,3
E7d_MLP_256_128_64,2,9736,1007,0.5826822507085526,Bucha|Irpin|Kramatorsk|Rubizhne|Trostianets,5
E7d_MLP_256_128_64,3,9780,1313,0.6204307732605714,Chernihiv|Hostomel|Kharkiv|Kherson|Makariv,5
E7d_MLP_256_128_64,4,9802,1154,0.6693941116207632,Chornobaivka|Dmytrivka|Okhtyrka|Sievierodonetsk|Volnovakha,5
R5_LightGBM_all_multimodal,0,22615,3311,0.6617268015429861,Mariupol,1
R5_LightGBM_all_multimodal,1,10110,1295,0.6322628811454677,Avdiivka|Lysychansk|Moschun,3
R5_LightGBM_all_multimodal,2,9736,1007,0.576435338698534,Bucha|Irpin|Kramatorsk|Rubizhne|Trostianets,5
R5_LightGBM_all_multimodal,3,9780,1313,0.6545931514411355,Chernihiv|Hostomel|Kharkiv|Kherson|Makariv,5
R5_LightGBM_all_multimodal,4,9802,1154,0.6900741017448059,Chornobaivka|Dmytrivka|Okhtyrka|Sievierodonetsk|Volnovakha,5
E7b_LDA,0,22615,3311,0.7149894085232225,Mariupol,1
E7b_LDA,1,10110,1295,0.6313538479732467,Avdiivka|Lysychansk|Moschun,3
E7b_LDA,2,9736,1007,0.5970982365053061,Bucha|Irpin|Kramatorsk|Rubizhne|Trostianets,5
E7b_LDA,3,9780,1313,0.5866224419863652,Chernihiv|Hostomel|Kharkiv|Kherson|Makariv,5
E7b_LDA,4,9802,1154,0.6431908099888254,Chornobaivka|Dmytrivka|Okhtyrka|Sievierodonetsk|Volnovakha,5
E6_B_nativeNaN_all_multimodal,0,22615,3311,0.6660875248124305,Mariupol,1
E6_B_nativeNaN_all_multimodal,1,10110,1295,0.63633123602494,Avdiivka|Lysychansk|Moschun,3
E6_B_nativeNaN_all_multimodal,2,9736,1007,0.5894091343412017,Bucha|Irpin|Kramatorsk|Rubizhne|Trostianets,5
E6_B_nativeNaN_all_multimodal,3,9780,1313,0.6398888710086407,Chernihiv|Hostomel|Kharkiv|Kherson|Makariv,5
E6_B_nativeNaN_all_multimodal,4,9802,1154,0.6865095985968445,Chornobaivka|Dmytrivka|Okhtyrka|Sievierodonetsk|Volnovakha,5
E5_LightGBM_native_NaN,0,22615,3311,0.6660875248124305,Mariupol,1
E5_LightGBM_native_NaN,1,10110,1295,0.63633123602494,Avdiivka|Lysychansk|Moschun,3
E5_LightGBM_native_NaN,2,9736,1007,0.5894091343412017,Bucha|Irpin|Kramatorsk|Rubizhne|Trostianets,5
E5_LightGBM_native_NaN,3,9780,1313,0.6398888710086407,Chernihiv|Hostomel|Kharkiv|Kherson|Makariv,5
E5_LightGBM_native_NaN,4,9802,1154,0.6865095985968445,Chornobaivka|Dmytrivka|Okhtyrka|Sievierodonetsk|Volnovakha,5
R4b_tier1_card,0,4497,618,0.5922271696154966,Hostomel,1
R4b_tier1_card,1,3584,422,0.7668417313416729,Dmytrivka|Makariv,2
R4b_tier1_card,2,3575,464,0.5078049662487946,Borodyanka|Chernihiv|Okhtyrka,3
R4b_tier1_card,3,3711,393,0.6026473687358797,Irpin|Moschun,2
R4b_tier1_card,4,3653,385,0.6747897757077684,Bucha|Trostianets|Volnovakha,3
R4_tier1_dietrich28,0,4497,618,0.5922271696154966,Hostomel,1
R4_tier1_dietrich28,1,3584,422,0.7668417313416729,Dmytrivka|Makariv,2
R4_tier1_dietrich28,2,3575,464,0.5078049662487946,Borodyanka|Chernihiv|Okhtyrka,3
R4_tier1_dietrich28,3,3711,393,0.6026473687358797,Irpin|Moschun,2
R4_tier1_dietrich28,4,3653,385,0.6747897757077684,Bucha|Trostianets|Volnovakha,3
R4b_tier1_all,0,4497,618,0.6494584147817766,Hostomel,1
R4b_tier1_all,1,3394,399,0.6726139221174807,Dmytrivka|Okhtyrka,2
R4b_tier1_all,2,3401,436,0.5992883333075484,Chernihiv|Makariv|Trostianets,3
R4b_tier1_all,3,3711,393,0.6071888703302366,Irpin|Moschun,2
R4b_tier1_all,4,3510,368,0.6568956182713863,Bucha|Volnovakha,2
E7_LogReg,0,22615,3311,0.7165878851003755,Mariupol,1
E7_LogReg,1,10110,1295,0.6253230606832423,Avdiivka|Lysychansk|Moschun,3
E7_LogReg,2,9736,1007,0.596084141448627,Bucha|Irpin|Kramatorsk|Rubizhne|Trostianets,5
E7_LogReg,3,9780,1313,0.5713170194107836,Chernihiv|Hostomel|Kharkiv|Kherson|Makariv,5
E7_LogReg,4,9802,1154,0.616080876234695,Chornobaivka|Dmytrivka|Okhtyrka|Sievierodonetsk|Volnovakha,5
D1c_post_composite,0,22615,3311,0.6555520125120111,Mariupol,1
D1c_post_composite,1,10110,1295,0.6688186379394547,Avdiivka|Lysychansk|Moschun,3
D1c_post_composite,2,9736,1007,0.5805596362181421,Bucha|Irpin|Kramatorsk|Rubizhne|Trostianets,5
D1c_post_composite,3,9780,1313,0.6355008841727809,Chernihiv|Hostomel|Kharkiv|Kherson|Makariv,5
D1c_post_composite,4,9802,1154,0.6111983596451709,Chornobaivka|Dmytrivka|Okhtyrka|Sievierodonetsk|Volnovakha,5
R1_random_cv,0,12649,1649,0.6237025469981807,Avdiivka|Borodyanka|Bucha|Chernihiv|Chornobaivka|Dmytrivka|Hostomel|Irpin|Kharkiv|Kherson|Kramatorsk|Lysychansk|Makariv|Mariupol|Moschun|Mykolaiv|Okhtyrka|Rubizhne|Sievierodonetsk|Trostianets|Volnovakha,21
R1_random_cv,1,12649,1650,0.6297494813578094,Avdiivka|Borodyanka|Bucha|Chernihiv|Chornobaivka|Dmytrivka|Hostomel|Irpin|Kharkiv|Kherson|Kramatorsk|Lysychansk|Makariv|Mariupol|Moschun|Mykolaiv|Okhtyrka|Rubizhne|Sievierodonetsk|Trostianets|Volnovakha,21
R1_random_cv,2,12649,1650,0.6203593990638268,Avdiivka|Borodyanka|Bucha|Chernihiv|Chornobaivka|Dmytrivka|Hostomel|Irpin|Kharkiv|Kherson|Kramatorsk|Lysychansk|Makariv|Mariupol|Moschun|Mykolaiv|Okhtyrka|Rubizhne|Sievierodonetsk|Trostianets|Volnovakha,21
R1_random_cv,3,12648,1649,0.6111608029198972,Avdiivka|Borodyanka|Bucha|Chernihiv|Chornobaivka|Dmytrivka|Hostomel|Irpin|Kharkiv|Kherson|Kramatorsk|Lysychansk|Makariv|Mariupol|Moschun|Mykolaiv|Okhtyrka|Rubizhne|Sievierodonetsk|Trostianets|Volnovakha,21
R1_random_cv,4,12648,1649,0.6227720630206692,Avdiivka|Borodyanka|Bucha|Chernihiv|Chornobaivka|Dmytrivka|Hostomel|Irpin|Kharkiv|Kherson|Kramatorsk|Lysychansk|Makariv|Mariupol|Moschun|Mykolaiv|Okhtyrka|Rubizhne|Sievierodonetsk|Trostianets|Volnovakha,21
D6_fusion,0,22615,3311,0.6193533923453737,Mariupol,1
D6_fusion,1,7962,1117,0.6931837666503398,Lysychansk,1
D6_fusion,2,7121,897,0.5452793766998248,Bucha|Hostomel|Moschun,3
D6_fusion,3,6524,780,0.7030240027498036,Okhtyrka|Sievierodonetsk|Volnovakha,3
D6_fusion,4,7071,762,0.5350050900080666,Avdiivka|Dmytrivka|Irpin,3
D3_clean,0,22615,3311,0.6193533532312577,Mariupol,1
D3_clean,1,7962,1117,0.6931837666503398,Lysychansk,1
D3_clean,2,7121,897,0.5452793766998248,Bucha|Hostomel|Moschun,3
D3_clean,3,6524,780,0.7030240027498036,Okhtyrka|Sievierodonetsk|Volnovakha,3
D3_clean,4,7071,762,0.5350050900080666,Avdiivka|Dmytrivka|Irpin,3
D3_leaky,0,22615,3311,0.6123325336947769,Mariupol,1
D3_leaky,1,7962,1117,0.7053811439255074,Lysychansk,1
D3_leaky,2,7121,897,0.534321954358,Bucha|Hostomel|Moschun,3
D3_leaky,3,6524,780,0.7133772810870652,Okhtyrka|Sievierodonetsk|Volnovakha,3
D3_leaky,4,7071,762,0.5280156373701029,Avdiivka|Dmytrivka|Irpin,3
B5_sub_XGB_full_F8,0,22615,3311,0.6329528776286407,Mariupol,1
B5_sub_XGB_full_F8,1,10110,1295,0.6157899508778693,Avdiivka|Lysychansk|Moschun,3
B5_sub_XGB_full_F8,2,9736,1007,0.5747932077701479,Bucha|Irpin|Kramatorsk|Rubizhne|Trostianets,5
B5_sub_XGB_full_F8,3,9780,1313,0.630802431661796,Chernihiv|Hostomel|Kharkiv|Kherson|Makariv,5
B5_sub_XGB_full_F8,4,9802,1154,0.6776596646503255,Chornobaivka|Dmytrivka|Okhtyrka|Sievierodonetsk|Volnovakha,5
E7b_NearestCentroid,0,22615,3311,0.7189227005562215,Mariupol,1
E7b_NearestCentroid,1,10110,1295,0.6079628660343351,Avdiivka|Lysychansk|Moschun,3
E7b_NearestCentroid,2,9736,1007,0.5973175740944106,Bucha|Irpin|Kramatorsk|Rubizhne|Trostianets,5
E7b_NearestCentroid,3,9780,1313,0.6322940431518055,Chernihiv|Hostomel|Kharkiv|Kherson|Makariv,5
E7b_NearestCentroid,4,9802,1154,0.5822457021148336,Chornobaivka|Dmytrivka|Okhtyrka|Sievierodonetsk|Volnovakha,5
E1_base_XGB,0,22615,3311,0.6197146424976059,Mariupol,1
E1_base_XGB,1,10110,1295,0.6137834990812869,Avdiivka|Lysychansk|Moschun,3
E1_base_XGB,2,9736,1007,0.5710571309573961,Bucha|Irpin|Kramatorsk|Rubizhne|Trostianets,5
E1_base_XGB,3,9780,1313,0.620861728222045,Chernihiv|Hostomel|Kharkiv|Kherson|Makariv,5
E1_base_XGB,4,9802,1154,0.6770748829234117,Chornobaivka|Dmytrivka|Okhtyrka|Sievierodonetsk|Volnovakha,5
B5_sub_XGB,0,22615,3311,0.6197146424976059,Mariupol,1
B5_sub_XGB,1,10110,1295,0.6137834990812869,Avdiivka|Lysychansk|Moschun,3
B5_sub_XGB,2,9736,1007,0.5710571309573961,Bucha|Irpin|Kramatorsk|Rubizhne|Trostianets,5
B5_sub_XGB,3,9780,1313,0.620861728222045,Chernihiv|Hostomel|Kharkiv|Kherson|Makariv,5
B5_sub_XGB,4,9802,1154,0.6770748829234117,Chornobaivka|Dmytrivka|Okhtyrka|Sievierodonetsk|Volnovakha,5
D1j_dynamic_random,0,58624,5909,0.6006142787797097,Avdiivka|Borodyanka|Bucha|Chernihiv|Chornobaivka|Dmytrivka|Hostomel|Irpin|Kharkiv|Kherson|Kramatorsk|Lysychansk|Makariv|Mariupol|Moschun|Mykolaiv|Okhtyrka|Rubizhne|Sievierodonetsk|Trostianets|Volnovakha,21
D1j_dynamic_random,1,58623,5908,0.6014991063132437,Avdiivka|Borodyanka|Bucha|Chernihiv|Chornobaivka|Dmytrivka|Hostomel|Irpin|Kharkiv|Kherson|Kramatorsk|Lysychansk|Makariv|Mariupol|Moschun|Mykolaiv|Okhtyrka|Rubizhne|Sievierodonetsk|Trostianets|Volnovakha,21
D1j_dynamic_random,2,58623,5908,0.6025459027096757,Avdiivka|Borodyanka|Bucha|Chernihiv|Chornobaivka|Dmytrivka|Hostomel|Irpin|Kharkiv|Kherson|Kramatorsk|Lysychansk|Makariv|Mariupol|Moschun|Mykolaiv|Okhtyrka|Rubizhne|Sievierodonetsk|Trostianets|Volnovakha,21
D1j_dynamic_random,3,58623,5909,0.598195886014206,Avdiivka|Borodyanka|Bucha|Chernihiv|Chornobaivka|Dmytrivka|Hostomel|Irpin|Kharkiv|Kherson|Kramatorsk|Lysychansk|Makariv|Mariupol|Moschun|Mykolaiv|Okhtyrka|Rubizhne|Sievierodonetsk|Trostianets|Volnovakha,21
D1j_dynamic_random,4,58623,5909,0.6074388231502137,Avdiivka|Borodyanka|Bucha|Chernihiv|Chornobaivka|Dmytrivka|Hostomel|Irpin|Kharkiv|Kherson|Kramatorsk|Lysychansk|Makariv|Mariupol|Moschun|Mykolaiv|Okhtyrka|Rubizhne|Sievierodonetsk|Trostianets|Volnovakha,21
E7d_MLP_128_64,0,22615,3311,0.6526362194460865,Mariupol,1
E7d_MLP_128_64,1,10110,1295,0.6370167558369486,Avdiivka|Lysychansk|Moschun,3
E7d_MLP_128_64,2,9736,1007,0.5678833911274987,Bucha|Irpin|Kramatorsk|Rubizhne|Trostianets,5
E7d_MLP_128_64,3,9780,1313,0.5966208939306592,Chernihiv|Hostomel|Kharkiv|Kherson|Makariv,5
E7d_MLP_128_64,4,9802,1154,0.6708446428542799,Chornobaivka|Dmytrivka|Okhtyrka|Sievierodonetsk|Volnovakha,5
D1j_dynamic_groupkfold,0,90460,9933,0.6015373931865035,Mariupol,1
D1j_dynamic_groupkfold,1,50844,5802,0.581225941390701,Bucha|Dmytrivka|Kharkiv|Kherson,4
D1j_dynamic_groupkfold,2,50892,5756,0.5761666070624885,Chornobaivka|Kramatorsk|Lysychansk|Mykolaiv|Okhtyrka,5
D1j_dynamic_groupkfold,3,50334,4017,0.5216624926677076,Avdiivka|Borodyanka|Chernihiv|Hostomel|Volnovakha,5
D1j_dynamic_groupkfold,4,50586,4035,0.5968136717621694,Irpin|Makariv|Moschun|Rubizhne|Sievierodonetsk|Trostianets,6
E7_KNN_15,0,22615,3311,0.5856275274759455,Mariupol,1
E7_KNN_15,1,10110,1295,0.6194423335092649,Avdiivka|Lysychansk|Moschun,3
E7_KNN_15,2,9736,1007,0.5522008103886837,Bucha|Irpin|Kramatorsk|Rubizhne|Trostianets,5
E7_KNN_15,3,9780,1313,0.5559174181992883,Chernihiv|Hostomel|Kharkiv|Kherson|Makariv,5
E7_KNN_15,4,9802,1154,0.6228690938648822,Chornobaivka|Dmytrivka|Okhtyrka|Sievierodonetsk|Volnovakha,5
E7b_QDA,0,22615,3311,0.5861027092251613,Mariupol,1
E7b_QDA,1,10110,1295,0.6107354741501083,Avdiivka|Lysychansk|Moschun,3
E7b_QDA,2,9736,1007,0.5564092934974709,Bucha|Irpin|Kramatorsk|Rubizhne|Trostianets,5
E7b_QDA,3,9780,1313,0.5503831865139072,Chernihiv|Hostomel|Kharkiv|Kherson|Makariv,5
E7b_QDA,4,9802,1154,0.6280099825727831,Chornobaivka|Dmytrivka|Okhtyrka|Sievierodonetsk|Volnovakha,5
R4_tier1_ms,0,4497,618,0.6182869171065508,Hostomel,1
R4_tier1_ms,1,3394,399,0.6097832226643403,Dmytrivka|Okhtyrka,2
R4_tier1_ms,2,3401,436,0.5869061064096416,Chernihiv|Makariv|Trostianets,3
R4_tier1_ms,3,3711,393,0.5483433718770466,Irpin|Moschun,2
R4_tier1_ms,4,3510,368,0.5910797435861954,Bucha|Volnovakha,2
E7_KNN_5,0,22615,3311,0.5604808589284634,Mariupol,1
E7_KNN_5,1,10110,1295,0.5899176771780288,Avdiivka|Lysychansk|Moschun,3
E7_KNN_5,2,9736,1007,0.5610120837036836,Bucha|Irpin|Kramatorsk|Rubizhne|Trostianets,5
E7_KNN_5,3,9780,1313,0.5439301059595107,Chernihiv|Hostomel|Kharkiv|Kherson|Makariv,5
E7_KNN_5,4,9802,1154,0.6039763153380351,Chornobaivka|Dmytrivka|Okhtyrka|Sievierodonetsk|Volnovakha,5
R4b_tier2_card,0,1883,263,0.6118128902032578,Kharkiv,1
R4b_tier2_card,1,1186,93,0.6217867367116252,Avdiivka,1
R4b_tier2_card,2,693,99,0.47458592660612864,Mykolaiv,1
R4b_tier2_card,3,180,25,0.584258064516129,Kramatorsk,1
R4b_tier2_card,4,284,26,0.4593023255813954,Chornobaivka|Kherson,2
R4_tier2_dietrich28,0,1883,263,0.6118128902032578,Kharkiv,1
R4_tier2_dietrich28,1,1186,93,0.6217867367116252,Avdiivka,1
R4_tier2_dietrich28,2,693,99,0.47458592660612864,Mykolaiv,1
R4_tier2_dietrich28,3,180,25,0.584258064516129,Kramatorsk,1
R4_tier2_dietrich28,4,284,26,0.4593023255813954,Chornobaivka|Kherson,2
R1_groupkfold,0,22615,3311,0.5374032410644898,Mariupol,1
R1_groupkfold,1,10110,1295,0.5074867996592329,Avdiivka|Lysychansk|Moschun,3
R1_groupkfold,2,10119,1064,0.5696929374789818,Bucha|Irpin|Makariv|Okhtyrka|Rubizhne,5
R1_groupkfold,3,10205,1376,0.5623634422239607,Chernihiv|Chornobaivka|Hostomel|Kharkiv|Kramatorsk|Mykolaiv,6
R1_groupkfold,4,10194,1201,0.592928508647627,Borodyanka|Dmytrivka|Kherson|Sievierodonetsk|Trostianets|Volnovakha,6
R5_RF-200_dietrich28,0,22615,3311,0.5374032410644898,Mariupol,1
R5_RF-200_dietrich28,1,10110,1295,0.5074867996592329,Avdiivka|Lysychansk|Moschun,3
R5_RF-200_dietrich28,2,10119,1064,0.5696929374789818,Bucha|Irpin|Makariv|Okhtyrka|Rubizhne,5
R5_RF-200_dietrich28,3,10205,1376,0.5623634422239607,Chernihiv|Chornobaivka|Hostomel|Kharkiv|Kramatorsk|Mykolaiv,6
R5_RF-200_dietrich28,4,10194,1201,0.592928508647627,Borodyanka|Dmytrivka|Kherson|Sievierodonetsk|Trostianets|Volnovakha,6
R0_dietrich28_faithful_groupkfold,0,22615,3311,0.5374032410644898,Mariupol,1
R0_dietrich28_faithful_groupkfold,1,10110,1295,0.5074867996592329,Avdiivka|Lysychansk|Moschun,3
R0_dietrich28_faithful_groupkfold,2,10119,1064,0.5696929374789818,Bucha|Irpin|Makariv|Okhtyrka|Rubizhne,5
R0_dietrich28_faithful_groupkfold,3,10205,1376,0.5623634422239607,Chernihiv|Chornobaivka|Hostomel|Kharkiv|Kramatorsk|Mykolaiv,6
R0_dietrich28_faithful_groupkfold,4,10194,1201,0.592928508647627,Borodyanka|Dmytrivka|Kherson|Sievierodonetsk|Trostianets|Volnovakha,6
E6_A_impute+obs_card+coh,0,22615,3311,0.5174136435418589,Mariupol,1
E6_A_impute+obs_card+coh,1,10110,1295,0.5235484881202408,Avdiivka|Lysychansk|Moschun,3
E6_A_impute+obs_card+coh,2,9736,1007,0.5747449148206796,Bucha|Irpin|Kramatorsk|Rubizhne|Trostianets,5
E6_A_impute+obs_card+coh,3,9780,1313,0.588392856420037,Chernihiv|Hostomel|Kharkiv|Kherson|Makariv,5
E6_A_impute+obs_card+coh,4,9802,1154,0.6148819534515348,Chornobaivka|Dmytrivka|Okhtyrka|Sievierodonetsk|Volnovakha,5
R3b_card_coh,0,22615,3311,0.5142079288255764,Mariupol,1
R3b_card_coh,1,10110,1295,0.5380446632516968,Avdiivka|Lysychansk|Moschun,3
R3b_card_coh,2,9736,1007,0.5662120227715193,Bucha|Irpin|Kramatorsk|Rubizhne|Trostianets,5
R3b_card_coh,3,9780,1313,0.5835134675899112,Chernihiv|Hostomel|Kharkiv|Kherson|Makariv,5
R3b_card_coh,4,9802,1154,0.6005541999272128,Chornobaivka|Dmytrivka|Okhtyrka|Sievierodonetsk|Volnovakha,5
R5_ExtraTrees_dietrich28,0,22615,3311,0.5402706186776726,Mariupol,1
R5_ExtraTrees_dietrich28,1,10110,1295,0.4993238096698108,Avdiivka|Lysychansk|Moschun,3
R5_ExtraTrees_dietrich28,2,10119,1064,0.5739297858118515,Bucha|Irpin|Makariv|Okhtyrka|Rubizhne,5
R5_ExtraTrees_dietrich28,3,10205,1376,0.557989313098747,Chernihiv|Chornobaivka|Hostomel|Kharkiv|Kramatorsk|Mykolaiv,6
R5_ExtraTrees_dietrich28,4,10194,1201,0.5736120692632339,Borodyanka|Dmytrivka|Kherson|Sievierodonetsk|Trostianets|Volnovakha,6
E6_C_SAR_only_no_NaN,0,22615,3311,0.5187713257983066,Mariupol,1
E6_C_SAR_only_no_NaN,1,10110,1295,0.5115813471684147,Avdiivka|Lysychansk|Moschun,3
E6_C_SAR_only_no_NaN,2,9736,1007,0.574214659373161,Bucha|Irpin|Kramatorsk|Rubizhne|Trostianets,5
E6_C_SAR_only_no_NaN,3,9780,1313,0.58759993886934,Chernihiv|Hostomel|Kharkiv|Kherson|Makariv,5
E6_C_SAR_only_no_NaN,4,9802,1154,0.5999868534334183,Chornobaivka|Dmytrivka|Okhtyrka|Sievierodonetsk|Volnovakha,5
E6_A_impute+obs_card_only,0,22615,3311,0.4997347984709322,Mariupol,1
E6_A_impute+obs_card_only,1,10110,1295,0.5226505802455887,Avdiivka|Lysychansk|Moschun,3
E6_A_impute+obs_card_only,2,9736,1007,0.5812855662783474,Bucha|Irpin|Kramatorsk|Rubizhne|Trostianets,5
E6_A_impute+obs_card_only,3,9780,1313,0.5731468014659485,Chernihiv|Hostomel|Kharkiv|Kherson|Makariv,5
E6_A_impute+obs_card_only,4,9802,1154,0.6264077447706325,Chornobaivka|Dmytrivka|Okhtyrka|Sievierodonetsk|Volnovakha,5
R3_card_block_stats_A15,0,22615,3311,0.5168763876906062,Mariupol,1
R3_card_block_stats_A15,1,10110,1295,0.5308531657822639,Avdiivka|Lysychansk|Moschun,3
R3_card_block_stats_A15,2,10119,1064,0.5583729132328336,Bucha|Irpin|Makariv|Okhtyrka|Rubizhne,5
R3_card_block_stats_A15,3,10205,1376,0.5862204314139188,Chernihiv|Chornobaivka|Hostomel|Kharkiv|Kramatorsk|Mykolaiv,6
R3_card_block_stats_A15,4,10194,1201,0.5557360137540596,Borodyanka|Dmytrivka|Kherson|Sievierodonetsk|Trostianets|Volnovakha,6
D2_sar-only,0,22615,3311,0.5030103397070359,Mariupol,1
D2_sar-only,1,10110,1295,0.4952201516807302,Avdiivka|Lysychansk|Moschun,3
D2_sar-only,2,9736,1007,0.5850759655489817,Bucha|Irpin|Kramatorsk|Rubizhne|Trostianets,5
D2_sar-only,3,9780,1313,0.5634665959532331,Chernihiv|Hostomel|Kharkiv|Kherson|Makariv,5
D2_sar-only,4,9802,1154,0.6267011376589813,Chornobaivka|Dmytrivka|Okhtyrka|Sievierodonetsk|Volnovakha,5
R3b_card_only,0,22615,3311,0.4974161762590959,Mariupol,1
R3b_card_only,1,10110,1295,0.5142079686038847,Avdiivka|Lysychansk|Moschun,3
R3b_card_only,2,9736,1007,0.5818632614430116,Bucha|Irpin|Kramatorsk|Rubizhne|Trostianets,5
R3b_card_only,3,9780,1313,0.568402968704898,Chernihiv|Hostomel|Kharkiv|Kherson|Makariv,5
R3b_card_only,4,9802,1154,0.6199247439225186,Chornobaivka|Dmytrivka|Okhtyrka|Sievierodonetsk|Volnovakha,5
D1_blk_pre+post_all,0,22615,3311,0.5193018227303206,Mariupol,1
D1_blk_pre+post_all,1,10110,1295,0.5210227827698048,Avdiivka|Lysychansk|Moschun,3
D1_blk_pre+post_all,2,10119,1064,0.564782469702694,Bucha|Irpin|Makariv|Okhtyrka|Rubizhne,5
D1_blk_pre+post_all,3,10205,1376,0.5305906704122514,Chernihiv|Chornobaivka|Hostomel|Kharkiv|Kramatorsk|Mykolaiv,6
D1_blk_pre+post_all,4,10194,1201,0.5247735471561608,Borodyanka|Dmytrivka|Kherson|Sievierodonetsk|Trostianets|Volnovakha,6
R2_roll13,0,22615,3311,0.5194248757391473,Mariupol,1
R2_roll13,1,10110,1295,0.5223998668468322,Avdiivka|Lysychansk|Moschun,3
R2_roll13,2,10119,1064,0.555960753623429,Bucha|Irpin|Makariv|Okhtyrka|Rubizhne,5
R2_roll13,3,10205,1376,0.5217458586529065,Chernihiv|Chornobaivka|Hostomel|Kharkiv|Kramatorsk|Mykolaiv,6
R2_roll13,4,10194,1201,0.5522212993305089,Borodyanka|Dmytrivka|Kherson|Sievierodonetsk|Trostianets|Volnovakha,6
R2_roll7,0,22615,3311,0.5250450735426737,Mariupol,1
R2_roll7,1,10110,1295,0.5244933500066795,Avdiivka|Lysychansk|Moschun,3
R2_roll7,2,10119,1064,0.5470496713899603,Bucha|Irpin|Makariv|Okhtyrka|Rubizhne,5
R2_roll7,3,10205,1376,0.5181759305354712,Chernihiv|Chornobaivka|Hostomel|Kharkiv|Kramatorsk|Mykolaiv,6
R2_roll7,4,10194,1201,0.5443183999248931,Borodyanka|Dmytrivka|Kherson|Sievierodonetsk|Trostianets|Volnovakha,6
R2_roll3,0,22615,3311,0.5222088151201529,Mariupol,1
R2_roll3,1,10110,1295,0.5165838766405981,Avdiivka|Lysychansk|Moschun,3
R2_roll3,2,10119,1064,0.5574023407497208,Bucha|Irpin|Makariv|Okhtyrka|Rubizhne,5
R2_roll3,3,10205,1376,0.5234503202975396,Chernihiv|Chornobaivka|Hostomel|Kharkiv|Kramatorsk|Mykolaiv,6
R2_roll3,4,10194,1201,0.5456379571010591,Borodyanka|Dmytrivka|Kherson|Sievierodonetsk|Trostianets|Volnovakha,6
R3_coh_only_A14,0,22615,3311,0.5077165814312713,Mariupol,1
R3_coh_only_A14,1,7962,1117,0.5117972917387372,Lysychansk,1
R3_coh_only_A14,2,7121,897,0.510034967314642,Bucha|Hostomel|Moschun,3
R3_coh_only_A14,3,7031,848,0.4828639429781599,Borodyanka|Okhtyrka|Sievierodonetsk|Volnovakha,4
R3_coh_only_A14,4,7071,762,0.5297143521586668,Avdiivka|Dmytrivka|Irpin,3
D1_blk_pre_baseline_all,0,22615,3311,0.5233319456688031,Mariupol,1
D1_blk_pre_baseline_all,1,10110,1295,0.5072368746673909,Avdiivka|Lysychansk|Moschun,3
D1_blk_pre_baseline_all,2,10119,1064,0.5452412782370062,Bucha|Irpin|Makariv|Okhtyrka|Rubizhne,5
D1_blk_pre_baseline_all,3,10205,1376,0.5166380298672187,Chernihiv|Chornobaivka|Hostomel|Kharkiv|Kramatorsk|Mykolaiv,6
D1_blk_pre_baseline_all,4,10194,1201,0.5563695900771375,Borodyanka|Dmytrivka|Kherson|Sievierodonetsk|Trostianets|Volnovakha,6
D1e_zonal_max,0,22615,3311,0.5119616833739223,Mariupol,1
D1e_zonal_max,1,10110,1295,0.5308551805999339,Avdiivka|Lysychansk|Moschun,3
D1e_zonal_max,2,10119,1064,0.5410747499615964,Bucha|Irpin|Makariv|Okhtyrka|Rubizhne,5
D1e_zonal_max,3,10205,1376,0.5410506338783133,Chernihiv|Chornobaivka|Hostomel|Kharkiv|Kramatorsk|Mykolaiv,6
D1e_zonal_max,4,10194,1201,0.5362271775262709,Borodyanka|Dmytrivka|Kherson|Sievierodonetsk|Trostianets|Volnovakha,6
R0c_roll7_baseline+assessment,0,22615,3311,0.5256398584356882,Mariupol,1
R0c_roll7_baseline+assessment,1,10110,1295,0.5158842969052839,Avdiivka|Lysychansk|Moschun,3
R0c_roll7_baseline+assessment,2,10119,1064,0.5561874385023852,Bucha|Irpin|Makariv|Okhtyrka|Rubizhne,5
R0c_roll7_baseline+assessment,3,10205,1376,0.5235831739747713,Chernihiv|Chornobaivka|Hostomel|Kharkiv|Kramatorsk|Mykolaiv,6
R0c_roll7_baseline+assessment,4,10194,1201,0.5674543055182248,Borodyanka|Dmytrivka|Kherson|Sievierodonetsk|Trostianets|Volnovakha,6
D1_blk_post_block_all,0,22615,3311,0.5220603144674791,Mariupol,1
D1_blk_post_block_all,1,10110,1295,0.5121691483234309,Avdiivka|Lysychansk|Moschun,3
D1_blk_post_block_all,2,10119,1064,0.5673976492861087,Bucha|Irpin|Makariv|Okhtyrka|Rubizhne,5
D1_blk_post_block_all,3,10205,1376,0.5225935210866937,Chernihiv|Chornobaivka|Hostomel|Kharkiv|Kramatorsk|Mykolaiv,6
D1_blk_post_block_all,4,10194,1201,0.5090534380843718,Borodyanka|Dmytrivka|Kherson|Sievierodonetsk|Trostianets|Volnovakha,6
D1i_allblocks_groupkfold,0,22615,3311,0.4924638989226158,Mariupol,1
D1i_allblocks_groupkfold,1,10110,1295,0.5085207077266068,Avdiivka|Lysychansk|Moschun,3
D1i_allblocks_groupkfold,2,10119,1064,0.5836403370380673,Bucha|Irpin|Makariv|Okhtyrka|Rubizhne,5
D1i_allblocks_groupkfold,3,10205,1376,0.5611333110099646,Chernihiv|Chornobaivka|Hostomel|Kharkiv|Kramatorsk|Mykolaiv,6
D1i_allblocks_groupkfold,4,10194,1201,0.5514856915726758,Borodyanka|Dmytrivka|Kherson|Sievierodonetsk|Trostianets|Volnovakha,6
R5_XGBoost_dietrich28,0,22615,3311,0.5251741501253592,Mariupol,1
R5_XGBoost_dietrich28,1,10110,1295,0.4825496641605546,Avdiivka|Lysychansk|Moschun,3
R5_XGBoost_dietrich28,2,10119,1064,0.5253826864234025,Bucha|Irpin|Makariv|Okhtyrka|Rubizhne,5
R5_XGBoost_dietrich28,3,10205,1376,0.5478825560323143,Chernihiv|Chornobaivka|Hostomel|Kharkiv|Kramatorsk|Mykolaiv,6
R5_XGBoost_dietrich28,4,10194,1201,0.5466421149283193,Borodyanka|Dmytrivka|Kherson|Sievierodonetsk|Trostianets|Volnovakha,6
D1e_zonal_min,0,22615,3311,0.5239569814191053,Mariupol,1
D1e_zonal_min,1,10110,1295,0.486490034317601,Avdiivka|Lysychansk|Moschun,3
D1e_zonal_min,2,10119,1064,0.5428830393211079,Bucha|Irpin|Makariv|Okhtyrka|Rubizhne,5
D1e_zonal_min,3,10205,1376,0.5307074318379968,Chernihiv|Chornobaivka|Hostomel|Kharkiv|Kramatorsk|Mykolaiv,6
D1e_zonal_min,4,10194,1201,0.5374753034393573,Borodyanka|Dmytrivka|Kherson|Sievierodonetsk|Trostianets|Volnovakha,6
R5_GBM_dietrich28,0,22615,3311,0.5241608129002234,Mariupol,1
R5_GBM_dietrich28,1,10110,1295,0.49225127404367336,Avdiivka|Lysychansk|Moschun,3
R5_GBM_dietrich28,2,10119,1064,0.509291485201131,Bucha|Irpin|Makariv|Okhtyrka|Rubizhne,5
R5_GBM_dietrich28,3,10205,1376,0.55074207915511,Chernihiv|Chornobaivka|Hostomel|Kharkiv|Kramatorsk|Mykolaiv,6
R5_GBM_dietrich28,4,10194,1201,0.5394629257856489,Borodyanka|Dmytrivka|Kherson|Sievierodonetsk|Trostianets|Volnovakha,6
D6_sar_only,0,22615,3311,0.5161800312612531,Mariupol,1
D6_sar_only,1,10110,1295,0.5069916801170347,Avdiivka|Lysychansk|Moschun,3
D6_sar_only,2,10119,1064,0.5617957095942505,Bucha|Irpin|Makariv|Okhtyrka|Rubizhne,5
D6_sar_only,3,10205,1376,0.5242296215300002,Chernihiv|Chornobaivka|Hostomel|Kharkiv|Kramatorsk|Mykolaiv,6
D6_sar_only,4,10194,1201,0.5654483508451805,Borodyanka|Dmytrivka|Kherson|Sievierodonetsk|Trostianets|Volnovakha,6
R0c_roll13_baseline+assessment,0,22615,3311,0.5183946412159146,Mariupol,1
R0c_roll13_baseline+assessment,1,10110,1295,0.5058912392661683,Avdiivka|Lysychansk|Moschun,3
R0c_roll13_baseline+assessment,2,10119,1064,0.5621520324831959,Bucha|Irpin|Makariv|Okhtyrka|Rubizhne,5
R0c_roll13_baseline+assessment,3,10205,1376,0.5285581902398807,Chernihiv|Chornobaivka|Hostomel|Kharkiv|Kramatorsk|Mykolaiv,6
R0c_roll13_baseline+assessment,4,10194,1201,0.5588656567282927,Borodyanka|Dmytrivka|Kherson|Sievierodonetsk|Trostianets|Volnovakha,6
R0c_roll3_baseline+assessment,0,22615,3311,0.5219324973593278,Mariupol,1
R0c_roll3_baseline+assessment,1,10110,1295,0.5108008243232294,Avdiivka|Lysychansk|Moschun,3
R0c_roll3_baseline+assessment,2,10119,1064,0.5611512561082441,Bucha|Irpin|Makariv|Okhtyrka|Rubizhne,5
R0c_roll3_baseline+assessment,3,10205,1376,0.5244936414616737,Chernihiv|Chornobaivka|Hostomel|Kharkiv|Kramatorsk|Mykolaiv,6
R0c_roll3_baseline+assessment,4,10194,1201,0.5487997279408641,Borodyanka|Dmytrivka|Kherson|Sievierodonetsk|Trostianets|Volnovakha,6
R3_card_only_prepost_A13,0,22615,3311,0.5138172570353152,Mariupol,1
R3_card_only_prepost_A13,1,10110,1295,0.5101001933786959,Avdiivka|Lysychansk|Moschun,3
R3_card_only_prepost_A13,2,10119,1064,0.530677397524734,Bucha|Irpin|Makariv|Okhtyrka|Rubizhne,5
R3_card_only_prepost_A13,3,10205,1376,0.5342529540599558,Chernihiv|Chornobaivka|Hostomel|Kharkiv|Kramatorsk|Mykolaiv,6
R3_card_only_prepost_A13,4,10194,1201,0.5192102415117392,Borodyanka|Dmytrivka|Kherson|Sievierodonetsk|Trostianets|Volnovakha,6
R0b_prepost_single_card_groupkfold,0,22615,3311,0.5138172570353152,Mariupol,1
R0b_prepost_single_card_groupkfold,1,10110,1295,0.5101001933786959,Avdiivka|Lysychansk|Moschun,3
R0b_prepost_single_card_groupkfold,2,10119,1064,0.530677397524734,Bucha|Irpin|Makariv|Okhtyrka|Rubizhne,5
R0b_prepost_single_card_groupkfold,3,10205,1376,0.5342529540599558,Chernihiv|Chornobaivka|Hostomel|Kharkiv|Kramatorsk|Mykolaiv,6
R0b_prepost_single_card_groupkfold,4,10194,1201,0.5192102415117392,Borodyanka|Dmytrivka|Kherson|Sievierodonetsk|Trostianets|Volnovakha,6
D1e_zonal_median,0,22615,3311,0.5190369732282964,Mariupol,1
D1e_zonal_median,1,10110,1295,0.5077137294494074,Avdiivka|Lysychansk|Moschun,3
D1e_zonal_median,2,10119,1064,0.535478051838597,Bucha|Irpin|Makariv|Okhtyrka|Rubizhne,5
D1e_zonal_median,3,10205,1376,0.5407250435931272,Chernihiv|Chornobaivka|Hostomel|Kharkiv|Kramatorsk|Mykolaiv,6
D1e_zonal_median,4,10194,1201,0.5288429533452468,Borodyanka|Dmytrivka|Kherson|Sievierodonetsk|Trostianets|Volnovakha,6
R5_LightGBM_dietrich28,0,22615,3311,0.5249404354596435,Mariupol,1
R5_LightGBM_dietrich28,1,10110,1295,0.4613848805454024,Avdiivka|Lysychansk|Moschun,3
R5_LightGBM_dietrich28,2,10119,1064,0.5157865674678136,Bucha|Irpin|Makariv|Okhtyrka|Rubizhne,5
R5_LightGBM_dietrich28,3,10205,1376,0.5370252662341597,Chernihiv|Chornobaivka|Hostomel|Kharkiv|Kramatorsk|Mykolaiv,6
R5_LightGBM_dietrich28,4,10194,1201,0.5402440865978377,Borodyanka|Dmytrivka|Kherson|Sievierodonetsk|Trostianets|Volnovakha,6
D1d_pre+post+delta,0,22615,3311,0.5101070719197822,Mariupol,1
D1d_pre+post+delta,1,10110,1295,0.5108015251293754,Avdiivka|Lysychansk|Moschun,3
D1d_pre+post+delta,2,10119,1064,0.5212251881775116,Bucha|Irpin|Makariv|Okhtyrka|Rubizhne,5
D1d_pre+post+delta,3,10205,1376,0.5302931078080428,Chernihiv|Chornobaivka|Hostomel|Kharkiv|Kramatorsk|Mykolaiv,6
D1d_pre+post+delta,4,10194,1201,0.5197548412388099,Borodyanka|Dmytrivka|Kherson|Sievierodonetsk|Trostianets|Volnovakha,6
D1_pre+post+delta,0,22615,3311,0.5101070719197822,Mariupol,1
D1_pre+post+delta,1,10110,1295,0.5108015251293755,Avdiivka|Lysychansk|Moschun,3
D1_pre+post+delta,2,10119,1064,0.5212251881775116,Bucha|Irpin|Makariv|Okhtyrka|Rubizhne,5
D1_pre+post+delta,3,10205,1376,0.5302931078080428,Chernihiv|Chornobaivka|Hostomel|Kharkiv|Kramatorsk|Mykolaiv,6
D1_pre+post+delta,4,10194,1201,0.5197548412388099,Borodyanka|Dmytrivka|Kherson|Sievierodonetsk|Trostianets|Volnovakha,6
B7_UISEM_card+coh+delta,0,22615,3311,0.5106444138220899,Mariupol,1
B7_UISEM_card+coh+delta,1,10110,1295,0.46679414038461114,Avdiivka|Lysychansk|Moschun,3
B7_UISEM_card+coh+delta,2,9736,1007,0.5349939585463332,Bucha|Irpin|Kramatorsk|Rubizhne|Trostianets,5
B7_UISEM_card+coh+delta,3,9780,1313,0.5826667593761039,Chernihiv|Hostomel|Kharkiv|Kherson|Makariv,5
B7_UISEM_card+coh+delta,4,9802,1154,0.5732554345822037,Chornobaivka|Dmytrivka|Okhtyrka|Sievierodonetsk|Volnovakha,5
B7_UISEM_card+coh,0,22615,3311,0.5106444138220899,Mariupol,1
B7_UISEM_card+coh,1,10110,1295,0.46679414038461114,Avdiivka|Lysychansk|Moschun,3
B7_UISEM_card+coh,2,9736,1007,0.5349939585463332,Bucha|Irpin|Kramatorsk|Rubizhne|Trostianets,5
B7_UISEM_card+coh,3,9780,1313,0.5826667593761039,Chernihiv|Hostomel|Kharkiv|Kherson|Makariv,5
B7_UISEM_card+coh,4,9802,1154,0.5732554345822037,Chornobaivka|Dmytrivka|Okhtyrka|Sievierodonetsk|Volnovakha,5
D1_delta_only,0,22615,3311,0.5156896654122197,Mariupol,1
D1_delta_only,1,10110,1295,0.505939551089863,Avdiivka|Lysychansk|Moschun,3
D1_delta_only,2,10119,1064,0.5040975575327054,Bucha|Irpin|Makariv|Okhtyrka|Rubizhne,5
D1_delta_only,3,10205,1376,0.5145472307169555,Chernihiv|Chornobaivka|Hostomel|Kharkiv|Kramatorsk|Mykolaiv,6
D1_delta_only,4,10194,1201,0.5295141664906733,Borodyanka|Dmytrivka|Kherson|Sievierodonetsk|Trostianets|Volnovakha,6
D1d_delta_only,0,22615,3311,0.5156896654122197,Mariupol,1
D1d_delta_only,1,10110,1295,0.505939551089863,Avdiivka|Lysychansk|Moschun,3
D1d_delta_only,2,10119,1064,0.5040975575327054,Bucha|Irpin|Makariv|Okhtyrka|Rubizhne,5
D1d_delta_only,3,10205,1376,0.5145472307169555,Chernihiv|Chornobaivka|Hostomel|Kharkiv|Kramatorsk|Mykolaiv,6
D1d_delta_only,4,10194,1201,0.5295141664906733,Borodyanka|Dmytrivka|Kherson|Sievierodonetsk|Trostianets|Volnovakha,6
D1e_zonal_mean,0,22615,3311,0.5186468099215427,Mariupol,1
D1e_zonal_mean,1,10110,1295,0.5116236145390995,Avdiivka|Lysychansk|Moschun,3
D1e_zonal_mean,2,10119,1064,0.5311490349285694,Bucha|Irpin|Makariv|Okhtyrka|Rubizhne,5
D1e_zonal_mean,3,10205,1376,0.5272669002389061,Chernihiv|Chornobaivka|Hostomel|Kharkiv|Kramatorsk|Mykolaiv,6
D1e_zonal_mean,4,10194,1201,0.5219718491382834,Borodyanka|Dmytrivka|Kherson|Sievierodonetsk|Trostianets|Volnovakha,6
E2_LightGBM_card+coh,0,22615,3311,0.50124006610974,Mariupol,1
E2_LightGBM_card+coh,1,10110,1295,0.4890075927965888,Avdiivka|Lysychansk|Moschun,3
E2_LightGBM_card+coh,2,9736,1007,0.5088560395708673,Bucha|Irpin|Kramatorsk|Rubizhne|Trostianets,5
E2_LightGBM_card+coh,3,9780,1313,0.5621934753005058,Chernihiv|Hostomel|Kharkiv|Kherson|Makariv,5
E2_LightGBM_card+coh,4,9802,1154,0.5602187400298523,Chornobaivka|Dmytrivka|Okhtyrka|Sievierodonetsk|Volnovakha,5
B7_UISEM_card_only,0,22615,3311,0.4805147164201559,Mariupol,1
B7_UISEM_card_only,1,10110,1295,0.4870291294454653,Avdiivka|Lysychansk|Moschun,3
B7_UISEM_card_only,2,9736,1007,0.5528665591290568,Bucha|Irpin|Kramatorsk|Rubizhne|Trostianets,5
B7_UISEM_card_only,3,9780,1313,0.5611353823738071,Chernihiv|Hostomel|Kharkiv|Kherson|Makariv,5
B7_UISEM_card_only,4,9802,1154,0.5984076622037814,Chornobaivka|Dmytrivka|Okhtyrka|Sievierodonetsk|Volnovakha,5
D1d_post_only,0,22615,3311,0.5007263334878289,Mariupol,1
D1d_post_only,1,10110,1295,0.5087203060770844,Avdiivka|Lysychansk|Moschun,3
D1d_post_only,2,10119,1064,0.5120588778683317,Bucha|Irpin|Makariv|Okhtyrka|Rubizhne,5
D1d_post_only,3,10205,1376,0.510510544993112,Chernihiv|Chornobaivka|Hostomel|Kharkiv|Kramatorsk|Mykolaiv,6
D1d_post_only,4,10194,1201,0.5208534383250992,Borodyanka|Dmytrivka|Kherson|Sievierodonetsk|Trostianets|Volnovakha,6
D1_post_only,0,22615,3311,0.5007263334878289,Mariupol,1
D1_post_only,1,10110,1295,0.5087203060770844,Avdiivka|Lysychansk|Moschun,3
D1_post_only,2,10119,1064,0.5120588778683317,Bucha|Irpin|Makariv|Okhtyrka|Rubizhne,5
D1_post_only,3,10205,1376,0.510510544993112,Chernihiv|Chornobaivka|Hostomel|Kharkiv|Kramatorsk|Mykolaiv,6
D1_post_only,4,10194,1201,0.5208534383250992,Borodyanka|Dmytrivka|Kherson|Sievierodonetsk|Trostianets|Volnovakha,6
D1_pre_only,0,22615,3311,0.503592467272124,Mariupol,1
D1_pre_only,1,10110,1295,0.5089471920668744,Avdiivka|Lysychansk|Moschun,3
D1_pre_only,2,10119,1064,0.5108510335751029,Bucha|Irpin|Makariv|Okhtyrka|Rubizhne,5
D1_pre_only,3,10205,1376,0.5068504014913854,Chernihiv|Chornobaivka|Hostomel|Kharkiv|Kramatorsk|Mykolaiv,6
D1_pre_only,4,10194,1201,0.5126567124601399,Borodyanka|Dmytrivka|Kherson|Sievierodonetsk|Trostianets|Volnovakha,6
D1d_pre_only,0,22615,3311,0.503592467272124,Mariupol,1
D1d_pre_only,1,10110,1295,0.5089471920668744,Avdiivka|Lysychansk|Moschun,3
D1d_pre_only,2,10119,1064,0.5108510335751029,Bucha|Irpin|Makariv|Okhtyrka|Rubizhne,5
D1d_pre_only,3,10205,1376,0.5068504014913854,Chernihiv|Chornobaivka|Hostomel|Kharkiv|Kramatorsk|Mykolaiv,6
D1d_pre_only,4,10194,1201,0.5126567124601399,Borodyanka|Dmytrivka|Kherson|Sievierodonetsk|Trostianets|Volnovakha,6
D1_pre+post,0,22615,3311,0.5091315345763153,Mariupol,1
D1_pre+post,1,10110,1295,0.505557655540639,Avdiivka|Lysychansk|Moschun,3
D1_pre+post,2,10119,1064,0.5100536404512108,Bucha|Irpin|Makariv|Okhtyrka|Rubizhne,5
D1_pre+post,3,10205,1376,0.5187443039191669,Chernihiv|Chornobaivka|Hostomel|Kharkiv|Kramatorsk|Mykolaiv,6
D1_pre+post,4,10194,1201,0.47738323256880427,Borodyanka|Dmytrivka|Kherson|Sievierodonetsk|Trostianets|Volnovakha,6
D1e_zonal_std,0,22615,3311,0.5109793479971005,Mariupol,1
D1e_zonal_std,1,10110,1295,0.4925048782677824,Avdiivka|Lysychansk|Moschun,3
D1e_zonal_std,2,10119,1064,0.47858938483702346,Bucha|Irpin|Makariv|Okhtyrka|Rubizhne,5
D1e_zonal_std,3,10205,1376,0.5316925163375452,Chernihiv|Chornobaivka|Hostomel|Kharkiv|Kramatorsk|Mykolaiv,6
D1e_zonal_std,4,10194,1201,0.5348603081330812,Borodyanka|Dmytrivka|Kherson|Sievierodonetsk|Trostianets|Volnovakha,6
E6_B_nativeNaN_card+coh,0,22615,3311,0.49594015033338373,Mariupol,1
E6_B_nativeNaN_card+coh,1,10110,1295,0.4654745224115615,Avdiivka|Lysychansk|Moschun,3
E6_B_nativeNaN_card+coh,2,9736,1007,0.5103976028494774,Bucha|Irpin|Kramatorsk|Rubizhne|Trostianets,5
E6_B_nativeNaN_card+coh,3,9780,1313,0.5636052553297957,Chernihiv|Hostomel|Kharkiv|Kherson|Makariv,5
E6_B_nativeNaN_card+coh,4,9802,1154,0.5514383967120757,Chornobaivka|Dmytrivka|Okhtyrka|Sievierodonetsk|Volnovakha,5
E6_B_nativeNaN_card_only,0,22615,3311,0.48878514591067235,Mariupol,1
E6_B_nativeNaN_card_only,1,10110,1295,0.4798175714001012,Avdiivka|Lysychansk|Moschun,3
E6_B_nativeNaN_card_only,2,9736,1007,0.5158093141798226,Bucha|Irpin|Kramatorsk|Rubizhne|Trostianets,5
E6_B_nativeNaN_card_only,3,9780,1313,0.5543242970716201,Chernihiv|Hostomel|Kharkiv|Kherson|Makariv,5
E6_B_nativeNaN_card_only,4,9802,1154,0.565125205014293,Chornobaivka|Dmytrivka|Okhtyrka|Sievierodonetsk|Volnovakha,5
D1_blk_pre+post_mean,0,22615,3311,0.5044610509768954,Mariupol,1
D1_blk_pre+post_mean,1,10110,1295,0.497536228392723,Avdiivka|Lysychansk|Moschun,3
D1_blk_pre+post_mean,2,10119,1064,0.5081555697637246,Bucha|Irpin|Makariv|Okhtyrka|Rubizhne,5
D1_blk_pre+post_mean,3,10205,1376,0.4891289227229505,Chernihiv|Chornobaivka|Hostomel|Kharkiv|Kramatorsk|Mykolaiv,6
D1_blk_pre+post_mean,4,10194,1201,0.5170517489178604,Borodyanka|Dmytrivka|Kherson|Sievierodonetsk|Trostianets|Volnovakha,6
D1_blk_pre_baseline_mean,0,22615,3311,0.5027847373089713,Mariupol,1
D1_blk_pre_baseline_mean,1,10110,1295,0.49791089687856566,Avdiivka|Lysychansk|Moschun,3
D1_blk_pre_baseline_mean,2,10119,1064,0.5106618181289779,Bucha|Irpin|Makariv|Okhtyrka|Rubizhne,5
D1_blk_pre_baseline_mean,3,10205,1376,0.49211681344775543,Chernihiv|Chornobaivka|Hostomel|Kharkiv|Kramatorsk|Mykolaiv,6
D1_blk_pre_baseline_mean,4,10194,1201,0.5007237565567002,Borodyanka|Dmytrivka|Kherson|Sievierodonetsk|Trostianets|Volnovakha,6
D1_blk_post_block_mean,0,22615,3311,0.5027847373089713,Mariupol,1
D1_blk_post_block_mean,1,10110,1295,0.49791089687856566,Avdiivka|Lysychansk|Moschun,3
D1_blk_post_block_mean,2,10119,1064,0.5106618181289779,Bucha|Irpin|Makariv|Okhtyrka|Rubizhne,5
D1_blk_post_block_mean,3,10205,1376,0.49211681344775543,Chernihiv|Chornobaivka|Hostomel|Kharkiv|Kramatorsk|Mykolaiv,6
D1_blk_post_block_mean,4,10194,1201,0.5007237565567002,Borodyanka|Dmytrivka|Kherson|Sievierodonetsk|Trostianets|Volnovakha,6
E7b_GaussianNB,0,22615,3311,0.49993488281974097,Mariupol,1
E7b_GaussianNB,1,10110,1295,0.6110336233648769,Avdiivka|Lysychansk|Moschun,3
E7b_GaussianNB,2,9736,1007,0.5936215992008285,Bucha|Irpin|Kramatorsk|Rubizhne|Trostianets,5
E7b_GaussianNB,3,9780,1313,0.553740020730094,Chernihiv|Hostomel|Kharkiv|Kherson|Makariv,5
E7b_GaussianNB,4,9802,1154,0.591649304915373,Chornobaivka|Dmytrivka|Okhtyrka|Sievierodonetsk|Volnovakha,5
E2_LightGBM_card,0,22615,3311,0.4805151388526083,Mariupol,1
E2_LightGBM_card,1,10110,1295,0.4821181427761121,Avdiivka|Lysychansk|Moschun,3
E2_LightGBM_card,2,9736,1007,0.5145794082276397,Bucha|Irpin|Kramatorsk|Rubizhne|Trostianets,5
E2_LightGBM_card,3,9780,1313,0.5420158599701309,Chernihiv|Hostomel|Kharkiv|Kherson|Makariv,5
E2_LightGBM_card,4,9802,1154,0.5630089284425969,Chornobaivka|Dmytrivka|Okhtyrka|Sievierodonetsk|Volnovakha,5
R4_tier0_dietrich28,0,22615,3311,0.4916609095903181,Mariupol,1
R4_tier0_dietrich28,1,7962,1117,0.5271001384408435,Lysychansk,1
R4_tier0_dietrich28,2,5002,463,0.47466259539950617,Rubizhne,1
R4_tier0_dietrich28,3,4418,568,0.5486333912566307,Sievierodonetsk,1
R4b_tier0_card,0,22615,3311,0.4916609095903181,Mariupol,1
R4b_tier0_card,1,7962,1117,0.5271001384408435,Lysychansk,1
R4b_tier0_card,2,5002,463,0.47466259539950617,Rubizhne,1
R4b_tier0_card,3,4418,568,0.5486333912566307,Sievierodonetsk,1
D2_coh-only,0,22615,3311,0.48524866658414106,Mariupol,1
D2_coh-only,1,10110,1295,0.4440424250520677,Avdiivka|Lysychansk|Moschun,3
D2_coh-only,2,9736,1007,0.5058779174715017,Bucha|Irpin|Kramatorsk|Rubizhne|Trostianets,5
D2_coh-only,3,9780,1313,0.5159060250130182,Chernihiv|Hostomel|Kharkiv|Kherson|Makariv,5
D2_coh-only,4,9802,1154,0.521943994423932,Chornobaivka|Dmytrivka|Okhtyrka|Sievierodonetsk|Volnovakha,5
R3b_coh_only,0,22615,3311,0.48157126692061014,Mariupol,1
R3b_coh_only,1,10110,1295,0.43208045254556876,Avdiivka|Lysychansk|Moschun,3
R3b_coh_only,2,9736,1007,0.502304182328694,Bucha|Irpin|Kramatorsk|Rubizhne|Trostianets,5
R3b_coh_only,3,9780,1313,0.5153933496210501,Chernihiv|Hostomel|Kharkiv|Kherson|Makariv,5
R3b_coh_only,4,9802,1154,0.5135991311241758,Chornobaivka|Dmytrivka|Okhtyrka|Sievierodonetsk|Volnovakha,5
E6_A_impute+obs_coh_only,0,22615,3311,0.48157126692061014,Mariupol,1
E6_A_impute+obs_coh_only,1,10110,1295,0.43208045254556876,Avdiivka|Lysychansk|Moschun,3
E6_A_impute+obs_coh_only,2,9736,1007,0.502304182328694,Bucha|Irpin|Kramatorsk|Rubizhne|Trostianets,5
E6_A_impute+obs_coh_only,3,9780,1313,0.5153933496210501,Chernihiv|Hostomel|Kharkiv|Kherson|Makariv,5
E6_A_impute+obs_coh_only,4,9802,1154,0.5135991311241758,Chornobaivka|Dmytrivka|Okhtyrka|Sievierodonetsk|Volnovakha,5
E2_LightGBM_coh,0,22615,3311,0.4913497724434607,Mariupol,1
E2_LightGBM_coh,1,10110,1295,0.4349486768998963,Avdiivka|Lysychansk|Moschun,3
E2_LightGBM_coh,2,9736,1007,0.4999715589225746,Bucha|Irpin|Kramatorsk|Rubizhne|Trostianets,5
E2_LightGBM_coh,3,9780,1313,0.5246454336269541,Chernihiv|Hostomel|Kharkiv|Kherson|Makariv,5
E2_LightGBM_coh,4,9802,1154,0.5017657682645089,Chornobaivka|Dmytrivka|Okhtyrka|Sievierodonetsk|Volnovakha,5
E6_B_nativeNaN_coh_only,0,22615,3311,0.4913497724434607,Mariupol,1
E6_B_nativeNaN_coh_only,1,10110,1295,0.4349486768998963,Avdiivka|Lysychansk|Moschun,3
E6_B_nativeNaN_coh_only,2,9736,1007,0.4999715589225746,Bucha|Irpin|Kramatorsk|Rubizhne|Trostianets,5
E6_B_nativeNaN_coh_only,3,9780,1313,0.5246454336269541,Chernihiv|Hostomel|Kharkiv|Kherson|Makariv,5
E6_B_nativeNaN_coh_only,4,9802,1154,0.5017657682645089,Chornobaivka|Dmytrivka|Okhtyrka|Sievierodonetsk|Volnovakha,5
B7_UISEM_coh_only,0,22615,3311,0.49194195233635185,Mariupol,1
B7_UISEM_coh_only,1,10110,1295,0.43158585860798,Avdiivka|Lysychansk|Moschun,3
B7_UISEM_coh_only,2,9736,1007,0.491643442630877,Bucha|Irpin|Kramatorsk|Rubizhne|Trostianets,5
B7_UISEM_coh_only,3,9780,1313,0.5135214705251903,Chernihiv|Hostomel|Kharkiv|Kherson|Makariv,5
B7_UISEM_coh_only,4,9802,1154,0.5122364774736788,Chornobaivka|Dmytrivka|Okhtyrka|Sievierodonetsk|Volnovakha,5
R0c_roll7_assessment_only,0,22615,3311,0.5,Mariupol,1
R0c_roll7_assessment_only,1,10110,1295,0.5,Avdiivka|Lysychansk|Moschun,3
R0c_roll7_assessment_only,2,10119,1064,0.5,Bucha|Irpin|Makariv|Okhtyrka|Rubizhne,5
R0c_roll7_assessment_only,3,10205,1376,0.5,Chernihiv|Chornobaivka|Hostomel|Kharkiv|Kramatorsk|Mykolaiv,6
R0c_roll7_assessment_only,4,10194,1201,0.5,Borodyanka|Dmytrivka|Kherson|Sievierodonetsk|Trostianets|Volnovakha,6
D1f_roll7_assess,0,22615,3311,0.5,Mariupol,1
D1f_roll7_assess,1,10110,1295,0.5,Avdiivka|Lysychansk|Moschun,3
D1f_roll7_assess,2,10119,1064,0.5,Bucha|Irpin|Makariv|Okhtyrka|Rubizhne,5
D1f_roll7_assess,3,10205,1376,0.5,Chernihiv|Chornobaivka|Hostomel|Kharkiv|Kramatorsk|Mykolaiv,6
D1f_roll7_assess,4,10194,1201,0.5,Borodyanka|Dmytrivka|Kherson|Sievierodonetsk|Trostianets|Volnovakha,6
D1f_roll3_assess,0,22615,3311,0.5,Mariupol,1
D1f_roll3_assess,1,10110,1295,0.5,Avdiivka|Lysychansk|Moschun,3
D1f_roll3_assess,2,10119,1064,0.5,Bucha|Irpin|Makariv|Okhtyrka|Rubizhne,5
D1f_roll3_assess,3,10205,1376,0.5,Chernihiv|Chornobaivka|Hostomel|Kharkiv|Kramatorsk|Mykolaiv,6
D1f_roll3_assess,4,10194,1201,0.5,Borodyanka|Dmytrivka|Kherson|Sievierodonetsk|Trostianets|Volnovakha,6
R0c_roll3_assessment_only,0,22615,3311,0.5,Mariupol,1
R0c_roll3_assessment_only,1,10110,1295,0.5,Avdiivka|Lysychansk|Moschun,3
R0c_roll3_assessment_only,2,10119,1064,0.5,Bucha|Irpin|Makariv|Okhtyrka|Rubizhne,5
R0c_roll3_assessment_only,3,10205,1376,0.5,Chernihiv|Chornobaivka|Hostomel|Kharkiv|Kramatorsk|Mykolaiv,6
R0c_roll3_assessment_only,4,10194,1201,0.5,Borodyanka|Dmytrivka|Kherson|Sievierodonetsk|Trostianets|Volnovakha,6
R4_tier2_ms,0,1883,263,0.4640308876684035,Kharkiv,1
R4_tier2_ms,1,1186,93,0.5068716858995169,Avdiivka,1
R4_tier2_ms,2,180,25,0.7014193548387097,Kramatorsk,1
R4_tier2_ms,3,142,13,0.8998211091234347,Kherson,1
R4_tier2_ms,4,142,13,0.9177101967799642,Chornobaivka,1
