model_id,n_folds,auc_mean,auc_std,auc_cv,auc_min,auc_max,auc_range
D4_f8_strategy_A_drop_nan,5,0.4284,0.1885,0.4401,0.2206,0.7113,0.4906
R4b_tier2_all,5,0.6901,0.233,0.3376,0.5073,0.9702,0.4628
R4_tier2_ms,5,0.698,0.2123,0.3042,0.464,0.9177,0.4537
CLF_F7_RF_200,5,0.5204,0.1189,0.2285,0.3216,0.629,0.3074
ABL_FUSION_MS_COH_ALL,5,0.5204,0.1189,0.2285,0.3216,0.629,0.3074
CLF_A17_LightGBM,5,0.6311,0.1423,0.2254,0.3795,0.7236,0.3441
CLF_F7_ExtraTrees,5,0.5578,0.1211,0.2171,0.3551,0.6785,0.3234
NB08b_BDA_RGB+CARD_ExtraTrees,5,0.6698,0.1412,0.2108,0.4229,0.7726,0.3498
NB08b_BDA_RGB+CARD_LogReg,5,0.6772,0.1423,0.2101,0.4346,0.8048,0.3702
ABL_ROLLING_SAR_CARD,5,0.5469,0.1146,0.2095,0.4484,0.7123,0.264
CLF_A17_XGBoost,5,0.5952,0.1243,0.2089,0.3795,0.6883,0.3088
CLF_A9_ExtraTrees,5,0.5986,0.1249,0.2087,0.4672,0.7841,0.3169
CLF_A9_RF_200,5,0.5795,0.1113,0.1921,0.4618,0.7413,0.2795
ABL_PREPOST_MS_MS,5,0.5795,0.1113,0.1921,0.4618,0.7413,0.2795
ABL_PREPOST_MS_ALL,5,0.5795,0.1113,0.1921,0.4618,0.7413,0.2795
NB08b_BDA_COH_DROP_AdaBoost,5,0.6285,0.1201,0.191,0.4838,0.7709,0.2872
ABL_FUSION_MS_COH_MS,5,0.5839,0.1101,0.1885,0.4667,0.7463,0.2796
NB08b_BDA_CARD_AdaBoost,5,0.6955,0.1275,0.1834,0.5924,0.9104,0.318
NB08b_BRIGHT_all_LogReg,5,0.5836,0.1061,0.1818,0.4545,0.7336,0.2792
CLF_F7_XGBoost,5,0.6461,0.1158,0.1792,0.4689,0.7738,0.3048
NB08b_BDA_CARD_LightGBM,5,0.6885,0.1217,0.1767,0.6154,0.9047,0.2893
NB08b_BDA_RGB+CARD_LightGBM,5,0.6502,0.1143,0.1758,0.451,0.7253,0.2743
NB08b_BDA_CARD_LogReg,5,0.7121,0.1215,0.1707,0.6132,0.9118,0.2986
CLF_A17_GBM,5,0.6917,0.1131,0.1636,0.5,0.7823,0.2823
NB08b_BDA_COH_DROP_GBM,5,0.6183,0.0997,0.1612,0.5019,0.7344,0.2325
CLF_A9_XGBoost,5,0.6639,0.1021,0.1538,0.5465,0.7624,0.216
NB08b_BDA_COH_DROP+RGB+CARD_RF-200,5,0.5695,0.0867,0.1522,0.473,0.6846,0.2116
NB08b_BRIGHT_all_AdaBoost,5,0.5986,0.0899,0.1502,0.4669,0.6928,0.226
NB08b_BDA_RGB+CARD_UISEM_voting,5,0.5685,0.0847,0.149,0.4263,0.6442,0.2179
NB08b_BRIGHT_all_ExtraTrees,5,0.5895,0.0873,0.1482,0.4636,0.6855,0.2219
NB08b_BDA_COH_DROP_UISEM_voting,5,0.6167,0.0907,0.1471,0.5003,0.7115,0.2112
ABL_PREPOST_SAR_ALL,5,0.5474,0.0799,0.1459,0.4718,0.6794,0.2076
D3_leaky,5,0.6187,0.0892,0.1443,0.528,0.7134,0.1854
NB08b_BRIGHT_all_GBM,5,0.5978,0.0845,0.1414,0.4721,0.669,0.1969
NB08b_BRIGHT_all_LightGBM,5,0.5882,0.0812,0.1381,0.4685,0.663,0.1945
ABL_ROLLING_SAR_SAR_ALL,5,0.4764,0.0656,0.1378,0.3795,0.5437,0.1642
NB08b_BDA_COH_DROP_LogReg,5,0.64,0.0876,0.1369,0.5387,0.7268,0.1881
NB08b_BRIGHT_all_XGBoost,5,0.5836,0.0798,0.1367,0.4679,0.6574,0.1895
CLF_A9_LightGBM,5,0.7017,0.0952,0.1357,0.5943,0.7895,0.1952
NB08b_BDA_CARD_ExtraTrees,5,0.705,0.0948,0.1345,0.6519,0.8735,0.2216
CLF_A17_RF_200,5,0.5222,0.0693,0.1326,0.4295,0.6205,0.191
ABL_ROLLING_SAR_ALL,5,0.5222,0.0693,0.1326,0.4295,0.6205,0.191
NB08b_xBD_RGB_LogReg,5,0.6426,0.0846,0.1317,0.5553,0.7447,0.1895
NB08b_BRIGHT_all_UISEM_voting,5,0.581,0.0763,0.1313,0.4699,0.6498,0.1799
NB08b_BDA_CARD_GBM,5,0.6866,0.0897,0.1306,0.6298,0.8455,0.2158
NB08b_BDA_COH_DROP+RGB+CARD_UISEM_voting,5,0.6078,0.0783,0.1288,0.5287,0.7104,0.1817
D3_clean,5,0.6192,0.0791,0.1278,0.535,0.703,0.168
D6_fusion,5,0.6192,0.0791,0.1278,0.535,0.703,0.168
NB08b_BDA_CARD_XGBoost,5,0.688,0.0876,0.1274,0.6276,0.8429,0.2153
NB08b_BDA_RGB+CARD_RF-200,5,0.5378,0.0682,0.1269,0.4226,0.6049,0.1823
NB08b_xBD_RGB_GBM,5,0.686,0.0855,0.1246,0.5901,0.8001,0.21
R3_ms_plus_cohdrop_F7,5,0.6326,0.0783,0.1238,0.5465,0.7061,0.1596
NB08b_BDA_COH_DROP_XGBoost,5,0.6009,0.0741,0.1233,0.5346,0.6863,0.1517
CLF_F7_LightGBM,5,0.7074,0.0867,0.1225,0.5941,0.8092,0.2151
NB08b_BDA_COH_DROP+RGB_UISEM_voting,5,0.6664,0.0811,0.1217,0.5606,0.7692,0.2086
CLF_A9_GBM,5,0.7021,0.0853,0.1215,0.5997,0.8061,0.2064
ABL_ROLLING_SAR_COH,5,0.5077,0.0616,0.1213,0.4302,0.6028,0.1725
NB08b_xBD_RGB_UISEM_voting,5,0.6925,0.0839,0.1211,0.596,0.8033,0.2073
NB08b_xBD_RGB_XGBoost,5,0.686,0.0829,0.1209,0.5965,0.7938,0.1973
NB08b_BDA_COH_DROP+RGB_RF-200,5,0.6478,0.078,0.1204,0.5679,0.7656,0.1978
NB08b_xBD_RGB_LightGBM,5,0.6893,0.0827,0.12,0.5964,0.7971,0.2006
NB08b_BRIGHT_all_RF-200,5,0.5652,0.0644,0.114,0.4736,0.6278,0.1542
NB08b_BDA_COH_DROP_ExtraTrees,5,0.6377,0.0726,0.1138,0.5389,0.7212,0.1823
R4_tier1_dietrich28,5,0.5577,0.0629,0.1129,0.4907,0.6532,0.1625
R4b_tier1_card,5,0.5577,0.0629,0.1129,0.4907,0.6532,0.1625
NB08b_xBD_RGB_AdaBoost,5,0.669,0.0752,0.1124,0.5628,0.749,0.1862
NB08b_xBD_RGB_RF-200,5,0.6879,0.0768,0.1116,0.5938,0.7919,0.1981
NB08b_BDA_COH_DROP+RGB_LightGBM,5,0.664,0.0737,0.111,0.5857,0.7678,0.1821
NB08b_BDA_COH_DROP_RF-200,5,0.6217,0.069,0.111,0.5518,0.7057,0.1539
NB08b_xBD_RGB_ExtraTrees,5,0.6883,0.0742,0.1078,0.5901,0.7913,0.2012
NB08b_BDA_COH_DROP+CARD_ExtraTrees,5,0.6483,0.0659,0.1017,0.5743,0.7175,0.1432
NB08b_BDA_COH_DROP+RGB_ExtraTrees,5,0.6844,0.0696,0.1017,0.5951,0.7694,0.1743
D2_sar-only,5,0.5547,0.0557,0.1003,0.4952,0.6267,0.1315
R4_tier2_dietrich28,5,0.536,0.0524,0.0977,0.4489,0.5728,0.1239
R4b_tier2_card,5,0.536,0.0524,0.0977,0.4489,0.5728,0.1239
B7_UISEM_card_only,5,0.536,0.0507,0.0946,0.4805,0.5984,0.1179
NB08b_BDA_COH_DROP+CARD_RF-200,5,0.6637,0.0616,0.0928,0.5864,0.7415,0.1551
NB08b_BDA_COH_DROP_LightGBM,5,0.5914,0.0542,0.0917,0.5279,0.6533,0.1254
NB08b_BDA_RGB+CARD_GBM,5,0.7016,0.0641,0.0913,0.5939,0.7523,0.1584
R3b_card_only,5,0.5564,0.0502,0.0903,0.4974,0.6199,0.1225
E6_A_impute+obs_card_only,5,0.5606,0.0502,0.0895,0.4997,0.6264,0.1267
NB08b_BDA_COH_DROP+CARD_LightGBM,5,0.6433,0.0575,0.0894,0.5644,0.7119,0.1476
B7_UISEM_card+coh+delta,5,0.5337,0.0474,0.0887,0.4668,0.5827,0.1159
B7_UISEM_card+coh,5,0.5337,0.0474,0.0887,0.4668,0.5827,0.1159
E7_LogReg,5,0.6251,0.0552,0.0883,0.5713,0.7166,0.1453
NB08b_BDA_COH_DROP+CARD_UISEM_voting,5,0.6641,0.0583,0.0878,0.5982,0.7355,0.1373
E7b_NearestCentroid,5,0.6277,0.0541,0.0862,0.5822,0.7189,0.1367
R4_tier0_ms,4,0.6909,0.0592,0.0857,0.6376,0.7667,0.129
E7b_RidgeClassifier,5,0.6286,0.0534,0.0849,0.5787,0.7184,0.1397
ABL_FUSION_MS_COH_SAR_ALL,5,0.559,0.0456,0.0816,0.5,0.6132,0.1132
ABL_FUSION_MS_COH_COH,5,0.559,0.0456,0.0816,0.5,0.6132,0.1132
NB08b_BDA_COH_DROP+CARD_GBM,5,0.6544,0.0534,0.0816,0.5916,0.7162,0.1247
E7b_LDA,5,0.6347,0.0506,0.0798,0.5866,0.715,0.1284
NB08b_BDA_COH_DROP+CARD_XGBoost,5,0.6494,0.0515,0.0793,0.576,0.7038,0.1278
E7d_MLP_256_128_64,5,0.6449,0.0505,0.0783,0.5827,0.716,0.1333
E7b_GaussianNB,5,0.57,0.0444,0.0779,0.4999,0.611,0.1111
E6_B_nativeNaN_card+coh,5,0.5174,0.0403,0.0779,0.4655,0.5636,0.0981
NB08b_BDA_COH_DROP+CARD_LogReg,5,0.6605,0.0514,0.0778,0.6086,0.7215,0.113
NB08b_BDA_COH_DROP+RGB+CARD_ExtraTrees,5,0.6862,0.0515,0.0751,0.615,0.7379,0.1229
E6_A_impute+obs_card+coh,5,0.5638,0.0421,0.0748,0.5174,0.6149,0.0975
E6_B_nativeNaN_card_only,5,0.5208,0.0381,0.0732,0.4798,0.5651,0.0853
E6_C_SAR_only_no_NaN,5,0.5584,0.0406,0.0727,0.5116,0.6,0.0884
NB08b_BDA_RGB+CARD_XGBoost,5,0.7046,0.0498,0.0707,0.6263,0.7456,0.1193
R3b_coh_only,5,0.489,0.0345,0.0706,0.4321,0.5154,0.0833
E6_A_impute+obs_coh_only,5,0.489,0.0345,0.0706,0.4321,0.5154,0.0833
E2_LightGBM_card,5,0.5164,0.0364,0.0704,0.4805,0.563,0.0825
D1i_allblocks_groupkfold,5,0.5394,0.0379,0.0702,0.4925,0.5836,0.0912
CLF_A17_ExtraTrees,5,0.5682,0.0397,0.0699,0.5158,0.6205,0.1047
R5_XGBoost_all_multimodal,5,0.6442,0.0446,0.0693,0.5755,0.6998,0.1242
E2_LightGBM_ms,5,0.6506,0.0447,0.0688,0.5791,0.6902,0.1111
B7_UISEM_coh+ms,5,0.6486,0.0445,0.0686,0.5763,0.6923,0.116
B7_UISEM_coh_only,5,0.4882,0.0334,0.0683,0.4316,0.5135,0.0819
E2_LightGBM_coh,5,0.4905,0.0334,0.0681,0.4349,0.5246,0.0897
E6_B_nativeNaN_coh_only,5,0.4905,0.0334,0.0681,0.4349,0.5246,0.0897
CLF_F7_GBM,5,0.7613,0.0515,0.0677,0.6743,0.7967,0.1224
B6_AdaBoost_alone,5,0.6487,0.0439,0.0677,0.5984,0.718,0.1196
E7d_MLP_128_64,5,0.625,0.0421,0.0673,0.5679,0.6708,0.103
R5_LightGBM_all_multimodal,5,0.643,0.0426,0.0662,0.5764,0.6901,0.1136
NB08b_BDA_CARD_RF-200,5,0.6297,0.0416,0.0661,0.5578,0.662,0.1043
E2_LightGBM_card+coh,5,0.5243,0.0344,0.0657,0.489,0.5622,0.0732
NB08b_BDA_COH_DROP+RGB_XGBoost,5,0.7101,0.0466,0.0656,0.6696,0.7713,0.1017
NB08b_BDA_COH_DROP+RGB+CARD_LightGBM,5,0.675,0.0442,0.0654,0.6286,0.7293,0.1007
B7_UISEM_ms_only,5,0.6539,0.0426,0.0652,0.587,0.6938,0.1067
NB08b_BDA_RGB_ExtraTrees,5,0.7419,0.0483,0.0651,0.695,0.822,0.127
NB08b_BDA_RGB_LogReg,5,0.7421,0.0483,0.0651,0.695,0.8223,0.1273
NB08b_BDA_RGB_XGBoost,5,0.7418,0.0481,0.0649,0.694,0.8213,0.1273
NB08b_BDA_RGB_LightGBM,5,0.7396,0.0474,0.0641,0.6934,0.8185,0.1251
NB08b_BDA_RGB_AdaBoost,5,0.7406,0.0474,0.064,0.6925,0.8185,0.126
NB08b_BDA_RGB_UISEM_voting,5,0.7406,0.0473,0.0639,0.6936,0.8189,0.1252
D2_coh-only,5,0.4946,0.0315,0.0637,0.444,0.5219,0.0779
NB08b_BDA_RGB_RF-200,5,0.7395,0.0465,0.0629,0.6926,0.8161,0.1235
R3_ms_only_A9,5,0.6529,0.0405,0.0621,0.5876,0.6803,0.0927
NB08b_BDA_RGB_GBM,5,0.7398,0.0459,0.0621,0.6938,0.8158,0.122
R3b_card_coh,5,0.5605,0.0347,0.0619,0.5142,0.6006,0.0863
NB08b_BDA_COH_DROP+RGB+CARD_LogReg,5,0.717,0.0442,0.0616,0.6523,0.761,0.1087
R4b_tier0_all,4,0.6961,0.0426,0.0612,0.6546,0.7553,0.1007
E1_base_XGB,5,0.6205,0.0377,0.0608,0.5711,0.6771,0.106
B5_sub_XGB,5,0.6205,0.0377,0.0608,0.5711,0.6771,0.106
R5_GBM_all_multimodal,5,0.6345,0.0383,0.0603,0.5827,0.6761,0.0934
E1_base_GBM,5,0.6345,0.0383,0.0603,0.5827,0.6761,0.0934
NB08b_BDA_COH_DROP+RGB_LogReg,5,0.7286,0.044,0.0603,0.6629,0.7706,0.1077
B5_sub_GBM,5,0.646,0.0386,0.0597,0.5856,0.6887,0.1031
NB08b_BDA_COH_DROP+RGB+CARD_XGBoost,5,0.7022,0.041,0.0583,0.6446,0.7455,0.1009
D2_ms-only,5,0.6453,0.0374,0.058,0.5887,0.6789,0.0902
E7c_HistGBM_imputed,5,0.6512,0.0376,0.0578,0.5995,0.6978,0.0983
E7b_QDA,5,0.5863,0.0336,0.0573,0.5504,0.628,0.0776
E7_KNN_15,5,0.5872,0.0336,0.0572,0.5522,0.6229,0.0707
E5_HistGBM_native_NaN,5,0.6533,0.0373,0.057,0.6044,0.7018,0.0974
E6_B_nativeNaN_all_multimodal,5,0.6436,0.0366,0.0568,0.5894,0.6865,0.0971
E5_LightGBM_native_NaN,5,0.6436,0.0366,0.0568,0.5894,0.6865,0.0971
NB08b_BDA_COH_DROP+CARD_AdaBoost,5,0.6775,0.0383,0.0566,0.6319,0.7306,0.0986
D1c_post_composite,5,0.6303,0.0353,0.056,0.5806,0.6688,0.0883
NB08b_BDA_COH_DROP+RGB_GBM,5,0.7198,0.0401,0.0558,0.6803,0.7714,0.0912
B7_UISEM_card+ms,5,0.6589,0.0365,0.0554,0.6124,0.6998,0.0873
D1j_dynamic_groupkfold,5,0.5755,0.0319,0.0554,0.5217,0.6015,0.0799
B6_UISEM_no_AdaBoost,5,0.6579,0.0355,0.0539,0.6055,0.7004,0.095
B7_UISEM_all_multimodal,5,0.6579,0.0355,0.0539,0.6055,0.7004,0.095
D1c_pre_composite,5,0.6425,0.0344,0.0536,0.5913,0.6697,0.0784
B5_UISEM_all_features,5,0.6652,0.0349,0.0524,0.6138,0.6977,0.0839
E7_SVM_linear,5,0.5251,0.0272,0.0518,0.4971,0.5699,0.0728
E6_A_impute+obs_all_multimodal,5,0.6564,0.0333,0.0507,0.618,0.6979,0.08
R4b_tier1_all,5,0.6371,0.0321,0.0504,0.5993,0.6726,0.0733
D6_sar_only,5,0.5349,0.0269,0.0503,0.507,0.5654,0.0585
R3b_ms_only,5,0.6547,0.0326,0.0498,0.6049,0.681,0.0761
E1_soft_voting,5,0.6596,0.0324,0.0492,0.6181,0.7018,0.0837
R3_card_block_stats_A15,5,0.5496,0.0268,0.0488,0.5169,0.5862,0.0693
NB08b_BDA_RGB+CARD_AdaBoost,5,0.7318,0.0353,0.0482,0.6916,0.7813,0.0897
D1e_zonal_std,5,0.5097,0.0244,0.0479,0.4786,0.5349,0.0563
R3b_coh_ms,5,0.6577,0.0314,0.0477,0.6112,0.6857,0.0745
R0c_roll13_baseline+assessment,5,0.5348,0.0249,0.0465,0.5059,0.5622,0.0563
R4_tier1_ms,5,0.5909,0.0271,0.0458,0.5483,0.6183,0.0699
NB08b_BDA_COH_DROP+RGB+CARD_GBM,5,0.7201,0.0328,0.0456,0.69,0.7555,0.0655
R3b_all_multimodal,5,0.6649,0.0302,0.0454,0.627,0.7071,0.0802
NB08b_BDA_COH_DROP+RGB+CARD_AdaBoost,5,0.7364,0.0329,0.0447,0.69,0.7691,0.0791
D1_blk_post_block_all,5,0.5267,0.0235,0.0447,0.5091,0.5674,0.0583
D2_sar_+_ms,5,0.6536,0.029,0.0444,0.6289,0.686,0.0571
D4_a9_ms_only,5,0.6481,0.0284,0.0437,0.6072,0.6749,0.0677
D6_ms_only,5,0.6481,0.0284,0.0437,0.6072,0.6749,0.0677
D2_all_features,5,0.6485,0.0282,0.0435,0.6129,0.6772,0.0643
D4_f8_strategy_B_impute,5,0.6485,0.0282,0.0435,0.6129,0.6772,0.0643
E7_SVM_rbf,5,0.5069,0.0219,0.0431,0.4717,0.5244,0.0528
NB08b_BDA_COH_DROP+RGB_AdaBoost,5,0.7384,0.0317,0.043,0.6949,0.7695,0.0747
E7_KNN_5,5,0.5719,0.0244,0.0427,0.5439,0.604,0.06
D2_sar_+_ms_+_coh,5,0.648,0.0276,0.0425,0.6117,0.6775,0.0657
D1e_zonal_min,5,0.5243,0.0223,0.0425,0.4865,0.5429,0.0564
R0c_roll7_baseline+assessment,5,0.5377,0.0226,0.0421,0.5159,0.5675,0.0516
E2_LightGBM_all,5,0.6499,0.0269,0.0414,0.6223,0.6909,0.0686
E1_base_LGBM,5,0.6499,0.0269,0.0414,0.6223,0.6909,0.0686
R5_RF-200_all_multimodal,5,0.663,0.026,0.0392,0.636,0.6997,0.0637
R3_ms_plus_blocks_F8,5,0.663,0.026,0.0392,0.636,0.6997,0.0637
B5_sub_RF,5,0.663,0.026,0.0392,0.636,0.6997,0.0637
E1_base_RF,5,0.663,0.026,0.0392,0.636,0.6997,0.0637
R0c_roll3_baseline+assessment,5,0.5334,0.0208,0.039,0.5108,0.5612,0.0504
D1_blk_pre_baseline_all,5,0.5298,0.0204,0.0386,0.5072,0.5564,0.0491
R5_ExtraTrees_all_multimodal,5,0.6734,0.0256,0.038,0.6538,0.7157,0.0619
E7c_ExtraTrees,5,0.6734,0.0256,0.038,0.6538,0.7157,0.0619
E1_stacking_LogReg,5,0.6656,0.0251,0.0377,0.639,0.6971,0.0581
R3b_card_ms,5,0.6676,0.0251,0.0376,0.6471,0.7069,0.0598
R5_GBM_dietrich28,5,0.5187,0.0186,0.0359,0.5069,0.5515,0.0446
D1_blk_pre+post_all,5,0.5321,0.0188,0.0353,0.5193,0.5648,0.0455
R2_roll13,5,0.5344,0.0181,0.0339,0.5194,0.556,0.0365
R2_roll3,5,0.5331,0.0176,0.0329,0.5166,0.5574,0.0408
R3_coh_only_A14,5,0.5084,0.0167,0.0329,0.4829,0.5297,0.0469
D1_pre+post,5,0.5042,0.0157,0.0312,0.4774,0.5187,0.0414
R5_ExtraTrees_dietrich28,5,0.5275,0.0163,0.0309,0.5144,0.5552,0.0409
D1e_zonal_median,5,0.5264,0.0132,0.0251,0.5077,0.5407,0.033
R2_roll7,5,0.5318,0.013,0.0244,0.5182,0.547,0.0289
D1e_zonal_max,5,0.5322,0.0121,0.0227,0.512,0.5411,0.0291
R1_groupkfold,5,0.5226,0.0112,0.0213,0.5106,0.5401,0.0294
R5_RF-200_dietrich28,5,0.5226,0.0112,0.0213,0.5106,0.5401,0.0294
R0_dietrich28_faithful_groupkfold,5,0.5226,0.0112,0.0213,0.5106,0.5401,0.0294
R4b_tier0_card,4,0.52,0.011,0.0212,0.5096,0.5311,0.0215
R4_tier0_dietrich28,4,0.52,0.011,0.0212,0.5096,0.5311,0.0215
NB08b_BDA_CARD_UISEM_voting,5,0.6597,0.0139,0.0211,0.6379,0.6759,0.038
D1_blk_pre+post_mean,5,0.5033,0.0106,0.021,0.4891,0.5171,0.0279
R3_card_only_prepost_A13,5,0.5216,0.0105,0.0201,0.5101,0.5343,0.0242
R0b_prepost_single_card_groupkfold,5,0.5216,0.0105,0.0201,0.5101,0.5343,0.0242
D1d_delta_only,5,0.514,0.0101,0.0196,0.5041,0.5295,0.0254
D1_delta_only,5,0.514,0.0101,0.0196,0.5041,0.5295,0.0254
R5_XGBoost_dietrich28,5,0.5103,0.0092,0.018,0.4984,0.5203,0.0219
D1d_pre+post+delta,5,0.5184,0.0083,0.0161,0.5101,0.5303,0.0202
D1_pre+post+delta,5,0.5184,0.0083,0.0161,0.5101,0.5303,0.0202
D1e_zonal_mean,5,0.5221,0.0076,0.0145,0.5116,0.5311,0.0195
D1_post_only,5,0.5106,0.0072,0.0141,0.5007,0.5209,0.0201
D1d_post_only,5,0.5106,0.0072,0.0141,0.5007,0.5209,0.0201
D1_blk_pre_baseline_mean,5,0.5008,0.0068,0.0136,0.4921,0.5107,0.0185
D1_blk_post_block_mean,5,0.5008,0.0068,0.0136,0.4921,0.5107,0.0185
R1_random_cv,5,0.5569,0.007,0.0126,0.5448,0.5626,0.0179
D1i_allblocks_random,5,0.6321,0.0076,0.012,0.6211,0.639,0.0179
R5_LightGBM_dietrich28,5,0.5054,0.0054,0.0107,0.4991,0.5112,0.0121
D1_pre_only,5,0.5086,0.0035,0.0069,0.5036,0.5127,0.0091
D1d_pre_only,5,0.5086,0.0035,0.0069,0.5036,0.5127,0.0091
D1j_dynamic_random,5,0.6021,0.0034,0.0057,0.5982,0.6074,0.0092
D1f_roll3_assess,5,0.5,0.0,0.0,0.5,0.5,0.0
D1f_roll7_assess,5,0.5,0.0,0.0,0.5,0.5,0.0
R0c_roll3_assessment_only,5,0.5,0.0,0.0,0.5,0.5,0.0
R0c_roll7_assessment_only,5,0.5,0.0,0.0,0.5,0.5,0.0
