city,feature,jm_distance,bhattacharyya
Avdiivka,s2__qa__cloud_freq__crossbattle,1.0935812,0.79140097
Avdiivka,s2__visibility__clear__freq__crossbattle,0.024136662,0.012141736
Avdiivka,s2__visibility__cloud__freq__crossbattle,0.15770471,0.08213498
Avdiivka,s2__visibility__smoke__freq__crossbattle,0.13623774,0.07055
Avdiivka,s2__composite__b02__post_winter_baseline,0.1455605,0.075564735
Avdiivka,s2__composite__b03__post_winter_baseline,0.1389103,0.07198501
Avdiivka,s2__composite__b04__post_winter_baseline,0.12776542,0.06601446
Avdiivka,s2__composite__b05__post_winter_baseline,0.06555748,0.033327967
Avdiivka,s2__composite__b07__post_winter_baseline,0.06952584,0.035381503
Avdiivka,s2__composite__b08__post_winter_baseline,0.10315919,0.052957498
Avdiivka,s2__composite__b11__post_winter_baseline,0.07643139,0.038965024
Avdiivka,s2__composite__b12__post_winter_baseline,0.042889595,0.021678116
Avdiivka,s2__composite__b8a__post_winter_baseline,0.059834957,0.030374097
Avdiivka,s2__composite__cire__post_winter_baseline,0.113945365,0.058660045
Avdiivka,s2__composite__mndwi__post_winter_baseline,0.13442469,0.069577694
Avdiivka,s2__composite__ndbi__post_winter_baseline,0.10503209,0.053945266
Avdiivka,s2__composite__ndre__post_winter_baseline,0.1557604,0.08108007
Avdiivka,s2__composite__ndvi__post_winter_baseline,0.1607027,0.08376361
Avdiivka,s2__composite__ndwi__post_winter_baseline,0.19211423,0.10098903
Avdiivka,s2__obs_count__post_winter_baseline,0.000880599,0.00044043502
Avdiivka,s2__qa__cloud_freq__postbattle,0.00068843365,0.0003442836
Avdiivka,s2__visibility__clear__freq__postbattle,0.000346303,0.0001731924
Avdiivka,s2__visibility__cloud__freq__postbattle,0.00013303757,6.649637e-05
Avdiivka,s2__visibility__smoke__freq__postbattle,0.13623774,0.07055
Avdiivka,s2__qa__cloud_freq__prebattle,0.029034853,0.014623864
Avdiivka,s2__visibility__clear__freq__prebattle,0.03712797,0.0187385
Avdiivka,s2__visibility__cloud__freq__prebattle,0.029672384,0.014947341
Avdiivka,s2__composite__b02__prebattle_baseline,0.0625056,0.031751648
Avdiivka,s2__composite__b03__prebattle_baseline,0.03162825,0.015940502
Avdiivka,s2__composite__b04__prebattle_baseline,0.03661716,0.018478258
Avdiivka,s2__composite__b05__prebattle_baseline,0.14203238,0.07366398
Avdiivka,s2__composite__b07__prebattle_baseline,0.17090392,0.08932528
Avdiivka,s2__composite__b08__prebattle_baseline,0.14097178,0.073093325
Avdiivka,s2__composite__b11__prebattle_baseline,0.17262578,0.09026707
Avdiivka,s2__composite__b12__prebattle_baseline,0.13433623,0.06953026
Avdiivka,s2__composite__b8a__prebattle_baseline,0.19928241,0.10496192
Avdiivka,s2__composite__cire__prebattle_baseline,0.14444304,0.07496234
Avdiivka,s2__composite__mndwi__prebattle_baseline,0.15094948,0.07847494
Avdiivka,s2__composite__ndbi__prebattle_baseline,0.0026261806,0.0013139469
Avdiivka,s2__composite__ndre__prebattle_baseline,0.19719326,0.1038024
Avdiivka,s2__composite__ndvi__prebattle_baseline,0.17649245,0.09238522
Avdiivka,s2__composite__ndwi__prebattle_baseline,0.2137537,0.113030724
Avdiivka,s2__obs_count__prebattle_baseline,0.028607368,0.01440694
Avdiivka,s2__composite__b02__winter_baseline,0.0625056,0.031751648
Avdiivka,s2__composite__b03__winter_baseline,0.03162825,0.015940502
Avdiivka,s2__composite__b04__winter_baseline,0.03661716,0.018478258
Avdiivka,s2__composite__b05__winter_baseline,0.14203238,0.07366398
Avdiivka,s2__composite__b07__winter_baseline,0.17090392,0.08932528
Avdiivka,s2__composite__b08__winter_baseline,0.14097178,0.073093325
Avdiivka,s2__composite__b11__winter_baseline,0.17262578,0.09026707
Avdiivka,s2__composite__b12__winter_baseline,0.13433623,0.06953026
Avdiivka,s2__composite__b8a__winter_baseline,0.19928241,0.10496192
Avdiivka,s2__composite__cire__winter_baseline,0.14444304,0.07496234
Avdiivka,s2__composite__mndwi__winter_baseline,0.15094948,0.07847494
Avdiivka,s2__composite__ndbi__winter_baseline,0.0026261806,0.0013139469
Avdiivka,s2__composite__ndre__winter_baseline,0.19719326,0.1038024
Avdiivka,s2__composite__ndvi__winter_baseline,0.17649245,0.09238522
Avdiivka,s2__composite__ndwi__winter_baseline,0.2137537,0.113030724
Avdiivka,s2__obs_count__winter_baseline,0.028607368,0.01440694
Avdiivka,s2__composite__b02__delta,0.13293564,0.0687798
Avdiivka,s2__composite__b03__delta,0.13782406,0.071401596
Avdiivka,s2__composite__b04__delta,0.13651657,0.07069962
Avdiivka,s2__composite__b05__delta,0.08413434,0.04297755
Avdiivka,s2__composite__b07__delta,0.09870994,0.050614513
Avdiivka,s2__composite__b08__delta,0.15596259,0.08118981
Avdiivka,s2__composite__b11__delta,0.05240047,0.02654961
Avdiivka,s2__composite__b12__delta,0.0932039,0.047722753
Avdiivka,s2__composite__b8a__delta,0.099502325,0.05103145
Avdiivka,s2__composite__cire__delta,0.009652734,0.004838006
Avdiivka,s2__composite__mndwi__delta,0.026269078,0.013221569
Avdiivka,s2__composite__ndbi__delta,0.0739516,0.03767682
Avdiivka,s2__composite__ndre__delta,0.012945056,0.0064935135
Avdiivka,s2__composite__ndvi__delta,0.031104326,0.0156744
Avdiivka,s2__composite__ndwi__delta,0.031369567,0.015809068
Avdiivka,s2__obs_count__delta,0.01170516,0.0058697695
Avdiivka,s1__coh__running_min,0.0007388592,0.00036950072
Avdiivka,s1__coh__drop_count,0.32639503,0.17816721
Avdiivka,s1__coh__date_first_drop,0.031421542,0.015835524
Avdiivka,s1__coh__date_worst_drop,0.002156496,0.0010788277
Avdiivka,s1__coh__max_drop,0.047822595,0.024201838
Avdiivka,s1__coh__scenes_observed,1.1370438,0.84053856
Avdiivka,s1__coh__lu_transition,0.6576377,0.39871615
Bucha,s2__qa__cloud_freq__crossbattle,0.28383803,0.15305683
Bucha,s2__visibility__clear__freq__crossbattle,0.10771465,0.0553619
Bucha,s2__visibility__cloud__freq__crossbattle,0.07738721,0.03946213
Bucha,s2__visibility__fire__freq__crossbattle,0.12721038,0.06571802
Bucha,s2__composite__b02__post_winter_baseline,0.2694863,0.1447289
Bucha,s2__composite__b03__post_winter_baseline,0.27338493,0.14698426
Bucha,s2__composite__b04__post_winter_baseline,0.1975218,0.10398466
Bucha,s2__composite__b05__post_winter_baseline,0.10685325,0.05490675
Bucha,s2__composite__b07__post_winter_baseline,0.036750555,0.01854616
Bucha,s2__composite__b08__post_winter_baseline,0.044016242,0.02225393
Bucha,s2__composite__b11__post_winter_baseline,0.04023528,0.02032274
Bucha,s2__composite__b12__post_winter_baseline,0.05298412,0.026849251
Bucha,s2__composite__b8a__post_winter_baseline,0.017443419,0.008759926
Bucha,s2__composite__cire__post_winter_baseline,0.05221486,0.0264543
Bucha,s2__composite__mndwi__post_winter_baseline,0.07414472,0.037777074
Bucha,s2__composite__ndbi__post_winter_baseline,0.0007933378,0.00039673375
Bucha,s2__composite__ndre__post_winter_baseline,0.05767584,0.029261958
Bucha,s2__composite__ndvi__post_winter_baseline,0.07138574,0.036345396
Bucha,s2__composite__ndwi__post_winter_baseline,0.05583632,0.028315263
Bucha,s2__qa__cloud_freq__postbattle,0.0041811466,0.002092776
Bucha,s2__visibility__clear__freq__postbattle,0.0004556179,0.00022783056
Bucha,s2__visibility__cloud__freq__postbattle,0.0031212568,0.001561888
Bucha,s2__visibility__fire__freq__postbattle,0.09922266,0.05088425
Bucha,s2__visibility__smoke__freq__postbattle,0.0015972853,0.0007989807
Bucha,s2__qa__cloud_freq__prebattle,0.044183373,0.022339309
Bucha,s2__visibility__clear__freq__prebattle,0.015003204,0.007529895
Bucha,s2__visibility__cloud__freq__prebattle,0.004810691,0.0024082907
Bucha,s2__visibility__fire__freq__prebattle,0.050017357,0.025326673
Bucha,s2__visibility__smoke__freq__prebattle,0.19020402,0.09993306
Bucha,s2__composite__b02__prebattle_baseline,0.094364285,0.048331484
Bucha,s2__composite__b03__prebattle_baseline,0.08459914,0.04322023
Bucha,s2__composite__b04__prebattle_baseline,0.088689685,0.04535816
Bucha,s2__composite__b05__prebattle_baseline,0.04727888,0.023923356
Bucha,s2__composite__b07__prebattle_baseline,0.042172074,0.021311507
Bucha,s2__composite__b08__prebattle_baseline,0.06396234,0.03250376
Bucha,s2__composite__b11__prebattle_baseline,0.04019952,0.020304494
Bucha,s2__composite__b12__prebattle_baseline,0.031386018,0.015817443
Bucha,s2__composite__b8a__prebattle_baseline,0.032491088,0.016379012
Bucha,s2__composite__cire__prebattle_baseline,0.03308451,0.016680602
Bucha,s2__composite__mndwi__prebattle_baseline,0.040288568,0.02034994
Bucha,s2__composite__ndbi__prebattle_baseline,0.026632905,0.01340591
Bucha,s2__composite__ndre__prebattle_baseline,0.029743314,0.01498328
Bucha,s2__composite__ndvi__prebattle_baseline,0.06038952,0.030659974
Bucha,s2__composite__ndwi__prebattle_baseline,0.009446025,0.0047341725
Bucha,s2__obs_count__prebattle_baseline,0.39863932,0.22229351
Bucha,s2__composite__b02__winter_baseline,0.094364285,0.048331484
Bucha,s2__composite__b03__winter_baseline,0.08459914,0.04322023
Bucha,s2__composite__b04__winter_baseline,0.088689685,0.04535816
Bucha,s2__composite__b05__winter_baseline,0.04727888,0.023923356
Bucha,s2__composite__b07__winter_baseline,0.042172074,0.021311507
Bucha,s2__composite__b08__winter_baseline,0.06396234,0.03250376
Bucha,s2__composite__b11__winter_baseline,0.04019952,0.020304494
Bucha,s2__composite__b12__winter_baseline,0.031386018,0.015817443
Bucha,s2__composite__b8a__winter_baseline,0.032491088,0.016379012
Bucha,s2__composite__cire__winter_baseline,0.03308451,0.016680602
Bucha,s2__composite__mndwi__winter_baseline,0.040288568,0.02034994
Bucha,s2__composite__ndbi__winter_baseline,0.026632905,0.01340591
Bucha,s2__composite__ndre__winter_baseline,0.029743314,0.01498328
Bucha,s2__composite__ndvi__winter_baseline,0.06038952,0.030659974
Bucha,s2__composite__ndwi__winter_baseline,0.009446025,0.0047341725
Bucha,s2__obs_count__winter_baseline,0.39863932,0.22229351
Bucha,s2__composite__b02__delta,0.07903838,0.040321358
Bucha,s2__composite__b03__delta,0.074326515,0.037871376
Bucha,s2__composite__b04__delta,0.07787943,0.039718155
Bucha,s2__composite__b05__delta,0.055435896,0.028109344
Bucha,s2__composite__b07__delta,0.068416,0.0348068
Bucha,s2__composite__b08__delta,0.08350909,0.042651355
Bucha,s2__composite__b11__delta,0.01469934,0.0073768366
Bucha,s2__composite__b12__delta,0.01011157,0.0050685434
Bucha,s2__composite__b8a__delta,0.06065309,0.030795865
Bucha,s2__composite__cire__delta,0.026765823,0.013473274
Bucha,s2__composite__mndwi__delta,0.012622833,0.006331498
Bucha,s2__composite__ndbi__delta,0.031210661,0.015728375
Bucha,s2__composite__ndre__delta,0.024517417,0.012334492
Bucha,s2__composite__ndvi__delta,0.034501314,0.017401254
Bucha,s2__composite__ndwi__delta,0.03962183,0.020009797
Bucha,s2__obs_count__delta,0.39863944,0.2222936
Bucha,s1__coh__running_min,0.0011595488,0.00057997514
Bucha,s1__coh__date_first_drop,0.2200023,0.11653513
Bucha,s1__coh__date_worst_drop,0.47384548,0.27039593
Bucha,s1__coh__max_drop,0.70644355,0.43575186
Bucha,s1__coh__scenes_observed,0.011139989,0.005585501
Dmytrivka,s2__qa__cloud_freq__crossbattle,0.2346636,0.124805935
Dmytrivka,s2__visibility__clear__freq__crossbattle,0.06797254,0.034577288
Dmytrivka,s2__visibility__cloud__freq__crossbattle,0.3053559,0.16567443
Dmytrivka,s2__visibility__fire__freq__crossbattle,0.04260719,0.021533823
Dmytrivka,s2__qa__cloud_freq__postbattle,0.030924797,0.015583249
Dmytrivka,s2__visibility__clear__freq__postbattle,0.0028434992,0.0014227822
Dmytrivka,s2__visibility__cloud__freq__postbattle,0.0027896166,0.0013958081
Dmytrivka,s2__visibility__fire__freq__postbattle,0.00552845,0.0027680509
Dmytrivka,s2__visibility__smoke__freq__postbattle,0.0013139248,0.00065717474
Dmytrivka,s2__qa__cloud_freq__prebattle,0.25419724,0.13593274
Dmytrivka,s2__visibility__clear__freq__prebattle,0.0512774,0.025973037
Dmytrivka,s2__visibility__cloud__freq__prebattle,0.078416705,0.03999772
Dmytrivka,s2__visibility__fire__freq__prebattle,0.00552845,0.0027680509
Dmytrivka,s2__visibility__smoke__freq__prebattle,0.42118025,0.23646958
Dmytrivka,s2__composite__b02__prebattle_baseline,0.079413414,0.040516473
Dmytrivka,s2__composite__b03__prebattle_baseline,0.07672584,0.039118156
Dmytrivka,s2__composite__b04__prebattle_baseline,0.07441938,0.03791965
Dmytrivka,s2__composite__b05__prebattle_baseline,0.031396627,0.015822802
Dmytrivka,s2__composite__b07__prebattle_baseline,0.025304079,0.012732826
Dmytrivka,s2__composite__b08__prebattle_baseline,0.058130264,0.029495938
Dmytrivka,s2__composite__b11__prebattle_baseline,0.034091115,0.017192505
Dmytrivka,s2__composite__b12__prebattle_baseline,0.028030515,0.014114449
Dmytrivka,s2__composite__b8a__prebattle_baseline,0.020956755,0.01053365
Dmytrivka,s2__composite__cire__prebattle_baseline,0.0039223433,0.0019630678
Dmytrivka,s2__composite__mndwi__prebattle_baseline,0.03194928,0.016103633
Dmytrivka,s2__composite__ndbi__prebattle_baseline,0.022823095,0.011477186
Dmytrivka,s2__composite__ndre__prebattle_baseline,0.0070296526,0.0035210159
Dmytrivka,s2__composite__ndvi__prebattle_baseline,0.020143747,0.010122858
Dmytrivka,s2__composite__ndwi__prebattle_baseline,0.011913896,0.0059748213
Dmytrivka,s2__obs_count__prebattle_baseline,0.39569056,0.22045372
Dmytrivka,s2__composite__b02__winter_baseline,0.079413414,0.040516473
Dmytrivka,s2__composite__b03__winter_baseline,0.07672584,0.039118156
Dmytrivka,s2__composite__b04__winter_baseline,0.07441938,0.03791965
Dmytrivka,s2__composite__b05__winter_baseline,0.031396627,0.015822802
Dmytrivka,s2__composite__b07__winter_baseline,0.025304079,0.012732826
Dmytrivka,s2__composite__b08__winter_baseline,0.058130264,0.029495938
Dmytrivka,s2__composite__b11__winter_baseline,0.034091115,0.017192505
Dmytrivka,s2__composite__b12__winter_baseline,0.028030515,0.014114449
Dmytrivka,s2__composite__b8a__winter_baseline,0.020956755,0.01053365
Dmytrivka,s2__composite__cire__winter_baseline,0.0039223433,0.0019630678
Dmytrivka,s2__composite__mndwi__winter_baseline,0.03194928,0.016103633
Dmytrivka,s2__composite__ndbi__winter_baseline,0.022823095,0.011477186
Dmytrivka,s2__composite__ndre__winter_baseline,0.0070296526,0.0035210159
Dmytrivka,s2__composite__ndvi__winter_baseline,0.020143747,0.010122858
Dmytrivka,s2__composite__ndwi__winter_baseline,0.011913896,0.0059748213
Dmytrivka,s2__obs_count__winter_baseline,0.39569056,0.22045372
Dmytrivka,s1__coh__running_min,0.17106628,0.08941406
Dmytrivka,s1__coh__date_first_drop,0.004292965,0.0021487845
Dmytrivka,s1__coh__date_worst_drop,0.19550073,0.10286407
Dmytrivka,s1__coh__max_drop,0.052131295,0.026411362
Dmytrivka,s1__coh__scenes_observed,0.014094949,0.0070723854
Hostomel,s2__qa__cloud_freq__crossbattle,1.1585999,0.86583513
Hostomel,s2__visibility__clear__freq__crossbattle,0.020891547,0.010500767
Hostomel,s2__visibility__cloud__freq__crossbattle,0.05073738,0.025695968
Hostomel,s2__visibility__fire__freq__crossbattle,0.018695593,0.009391756
Hostomel,s2__composite__b02__post_winter_baseline,0.104086876,0.053446528
Hostomel,s2__composite__b03__post_winter_baseline,0.079566,0.040595934
Hostomel,s2__composite__b04__post_winter_baseline,0.073892236,0.037645843
Hostomel,s2__composite__b05__post_winter_baseline,0.050866723,0.025762428
Hostomel,s2__composite__b07__post_winter_baseline,0.006443858,0.003227112
Hostomel,s2__composite__b08__post_winter_baseline,0.005972624,0.0029907643
Hostomel,s2__composite__b11__post_winter_baseline,0.024635553,0.0123942755
Hostomel,s2__composite__b12__post_winter_baseline,0.036254525,0.018293593
Hostomel,s2__composite__b8a__post_winter_baseline,0.0028139353,0.0014080023
Hostomel,s2__composite__cire__post_winter_baseline,0.07310879,0.037239194
Hostomel,s2__composite__mndwi__post_winter_baseline,0.025058985,0.012608696
Hostomel,s2__composite__ndbi__post_winter_baseline,0.014334679,0.0071930448
Hostomel,s2__composite__ndre__post_winter_baseline,0.06911266,0.035167467
Hostomel,s2__composite__ndvi__post_winter_baseline,0.06198144,0.031481072
Hostomel,s2__composite__ndwi__post_winter_baseline,0.038022757,0.01919444
Hostomel,s2__qa__cloud_freq__postbattle,0.06321931,0.032120056
Hostomel,s2__visibility__clear__freq__postbattle,0.059470177,0.030186169
Hostomel,s2__visibility__cloud__freq__postbattle,0.04783714,0.024209226
Hostomel,s2__visibility__fire__freq__postbattle,0.038485765,0.019430436
Hostomel,s2__qa__cloud_freq__prebattle,0.026065469,0.013118414
Hostomel,s2__visibility__clear__freq__prebattle,0.12577653,0.06495283
Hostomel,s2__visibility__cloud__freq__prebattle,0.04179895,0.021120964
Hostomel,s2__visibility__fire__freq__prebattle,0.05073738,0.025695968
Hostomel,s2__visibility__smoke__freq__prebattle,0.18769038,0.098545134
Hostomel,s2__composite__b02__prebattle_baseline,0.08241284,0.042079445
Hostomel,s2__composite__b03__prebattle_baseline,0.07751763,0.039529964
Hostomel,s2__composite__b04__prebattle_baseline,0.065864205,0.033486556
Hostomel,s2__composite__b05__prebattle_baseline,0.033724546,0.017005999
Hostomel,s2__composite__b07__prebattle_baseline,0.009487629,0.0047550914
Hostomel,s2__composite__b08__prebattle_baseline,0.00686419,0.0034379489
Hostomel,s2__composite__b11__prebattle_baseline,0.021544814,0.010830827
Hostomel,s2__composite__b12__prebattle_baseline,0.03433931,0.017318746
Hostomel,s2__composite__b8a__prebattle_baseline,0.0056056976,0.0028068428
Hostomel,s2__composite__cire__prebattle_baseline,0.049660206,0.025143513
Hostomel,s2__composite__mndwi__prebattle_baseline,0.0351305,0.017721307
Hostomel,s2__composite__ndbi__prebattle_baseline,0.015886903,0.007975141
Hostomel,s2__composite__ndre__prebattle_baseline,0.041967392,0.021206968
Hostomel,s2__composite__ndvi__prebattle_baseline,0.051722527,0.02620158
Hostomel,s2__composite__ndwi__prebattle_baseline,0.04349494,0.021987496
Hostomel,s2__composite__b02__winter_baseline,0.08241284,0.042079445
Hostomel,s2__composite__b03__winter_baseline,0.07751763,0.039529964
Hostomel,s2__composite__b04__winter_baseline,0.065864205,0.033486556
Hostomel,s2__composite__b05__winter_baseline,0.033724546,0.017005999
Hostomel,s2__composite__b07__winter_baseline,0.009487629,0.0047550914
Hostomel,s2__composite__b08__winter_baseline,0.00686419,0.0034379489
Hostomel,s2__composite__b11__winter_baseline,0.021544814,0.010830827
Hostomel,s2__composite__b12__winter_baseline,0.03433931,0.017318746
Hostomel,s2__composite__b8a__winter_baseline,0.0056056976,0.0028068428
Hostomel,s2__composite__cire__winter_baseline,0.049660206,0.025143513
Hostomel,s2__composite__mndwi__winter_baseline,0.0351305,0.017721307
Hostomel,s2__composite__ndbi__winter_baseline,0.015886903,0.007975141
Hostomel,s2__composite__ndre__winter_baseline,0.041967392,0.021206968
Hostomel,s2__composite__ndvi__winter_baseline,0.051722527,0.02620158
Hostomel,s2__composite__ndwi__winter_baseline,0.04349494,0.021987496
Hostomel,s2__composite__b02__delta,0.007968903,0.003992436
Hostomel,s2__composite__b03__delta,0.006280184,0.0031449567
Hostomel,s2__composite__b04__delta,0.0058404207,0.002924441
Hostomel,s2__composite__b05__delta,0.0030299425,0.0015162152
Hostomel,s2__composite__b07__delta,0.0027124882,0.0013571691
Hostomel,s2__composite__b08__delta,0.00080931187,0.00040479226
Hostomel,s2__composite__b11__delta,0.0013473034,0.00067390915
Hostomel,s2__composite__b12__delta,0.004218936,0.0021116924
Hostomel,s2__composite__b8a__delta,0.00056040287,0.00028016954
Hostomel,s2__composite__cire__delta,0.004378557,0.002191659
Hostomel,s2__composite__mndwi__delta,0.022699118,0.011414451
Hostomel,s2__composite__ndbi__delta,0.0014159679,0.00070826884
Hostomel,s2__composite__ndre__delta,0.010631919,0.005330048
Hostomel,s2__composite__ndvi__delta,0.0006196499,0.00030981927
Hostomel,s2__composite__ndwi__delta,0.0065590143,0.0032849116
Hostomel,s1__coh__running_min,0.066455245,0.033792146
Hostomel,s1__coh__drop_count,0.00060999393,0.0003049936
Hostomel,s1__coh__date_first_drop,0.04755664,0.024065668
Hostomel,s1__coh__date_worst_drop,0.060478926,0.030706143
Hostomel,s1__coh__max_drop,0.03268516,0.016477566
Hostomel,s1__coh__scenes_observed,0.5469613,0.31949013
Hostomel,s1__coh__lu_transition,0.034217954,0.017256962
Irpin,s2__visibility__clear__freq__crossbattle,0.022801995,0.011466433
Irpin,s2__visibility__cloud__freq__crossbattle,0.09001219,0.04605032
Irpin,s2__visibility__fire__freq__crossbattle,0.014863491,0.0074595166
Irpin,s2__qa__cloud_freq__postbattle,0.03463471,0.017468996
Irpin,s2__visibility__clear__freq__postbattle,0.001416564,0.0007084843
Irpin,s2__visibility__cloud__freq__postbattle,0.0016356707,0.000818176
Irpin,s2__visibility__smoke__freq__postbattle,0.0012938976,0.0006471589
Irpin,s2__qa__cloud_freq__prebattle,0.068550706,0.034876496
Irpin,s2__visibility__clear__freq__prebattle,0.018092752,0.009087532
Irpin,s2__visibility__cloud__freq__prebattle,0.0048975945,0.002451855
Irpin,s2__visibility__fire__freq__prebattle,0.29012704,0.15672812
Irpin,s2__visibility__smoke__freq__prebattle,2.6106834e-05,1.3090956e-05
Irpin,s2__composite__b02__prebattle_baseline,0.0942297,0.04826089
Irpin,s2__composite__b03__prebattle_baseline,0.08850801,0.045263156
Irpin,s2__composite__b04__prebattle_baseline,0.0815258,0.04161702
Irpin,s2__composite__b05__prebattle_baseline,0.052387476,0.026542872
Irpin,s2__composite__b07__prebattle_baseline,0.044108152,0.022300906
Irpin,s2__composite__b08__prebattle_baseline,0.06518769,0.033136833
Irpin,s2__composite__b11__prebattle_baseline,0.018106937,0.0090946285
Irpin,s2__composite__b12__prebattle_baseline,0.01920712,0.009650036
Irpin,s2__composite__b8a__prebattle_baseline,0.036738276,0.018539973
Irpin,s2__composite__cire__prebattle_baseline,0.01388669,0.006967588
Irpin,s2__composite__mndwi__prebattle_baseline,0.03840673,0.019390149
Irpin,s2__composite__ndbi__prebattle_baseline,0.027869582,0.014032893
Irpin,s2__composite__ndre__prebattle_baseline,0.015672565,0.007867157
Irpin,s2__composite__ndvi__prebattle_baseline,0.022048593,0.011085538
Irpin,s2__composite__ndwi__prebattle_baseline,0.011244059,0.0056379223
Irpin,s2__composite__b02__winter_baseline,0.0942297,0.04826089
Irpin,s2__composite__b03__winter_baseline,0.08850801,0.045263156
Irpin,s2__composite__b04__winter_baseline,0.0815258,0.04161702
Irpin,s2__composite__b05__winter_baseline,0.052387476,0.026542872
Irpin,s2__composite__b07__winter_baseline,0.044108152,0.022300906
Irpin,s2__composite__b08__winter_baseline,0.06518769,0.033136833
Irpin,s2__composite__b11__winter_baseline,0.018106937,0.0090946285
Irpin,s2__composite__b12__winter_baseline,0.01920712,0.009650036
Irpin,s2__composite__b8a__winter_baseline,0.036738276,0.018539973
Irpin,s2__composite__cire__winter_baseline,0.01388669,0.006967588
Irpin,s2__composite__mndwi__winter_baseline,0.03840673,0.019390149
Irpin,s2__composite__ndbi__winter_baseline,0.027869582,0.014032893
Irpin,s2__composite__ndre__winter_baseline,0.015672565,0.007867157
Irpin,s2__composite__ndvi__winter_baseline,0.022048593,0.011085538
Irpin,s2__composite__ndwi__winter_baseline,0.011244059,0.0056379223
Irpin,s1__coh__running_min,0.02649033,0.013333671
Irpin,s1__coh__drop_count,0.010150075,0.005088034
Irpin,s1__coh__date_first_drop,0.033291936,0.016786076
Irpin,s1__coh__date_worst_drop,3.361702e-05,1.6748345e-05
Irpin,s1__coh__max_drop,0.001871109,0.00093604694
Irpin,s1__coh__scenes_observed,0.76828766,0.48474184
Irpin,s1__coh__lu_transition,0.030396938,0.015315149
Lysychansk,s2__qa__cloud_freq__crossbattle,0.077807546,0.0396808
Lysychansk,s2__visibility__clear__freq__crossbattle,0.082665086,0.042210985
Lysychansk,s2__visibility__cloud__freq__crossbattle,0.07950044,0.040561818
Lysychansk,s2__visibility__fire__freq__crossbattle,0.054543734,0.027650634
Lysychansk,s2__composite__b02__post_winter_baseline,0.12233162,0.0631164
Lysychansk,s2__composite__b03__post_winter_baseline,0.10743749,0.055215437
Lysychansk,s2__composite__b04__post_winter_baseline,0.09872353,0.050621733
Lysychansk,s2__composite__b05__post_winter_baseline,0.06659591,0.033864982
Lysychansk,s2__composite__b07__post_winter_baseline,0.030194163,0.0152121615
Lysychansk,s2__composite__b08__post_winter_baseline,0.031419873,0.015834631
Lysychansk,s2__composite__b11__post_winter_baseline,0.044053793,0.02227305
Lysychansk,s2__composite__b12__post_winter_baseline,0.049935937,0.025284983
Lysychansk,s2__composite__b8a__post_winter_baseline,0.0345248,0.017413069
Lysychansk,s2__composite__cire__post_winter_baseline,0.083921075,0.042866316
Lysychansk,s2__composite__mndwi__post_winter_baseline,0.096030354,0.049206197
Lysychansk,s2__composite__ndbi__post_winter_baseline,0.0223248,0.011225133
Lysychansk,s2__composite__ndre__post_winter_baseline,0.08921814,0.0456347
Lysychansk,s2__composite__ndvi__post_winter_baseline,0.122712016,0.063319035
Lysychansk,s2__composite__ndwi__post_winter_baseline,0.11854684,0.06110274
Lysychansk,s2__obs_count__post_winter_baseline,0.001042366,0.0005213526
Lysychansk,s2__qa__cloud_freq__postbattle,0.00063097477,0.0003154554
Lysychansk,s2__visibility__clear__freq__postbattle,0.0023015738,0.0011514494
Lysychansk,s2__visibility__cloud__freq__postbattle,0.0005569458,0.00027847078
Lysychansk,s2__visibility__fire__freq__postbattle,0.003214717,0.00160868
Lysychansk,s2__qa__cloud_freq__prebattle,0.00017929077,8.966802e-05
Lysychansk,s2__visibility__clear__freq__prebattle,0.00019586086,9.799612e-05
Lysychansk,s2__visibility__cloud__freq__prebattle,0.0002001524,0.00010013132
Lysychansk,s2__visibility__fire__freq__prebattle,0.001481533,0.00074102805
Lysychansk,s2__visibility__smoke__freq__prebattle,0.0051954985,0.0026011425
Lysychansk,s2__composite__b02__prebattle_baseline,0.054931045,0.027849816
Lysychansk,s2__composite__b03__prebattle_baseline,0.048307776,0.02445035
Lysychansk,s2__composite__b04__prebattle_baseline,0.04893577,0.024772178
Lysychansk,s2__composite__b05__prebattle_baseline,0.03115344,0.015699368
Lysychansk,s2__composite__b07__prebattle_baseline,0.034455895,0.017378058
Lysychansk,s2__composite__b08__prebattle_baseline,0.038107514,0.019237576
Lysychansk,s2__composite__b11__prebattle_baseline,0.06385648,0.03244903
Lysychansk,s2__composite__b12__prebattle_baseline,0.032406688,0.01633607
Lysychansk,s2__composite__b8a__prebattle_baseline,0.045921206,0.023228263
Lysychansk,s2__composite__cire__prebattle_baseline,0.08559811,0.043741938
Lysychansk,s2__composite__mndwi__prebattle_baseline,0.07783079,0.03969285
Lysychansk,s2__composite__ndbi__prebattle_baseline,0.02072978,0.010418972
Lysychansk,s2__composite__ndre__prebattle_baseline,0.07264531,0.036998805
Lysychansk,s2__composite__ndvi__prebattle_baseline,0.13625193,0.07055766
Lysychansk,s2__composite__ndwi__prebattle_baseline,0.11695647,0.060257778
Lysychansk,s2__obs_count__prebattle_baseline,0.00028169155,0.00014082945
Lysychansk,s2__composite__b02__winter_baseline,0.03796184,0.019163314
Lysychansk,s2__composite__b03__winter_baseline,0.03873849,0.019559355
Lysychansk,s2__composite__b04__winter_baseline,0.03364885,0.016967531
Lysychansk,s2__composite__b05__winter_baseline,0.01621151,0.008138763
Lysychansk,s2__composite__b07__winter_baseline,0.0308913,0.015566191
Lysychansk,s2__composite__b08__winter_baseline,0.0362494,0.01829093
Lysychansk,s2__composite__b11__winter_baseline,0.026002765,0.01308668
Lysychansk,s2__composite__b12__winter_baseline,0.02438283,0.012266424
Lysychansk,s2__composite__b8a__winter_baseline,0.04341185,0.02194502
Lysychansk,s2__composite__cire__winter_baseline,0.044552922,0.022528324
Lysychansk,s2__composite__mndwi__winter_baseline,0.045977235,0.023256958
Lysychansk,s2__composite__ndbi__winter_baseline,0.0061011314,0.0030552174
Lysychansk,s2__composite__ndre__winter_baseline,0.048951745,0.024780417
Lysychansk,s2__composite__ndvi__winter_baseline,0.10178864,0.052235104
Lysychansk,s2__composite__ndwi__winter_baseline,0.09672248,0.0495698
Lysychansk,s2__obs_count__winter_baseline,0.0030174255,0.001509788
Lysychansk,s2__composite__b02__delta,0.012180686,0.006108964
Lysychansk,s2__composite__b03__delta,0.011276603,0.0056542736
Lysychansk,s2__composite__b04__delta,0.008384705,0.004201107
Lysychansk,s2__composite__b05__delta,0.025647521,0.012906711
Lysychansk,s2__composite__b07__delta,0.035706043,0.018014286
Lysychansk,s2__composite__b08__delta,0.020687938,0.010397836
Lysychansk,s2__composite__b11__delta,0.022693157,0.011411405
Lysychansk,s2__composite__b12__delta,0.01764059,0.008859385
Lysychansk,s2__composite__b8a__delta,0.030705333,0.015471768
Lysychansk,s2__composite__cire__delta,0.02917099,0.014692917
Lysychansk,s2__composite__mndwi__delta,0.0067272186,0.003369208
Lysychansk,s2__composite__ndbi__delta,0.0014903545,0.00074552576
Lysychansk,s2__composite__ndre__delta,0.015905619,0.0079845525
Lysychansk,s2__composite__ndvi__delta,0.017266273,0.008670639
Lysychansk,s2__composite__ndwi__delta,0.010071516,0.0050485176
Lysychansk,s2__obs_count__delta,0.00024068356,0.00012029015
Lysychansk,s1__coh__running_min,0.0647316,0.032901157
Lysychansk,s1__coh__date_first_drop,0.32828104,0.17929466
Lysychansk,s1__coh__date_worst_drop,0.08485472,0.043353703
Lysychansk,s1__coh__max_drop,0.041101813,0.020765008
Lysychansk,s1__coh__scenes_observed,0.08832395,0.04516685
Lysychansk,s1__coh__lu_transition,0.21879447,0.115856685
Mariupol,s2__qa__cloud_freq__crossbattle,0.00014781952,7.391746e-05
Mariupol,s2__visibility__clear__freq__crossbattle,0.017594218,0.00883606
Mariupol,s2__visibility__cloud__freq__crossbattle,0.012225151,0.006131326
Mariupol,s2__visibility__fire__freq__crossbattle,0.00033557415,0.00016782973
Mariupol,s2__composite__b02__post_winter_baseline,0.12231493,0.063107505
Mariupol,s2__composite__b03__post_winter_baseline,0.09019649,0.04614678
Mariupol,s2__composite__b04__post_winter_baseline,0.089955926,0.046020802
Mariupol,s2__composite__b05__post_winter_baseline,0.06034279,0.030635927
Mariupol,s2__composite__b07__post_winter_baseline,0.07316303,0.0372674
Mariupol,s2__composite__b08__post_winter_baseline,0.05828464,0.029575404
Mariupol,s2__composite__b11__post_winter_baseline,0.049313903,0.024966024
Mariupol,s2__composite__b12__post_winter_baseline,0.0240587,0.012102272
Mariupol,s2__composite__b8a__post_winter_baseline,0.0843637,0.043097302
Mariupol,s2__composite__cire__post_winter_baseline,0.12451458,0.06427964
Mariupol,s2__composite__mndwi__post_winter_baseline,0.14799559,0.07687865
Mariupol,s2__composite__ndbi__post_winter_baseline,0.021935701,0.011028483
Mariupol,s2__composite__ndre__post_winter_baseline,0.13444686,0.06958951
Mariupol,s2__composite__ndvi__post_winter_baseline,0.17608953,0.09216441
Mariupol,s2__composite__ndwi__post_winter_baseline,0.18069565,0.09469292
Mariupol,s2__obs_count__post_winter_baseline,0.020635247,0.010371215
Mariupol,s2__qa__cloud_freq__postbattle,0.17783988,0.09312451
Mariupol,s2__visibility__clear__freq__postbattle,0.15401173,0.08013237
Mariupol,s2__visibility__cloud__freq__postbattle,0.19714248,0.10377433
Mariupol,s2__visibility__fire__freq__postbattle,0.011291146,0.0056615714
Mariupol,s2__visibility__smoke__freq__postbattle,0.4597062,0.26117396
Mariupol,s2__qa__cloud_freq__prebattle,0.061892867,0.03143543
Mariupol,s2__visibility__clear__freq__prebattle,0.043281436,0.021878349
Mariupol,s2__visibility__cloud__freq__prebattle,0.04785967,0.024220794
Mariupol,s2__visibility__fire__freq__prebattle,0.009878278,0.00495139
Mariupol,s2__visibility__smoke__freq__prebattle,0.3944614,0.21968794
Mariupol,s2__composite__b02__prebattle_baseline,0.079686284,0.040658653
Mariupol,s2__composite__b03__prebattle_baseline,0.07076299,0.036022592
Mariupol,s2__composite__b04__prebattle_baseline,0.07733071,0.03943272
Mariupol,s2__composite__b05__prebattle_baseline,0.025861263,0.01301491
Mariupol,s2__composite__b07__prebattle_baseline,0.017126441,0.008600129
Mariupol,s2__composite__b08__prebattle_baseline,0.017126799,0.008600201
Mariupol,s2__composite__b11__prebattle_baseline,0.042387605,0.021421608
Mariupol,s2__composite__b12__prebattle_baseline,0.0073543787,0.0036839587
Mariupol,s2__composite__b8a__prebattle_baseline,0.032318234,0.016291097
Mariupol,s2__composite__cire__prebattle_baseline,0.09711933,0.04977826
Mariupol,s2__composite__mndwi__prebattle_baseline,0.16742611,0.08742565
Mariupol,s2__composite__ndbi__prebattle_baseline,0.009269953,0.004645791
Mariupol,s2__composite__ndre__prebattle_baseline,0.11460543,0.059010033
Mariupol,s2__composite__ndvi__prebattle_baseline,0.13972938,0.07242521
Mariupol,s2__composite__ndwi__prebattle_baseline,0.13574362,0.07028493
Mariupol,s2__obs_count__prebattle_baseline,0.06125307,0.031105371
Mariupol,s2__composite__b02__winter_baseline,0.07969594,0.040663622
Mariupol,s2__composite__b03__winter_baseline,0.070773005,0.03602772
Mariupol,s2__composite__b04__winter_baseline,0.07732999,0.039432336
Mariupol,s2__composite__b05__winter_baseline,0.025863409,0.013016098
Mariupol,s2__composite__b07__winter_baseline,0.017124653,0.008599217
Mariupol,s2__composite__b08__winter_baseline,0.017125964,0.008599797
Mariupol,s2__composite__b11__winter_baseline,0.04238403,0.021419825
Mariupol,s2__composite__b12__winter_baseline,0.0073542595,0.0036839033
Mariupol,s2__composite__b8a__winter_baseline,0.032315254,0.016289663
Mariupol,s2__composite__cire__winter_baseline,0.09710908,0.04977294
Mariupol,s2__composite__mndwi__winter_baseline,0.16742551,0.087425396
Mariupol,s2__composite__ndbi__winter_baseline,0.0092715025,0.004646499
Mariupol,s2__composite__ndre__winter_baseline,0.114596725,0.05900538
Mariupol,s2__composite__ndvi__winter_baseline,0.13971901,0.07241953
Mariupol,s2__composite__ndwi__winter_baseline,0.13573956,0.07028271
Mariupol,s2__obs_count__winter_baseline,0.06125307,0.031105371
Mariupol,s2__composite__b02__delta,0.017249465,0.0086621735
Mariupol,s2__composite__b03__delta,0.015318632,0.0076888246
Mariupol,s2__composite__b04__delta,0.017086506,0.00857994
Mariupol,s2__composite__b05__delta,0.007037163,0.0035247158
Mariupol,s2__composite__b07__delta,0.005679846,0.0028438922
Mariupol,s2__composite__b08__delta,0.0091484785,0.0045847367
Mariupol,s2__composite__b11__delta,0.018572211,0.009329437
Mariupol,s2__composite__b12__delta,0.0069032907,0.0034576217
Mariupol,s2__composite__b8a__delta,0.0076059103,0.003810219
Mariupol,s2__composite__cire__delta,0.03784454,0.019103581
Mariupol,s2__composite__mndwi__delta,0.026135564,0.013153993
Mariupol,s2__composite__ndbi__delta,0.03598225,0.018154925
Mariupol,s2__composite__ndre__delta,0.016483665,0.008275956
Mariupol,s2__composite__ndvi__delta,0.016402721,0.008235127
Mariupol,s2__composite__ndwi__delta,0.0154697895,0.007764926
Mariupol,s2__obs_count__delta,0.063752174,0.032395236
Mariupol,s1__coh__running_min,0.0053932667,0.002700364
Mariupol,s1__coh__drop_count,0.008711934,0.0043654763
Mariupol,s1__coh__date_first_drop,0.00012362003,6.183217e-05
Mariupol,s1__coh__date_worst_drop,0.0025590658,0.0012803021
Mariupol,s1__coh__max_drop,0.0030281544,0.001515257
Mariupol,s1__coh__scenes_observed,0.07851899,0.040050924
Mariupol,s1__coh__lu_transition,0.028874278,0.014542393
Moschun,s2__qa__cloud_freq__crossbattle,0.045722127,0.023126379
Moschun,s2__composite__b02__post_winter_baseline,0.050136447,0.025387753
Moschun,s2__composite__b03__post_winter_baseline,0.017957687,0.009019461
Moschun,s2__composite__b04__post_winter_baseline,0.016859412,0.008465494
Moschun,s2__composite__b05__post_winter_baseline,0.03754711,0.018951997
Moschun,s2__composite__b07__post_winter_baseline,0.01862669,0.009356978
Moschun,s2__composite__b08__post_winter_baseline,0.017445683,0.008761167
Moschun,s2__composite__b11__post_winter_baseline,0.034777045,0.017541455
Moschun,s2__composite__b12__post_winter_baseline,0.21426487,0.11331703
Moschun,s2__composite__b8a__post_winter_baseline,0.013540864,0.0067935493
Moschun,s2__composite__cire__post_winter_baseline,0.023417115,0.011777629
Moschun,s2__composite__mndwi__post_winter_baseline,0.010337234,0.005181941
Moschun,s2__composite__ndbi__post_winter_baseline,0.02476418,0.0124594085
Moschun,s2__composite__ndre__post_winter_baseline,0.017923236,0.009002023
Moschun,s2__composite__ndvi__post_winter_baseline,0.008263707,0.0041404217
Moschun,s2__composite__ndwi__post_winter_baseline,0.0035754442,0.001789278
Moschun,s2__qa__cloud_freq__postbattle,0.09403622,0.0481594
Moschun,s2__visibility__clear__freq__postbattle,0.00051391125,0.00025699733
Moschun,s2__visibility__cloud__freq__postbattle,0.031297088,0.015772343
Moschun,s2__visibility__clear__freq__prebattle,0.05731809,0.029077727
Moschun,s2__visibility__cloud__freq__prebattle,0.00054347515,0.0002717451
Moschun,s2__visibility__smoke__freq__prebattle,0.010447383,0.005237455
Moschun,s2__composite__b02__prebattle_baseline,0.023724437,0.0119332215
Moschun,s2__composite__b03__prebattle_baseline,0.0053272247,0.0026671572
Moschun,s2__composite__b04__prebattle_baseline,0.008993149,0.004506745
Moschun,s2__composite__b05__prebattle_baseline,0.17983866,0.094222106
Moschun,s2__composite__b07__prebattle_baseline,0.12177205,0.06281836
Moschun,s2__composite__b08__prebattle_baseline,0.0056877136,0.0028478971
Moschun,s2__composite__b11__prebattle_baseline,0.0104807615,0.005254172
Moschun,s2__composite__b12__prebattle_baseline,0.009097815,0.0045592873
Moschun,s2__composite__b8a__prebattle_baseline,0.05714619,0.028989308
Moschun,s2__composite__cire__prebattle_baseline,0.0052933693,0.0026501184
Moschun,s2__composite__mndwi__prebattle_baseline,0.0013999939,0.000700213
Moschun,s2__composite__ndbi__prebattle_baseline,0.029767036,0.01499537
Moschun,s2__composite__ndre__prebattle_baseline,0.00024616718,0.0001230795
Moschun,s2__composite__ndvi__prebattle_baseline,0.011636138,0.005835111
Moschun,s2__composite__ndwi__prebattle_baseline,0.0072772503,0.003645258
Moschun,s2__composite__b02__winter_baseline,0.023724437,0.0119332215
Moschun,s2__composite__b03__winter_baseline,0.0053272247,0.0026671572
Moschun,s2__composite__b04__winter_baseline,0.008993149,0.004506745
Moschun,s2__composite__b05__winter_baseline,0.17983866,0.094222106
Moschun,s2__composite__b07__winter_baseline,0.12177205,0.06281836
Moschun,s2__composite__b08__winter_baseline,0.0056877136,0.0028478971
Moschun,s2__composite__b11__winter_baseline,0.0104807615,0.005254172
Moschun,s2__composite__b12__winter_baseline,0.009097815,0.0045592873
Moschun,s2__composite__b8a__winter_baseline,0.05714619,0.028989308
Moschun,s2__composite__cire__winter_baseline,0.0052933693,0.0026501184
Moschun,s2__composite__mndwi__winter_baseline,0.0013999939,0.000700213
Moschun,s2__composite__ndbi__winter_baseline,0.029767036,0.01499537
Moschun,s2__composite__ndre__winter_baseline,0.00024616718,0.0001230795
Moschun,s2__composite__ndvi__winter_baseline,0.011636138,0.005835111
Moschun,s2__composite__ndwi__winter_baseline,0.0072772503,0.003645258
Moschun,s2__composite__b02__delta,0.0043969154,0.0022008438
Moschun,s2__composite__b03__delta,0.00066399574,0.0003320367
Moschun,s2__composite__b04__delta,0.002425313,0.0012133652
Moschun,s2__composite__b05__delta,0.11024642,0.056700703
Moschun,s2__composite__b07__delta,0.15737355,0.08195519
Moschun,s2__composite__b08__delta,0.017791271,0.0089353835
Moschun,s2__composite__b11__delta,0.14000618,0.07257402
Moschun,s2__composite__b12__delta,0.39574325,0.2204866
Moschun,s2__composite__b8a__delta,0.11158204,0.057407748
Moschun,s2__composite__cire__delta,0.00021374226,0.00010685196
Moschun,s2__composite__mndwi__delta,0.012892485,0.0064670444
Moschun,s2__composite__ndbi__delta,0.016789198,0.008429981
Moschun,s2__composite__ndre__delta,0.0039001703,0.00195208
Moschun,s2__composite__ndvi__delta,0.014789104,0.0074220034
Moschun,s2__composite__ndwi__delta,0.0097852945,0.0049046525
Moschun,s1__coh__running_min,0.07369435,0.037543144
Moschun,s1__coh__drop_count,0.23503542,0.12501657
Moschun,s1__coh__date_first_drop,0.3816086,0.21171445
Moschun,s1__coh__date_worst_drop,0.16982722,0.088736825
Moschun,s1__coh__max_drop,0.1302805,0.06735874
Moschun,s1__coh__lu_transition,0.29823196,0.16147943
Okhtyrka,s2__composite__b02__post_winter_baseline,0.08080971,0.041243784
Okhtyrka,s2__composite__b03__post_winter_baseline,0.07174957,0.03653408
Okhtyrka,s2__composite__b04__post_winter_baseline,0.06868231,0.034944702
Okhtyrka,s2__composite__b05__post_winter_baseline,0.02665174,0.013415388
Okhtyrka,s2__composite__b07__post_winter_baseline,0.0068696737,0.0034407382
Okhtyrka,s2__composite__b08__post_winter_baseline,0.023237228,0.01168662
Okhtyrka,s2__composite__b11__post_winter_baseline,0.00029993057,0.00014994352
Okhtyrka,s2__composite__b12__post_winter_baseline,0.0059155226,0.0029620763
Okhtyrka,s2__composite__b8a__post_winter_baseline,0.011859775,0.005947544
Okhtyrka,s2__composite__cire__post_winter_baseline,0.064077616,0.032563202
Okhtyrka,s2__composite__mndwi__post_winter_baseline,0.0364393,0.018387718
Okhtyrka,s2__composite__ndbi__post_winter_baseline,0.043186307,0.021829687
Okhtyrka,s2__composite__ndre__post_winter_baseline,0.06403756,0.03254259
Okhtyrka,s2__composite__ndvi__post_winter_baseline,0.041629195,0.021034362
Okhtyrka,s2__composite__ndwi__post_winter_baseline,0.038141727,0.019255053
Okhtyrka,s2__visibility__clear__freq__postbattle,0.43247914,0.24365193
Okhtyrka,s2__visibility__fire__freq__postbattle,0.53593695,0.3119316
Okhtyrka,s2__visibility__clear__freq__prebattle,0.7640517,0.48130867
Okhtyrka,s2__visibility__fire__freq__prebattle,1.0985622,0.7969115
Okhtyrka,s2__composite__b02__prebattle_baseline,0.02260542,0.011367075
Okhtyrka,s2__composite__b03__prebattle_baseline,0.023864865,0.012004191
Okhtyrka,s2__composite__b04__prebattle_baseline,0.040126562,0.020267311
Okhtyrka,s2__composite__b05__prebattle_baseline,0.059987545,0.030452792
Okhtyrka,s2__composite__b07__prebattle_baseline,0.06645799,0.033793584
Okhtyrka,s2__composite__b08__prebattle_baseline,0.05216813,0.026430245
Okhtyrka,s2__composite__b11__prebattle_baseline,0.0024489164,0.001225184
Okhtyrka,s2__composite__b12__prebattle_baseline,0.013702512,0.006874834
Okhtyrka,s2__composite__b8a__prebattle_baseline,0.0674144,0.034288477
Okhtyrka,s2__composite__cire__prebattle_baseline,0.07916677,0.040388122
Okhtyrka,s2__composite__mndwi__prebattle_baseline,0.015398264,0.0077288607
Okhtyrka,s2__composite__ndbi__prebattle_baseline,0.047729492,0.024154043
Okhtyrka,s2__composite__ndre__prebattle_baseline,0.08505738,0.04345953
Okhtyrka,s2__composite__ndvi__prebattle_baseline,0.06970978,0.035476808
Okhtyrka,s2__composite__ndwi__prebattle_baseline,0.051918745,0.026302295
Okhtyrka,s2__composite__b02__winter_baseline,0.02260542,0.011367075
Okhtyrka,s2__composite__b03__winter_baseline,0.023864865,0.012004191
Okhtyrka,s2__composite__b04__winter_baseline,0.040126562,0.020267311
Okhtyrka,s2__composite__b05__winter_baseline,0.059987545,0.030452792
Okhtyrka,s2__composite__b07__winter_baseline,0.06645799,0.033793584
Okhtyrka,s2__composite__b08__winter_baseline,0.05216813,0.026430245
Okhtyrka,s2__composite__b11__winter_baseline,0.0024489164,0.001225184
Okhtyrka,s2__composite__b12__winter_baseline,0.013702512,0.006874834
Okhtyrka,s2__composite__b8a__winter_baseline,0.0674144,0.034288477
Okhtyrka,s2__composite__cire__winter_baseline,0.07916677,0.040388122
Okhtyrka,s2__composite__mndwi__winter_baseline,0.015398264,0.0077288607
Okhtyrka,s2__composite__ndbi__winter_baseline,0.047729492,0.024154043
Okhtyrka,s2__composite__ndre__winter_baseline,0.08505738,0.04345953
Okhtyrka,s2__composite__ndvi__winter_baseline,0.06970978,0.035476808
Okhtyrka,s2__composite__ndwi__winter_baseline,0.051918745,0.026302295
Okhtyrka,s2__composite__b02__delta,0.1260513,0.065099366
Okhtyrka,s2__composite__b03__delta,0.02993846,0.015082417
Okhtyrka,s2__composite__b04__delta,0.00767684,0.0038457853
Okhtyrka,s2__composite__b05__delta,0.007768631,0.0038918566
Okhtyrka,s2__composite__b07__delta,0.020418167,0.01026157
Okhtyrka,s2__composite__b08__delta,0.035880327,0.01810302
Okhtyrka,s2__composite__b11__delta,0.0035185814,0.0017608317
Okhtyrka,s2__composite__b12__delta,0.0058202744,0.0029143388
Okhtyrka,s2__composite__b8a__delta,0.030819058,0.015529481
Okhtyrka,s2__composite__cire__delta,0.022992015,0.011562601
Okhtyrka,s2__composite__mndwi__delta,0.0025917292,0.0012967712
Okhtyrka,s2__composite__ndbi__delta,0.03399086,0.017141506
Okhtyrka,s2__composite__ndre__delta,0.055330157,0.028055001
Okhtyrka,s2__composite__ndvi__delta,0.051479816,0.026076926
Okhtyrka,s2__composite__ndwi__delta,0.050569415,0.025609821
Okhtyrka,s1__coh__running_min,0.32086647,0.1748693
Okhtyrka,s1__coh__date_worst_drop,0.7712518,0.48715124
Okhtyrka,s1__coh__max_drop,0.19769657,0.10408159
Okhtyrka,s1__coh__lu_transition,0.32325315,0.17629166
Sievierodonetsk,s2__composite__b02__post_winter_baseline,0.14407301,0.07476288
Sievierodonetsk,s2__composite__b03__post_winter_baseline,0.12558448,0.06485032
Sievierodonetsk,s2__composite__b04__post_winter_baseline,0.10600042,0.05445639
Sievierodonetsk,s2__composite__b05__post_winter_baseline,0.07222915,0.036782824
Sievierodonetsk,s2__composite__b07__post_winter_baseline,0.028817058,0.014513357
Sievierodonetsk,s2__composite__b08__post_winter_baseline,0.024151921,0.012149467
Sievierodonetsk,s2__composite__b11__post_winter_baseline,0.028144956,0.014172511
Sievierodonetsk,s2__composite__b12__post_winter_baseline,0.033711314,0.01699933
Sievierodonetsk,s2__composite__b8a__post_winter_baseline,0.034278512,0.017287787
Sievierodonetsk,s2__composite__cire__post_winter_baseline,0.15897727,0.08282591
Sievierodonetsk,s2__composite__mndwi__post_winter_baseline,0.13823354,0.07162142
Sievierodonetsk,s2__composite__ndbi__post_winter_baseline,0.020607114,0.010356951
Sievierodonetsk,s2__composite__ndre__post_winter_baseline,0.14090896,0.07305946
Sievierodonetsk,s2__composite__ndvi__post_winter_baseline,0.21942031,0.11620818
Sievierodonetsk,s2__composite__ndwi__post_winter_baseline,0.18519568,0.09716947
Sievierodonetsk,s2__obs_count__post_winter_baseline,0.07918954,0.040400013
Sievierodonetsk,s2__qa__cloud_freq__postbattle,0.04722345,0.023895027
Sievierodonetsk,s2__visibility__clear__freq__postbattle,0.016956687,0.008514471
Sievierodonetsk,s2__visibility__cloud__freq__postbattle,0.09507775,0.048706006
Sievierodonetsk,s2__visibility__fire__freq__postbattle,0.012539148,0.00628938
Sievierodonetsk,s2__qa__cloud_freq__prebattle,7.665157e-05,3.8385304e-05
Sievierodonetsk,s2__visibility__clear__freq__prebattle,5.1379204e-05,2.5701354e-05
Sievierodonetsk,s2__visibility__cloud__freq__prebattle,0.001085639,0.0005429616
Sievierodonetsk,s2__visibility__fire__freq__prebattle,0.3863101,0.21462373
Sievierodonetsk,s2__visibility__smoke__freq__prebattle,0.08735967,0.044662464
Sievierodonetsk,s2__composite__b02__prebattle_baseline,0.048229814,0.02441042
Sievierodonetsk,s2__composite__b03__prebattle_baseline,0.047180057,0.023872752
Sievierodonetsk,s2__composite__b04__prebattle_baseline,0.03827083,0.019320944
Sievierodonetsk,s2__composite__b05__prebattle_baseline,0.029724836,0.014973971
Sievierodonetsk,s2__composite__b07__prebattle_baseline,0.025584817,0.012874947
Sievierodonetsk,s2__composite__b08__prebattle_baseline,0.026319504,0.013247071
Sievierodonetsk,s2__composite__b11__prebattle_baseline,0.04370475,0.022094624
Sievierodonetsk,s2__composite__b12__prebattle_baseline,0.02859366,0.014399948
Sievierodonetsk,s2__composite__b8a__prebattle_baseline,0.036327958,0.018330952
Sievierodonetsk,s2__composite__cire__prebattle_baseline,0.096199036,0.049294718
Sievierodonetsk,s2__composite__mndwi__prebattle_baseline,0.11528671,0.059371524
Sievierodonetsk,s2__composite__ndbi__prebattle_baseline,0.001760602,0.0008807427
Sievierodonetsk,s2__composite__ndre__prebattle_baseline,0.09486532,0.04859447
Sievierodonetsk,s2__composite__ndvi__prebattle_baseline,0.15117252,0.07859555
Sievierodonetsk,s2__composite__ndwi__prebattle_baseline,0.1397295,0.07242524
Sievierodonetsk,s2__obs_count__prebattle_baseline,0.00011563301,5.778129e-05
Sievierodonetsk,s2__composite__b02__winter_baseline,0.0382787,0.019324891
Sievierodonetsk,s2__composite__b03__winter_baseline,0.037382722,0.018868227
Sievierodonetsk,s2__composite__b04__winter_baseline,0.03053379,0.015384724
Sievierodonetsk,s2__composite__b05__winter_baseline,0.021987438,0.011054577
Sievierodonetsk,s2__composite__b07__winter_baseline,0.023913026,0.012028528
Sievierodonetsk,s2__composite__b08__winter_baseline,0.026700377,0.013440061
Sievierodonetsk,s2__composite__b11__winter_baseline,0.0457561,0.023143834
Sievierodonetsk,s2__composite__b12__winter_baseline,0.028071165,0.014135033
Sievierodonetsk,s2__composite__b8a__winter_baseline,0.035669565,0.017995685
Sievierodonetsk,s2__composite__cire__winter_baseline,0.08529401,0.043583132
Sievierodonetsk,s2__composite__mndwi__winter_baseline,0.106631994,0.05478988
Sievierodonetsk,s2__composite__ndbi__winter_baseline,0.0015039444,0.00075226405
Sievierodonetsk,s2__composite__ndre__winter_baseline,0.080471516,0.041067608
Sievierodonetsk,s2__composite__ndvi__winter_baseline,0.14260757,0.073973544
Sievierodonetsk,s2__composite__ndwi__winter_baseline,0.13120961,0.06785587
Sievierodonetsk,s2__obs_count__winter_baseline,0.0001347065,6.73167e-05
Sievierodonetsk,s2__composite__b02__delta,0.06715286,0.034153063
Sievierodonetsk,s2__composite__b03__delta,0.05255115,0.026626945
Sievierodonetsk,s2__composite__b04__delta,0.06029892,0.03061327
Sievierodonetsk,s2__composite__b05__delta,0.051882386,0.026283571
Sievierodonetsk,s2__composite__b07__delta,0.07704961,0.039286442
Sievierodonetsk,s2__composite__b08__delta,0.055444956,0.028113928
Sievierodonetsk,s2__composite__b11__delta,0.13016474,0.06729682
Sievierodonetsk,s2__composite__b12__delta,0.13732874,0.07113554
Sievierodonetsk,s2__composite__b8a__delta,0.07222402,0.03678018
Sievierodonetsk,s2__composite__cire__delta,0.13303447,0.06883275
Sievierodonetsk,s2__composite__mndwi__delta,0.0139142275,0.0069814897
Sievierodonetsk,s2__composite__ndbi__delta,0.08686602,0.044404406
Sievierodonetsk,s2__composite__ndre__delta,0.08355868,0.04267724
Sievierodonetsk,s2__composite__ndvi__delta,0.14610183,0.07585663
Sievierodonetsk,s2__composite__ndwi__delta,0.066590786,0.033862293
Sievierodonetsk,s2__obs_count__delta,0.0001232624,6.159229e-05
Sievierodonetsk,s1__coh__running_min,0.003878355,0.0019409972
Sievierodonetsk,s1__coh__drop_count,0.04024291,0.020326648
Sievierodonetsk,s1__coh__date_first_drop,0.025022268,0.012590083
Sievierodonetsk,s1__coh__date_worst_drop,0.025794506,0.01298113
Sievierodonetsk,s1__coh__max_drop,0.0037333965,0.0018683854
Sievierodonetsk,s1__coh__scenes_observed,0.016123295,0.008094347
Sievierodonetsk,s1__coh__lu_transition,0.027576685,0.013884306
Volnovakha,s2__composite__b02__post_winter_baseline,0.0038689375,0.0019363647
Volnovakha,s2__composite__b03__post_winter_baseline,0.0033744574,0.0016886791
Volnovakha,s2__composite__b04__post_winter_baseline,0.0038166046,0.0019100981
Volnovakha,s2__composite__b05__post_winter_baseline,0.045799494,0.023166023
Volnovakha,s2__composite__b07__post_winter_baseline,0.02548027,0.012821984
Volnovakha,s2__composite__b08__post_winter_baseline,0.0008738041,0.00043703848
Volnovakha,s2__composite__b11__post_winter_baseline,0.20206821,0.1065102
Volnovakha,s2__composite__b12__post_winter_baseline,0.13434267,0.06953375
Volnovakha,s2__composite__b8a__post_winter_baseline,0.011107326,0.00556915
Volnovakha,s2__composite__cire__post_winter_baseline,0.006290078,0.0031500685
Volnovakha,s2__composite__mndwi__post_winter_baseline,0.002004385,0.001002693
Volnovakha,s2__composite__ndbi__post_winter_baseline,0.0062459707,0.0031278892
Volnovakha,s2__composite__ndre__post_winter_baseline,0.007305622,0.0036595392
Volnovakha,s2__composite__ndvi__post_winter_baseline,0.0033336878,0.0016683028
Volnovakha,s2__composite__ndwi__post_winter_baseline,0.0028448105,0.00142333
Volnovakha,s2__obs_count__post_winter_baseline,0.4059298,0.22685663
Volnovakha,s2__qa__cloud_freq__postbattle,0.24347234,0.1298083
Volnovakha,s2__visibility__clear__freq__postbattle,0.12440634,0.064221956
Volnovakha,s2__visibility__cloud__freq__postbattle,0.15105617,0.078532584
Volnovakha,s2__qa__cloud_freq__prebattle,0.06423581,0.032644972
Volnovakha,s2__visibility__clear__freq__prebattle,0.049455166,0.025038406
Volnovakha,s2__visibility__cloud__freq__prebattle,0.051095486,0.025879795
Volnovakha,s2__composite__b02__prebattle_baseline,0.22928941,0.12176624
Volnovakha,s2__composite__b03__prebattle_baseline,0.19580626,0.103033386
Volnovakha,s2__composite__b04__prebattle_baseline,0.16328716,0.085169666
Volnovakha,s2__composite__b05__prebattle_baseline,0.116746545,0.060146417
Volnovakha,s2__composite__b07__prebattle_baseline,0.13140821,0.067962125
Volnovakha,s2__composite__b08__prebattle_baseline,0.2046448,0.107944295
Volnovakha,s2__composite__b11__prebattle_baseline,0.08111119,0.04140085
Volnovakha,s2__composite__b12__prebattle_baseline,0.04441166,0.022456098
Volnovakha,s2__composite__b8a__prebattle_baseline,0.08971536,0.045894917
Volnovakha,s2__composite__cire__prebattle_baseline,0.018715262,0.009401707
Volnovakha,s2__composite__mndwi__prebattle_baseline,0.014869332,0.0074623865
Volnovakha,s2__composite__ndbi__prebattle_baseline,0.018992066,0.009541351
Volnovakha,s2__composite__ndre__prebattle_baseline,0.012483001,0.006261106
Volnovakha,s2__composite__ndvi__prebattle_baseline,0.00034427643,0.00017218213
Volnovakha,s2__composite__ndwi__prebattle_baseline,0.00024664402,0.00012329474
Volnovakha,s2__obs_count__prebattle_baseline,0.065407634,0.033250548
Volnovakha,s2__composite__b02__winter_baseline,0.22928941,0.12176624
Volnovakha,s2__composite__b03__winter_baseline,0.19580626,0.103033386
Volnovakha,s2__composite__b04__winter_baseline,0.16328716,0.085169666
Volnovakha,s2__composite__b05__winter_baseline,0.116746545,0.060146417
Volnovakha,s2__composite__b07__winter_baseline,0.13140821,0.067962125
Volnovakha,s2__composite__b08__winter_baseline,0.2046448,0.107944295
Volnovakha,s2__composite__b11__winter_baseline,0.08111119,0.04140085
Volnovakha,s2__composite__b12__winter_baseline,0.04441166,0.022456098
Volnovakha,s2__composite__b8a__winter_baseline,0.08971536,0.045894917
Volnovakha,s2__composite__cire__winter_baseline,0.018715262,0.009401707
Volnovakha,s2__composite__mndwi__winter_baseline,0.014869332,0.0074623865
Volnovakha,s2__composite__ndbi__winter_baseline,0.018992066,0.009541351
Volnovakha,s2__composite__ndre__winter_baseline,0.012483001,0.006261106
Volnovakha,s2__composite__ndvi__winter_baseline,0.00034427643,0.00017218213
Volnovakha,s2__composite__ndwi__winter_baseline,0.00024664402,0.00012329474
Volnovakha,s2__obs_count__winter_baseline,0.065407634,0.033250548
Volnovakha,s2__composite__b02__delta,0.19005024,0.099848144
Volnovakha,s2__composite__b03__delta,0.16395473,0.08553331
Volnovakha,s2__composite__b04__delta,0.1447326,0.07511836
Volnovakha,s2__composite__b05__delta,0.003775239,0.0018893512
Volnovakha,s2__composite__b07__delta,0.003520012,0.0017615105
Volnovakha,s2__composite__b08__delta,0.08888972,0.045462776
Volnovakha,s2__composite__b11__delta,0.08028662,0.040971328
Volnovakha,s2__composite__b12__delta,0.07055318,0.035913825
Volnovakha,s2__composite__b8a__delta,0.00841403,0.004215895
Volnovakha,s2__composite__cire__delta,0.03064251,0.015439829
Volnovakha,s2__composite__mndwi__delta,0.026483178,0.013330072
Volnovakha,s2__composite__ndbi__delta,0.024811268,0.012483243
Volnovakha,s2__composite__ndre__delta,0.037885666,0.01912453
Volnovakha,s2__composite__ndvi__delta,0.018609405,0.009348206
Volnovakha,s2__composite__ndwi__delta,0.03823781,0.019304097
Volnovakha,s2__obs_count__delta,0.10010302,0.051347546
Volnovakha,s1__coh__running_min,0.007270217,0.0036417097
Volnovakha,s1__coh__drop_count,0.12826085,0.066279136
Volnovakha,s1__coh__date_first_drop,0.06621659,0.033668842
Volnovakha,s1__coh__date_worst_drop,0.045072317,0.022794038
Volnovakha,s1__coh__max_drop,0.009495378,0.004759002
Volnovakha,s1__coh__scenes_observed,0.008751154,0.004385241
Volnovakha,s1__coh__lu_transition,0.19761324,0.104035355
